model,object_id,target_band,n_train_target_band,n_train_other_bands,n_heldout_target_band,heldout_indices,rmse,nrmse,crps,ncrps,object_flux_scale,nlpd,coverage_1sigma,coverage_2sigma,coverage_3sigma,z_score_mean,z_score_std,pit,notes,shuffle_repeat
single_band_gp,21846282,r,16,0,4,[ 5  9 11 14],20.975314767047692,2.7055172936183687,12.381820187158421,1.5970787096581531,7.752792716026306,5.71802539644734,0.25,0.5,0.75,-1.3535107088490779,2.061088832435301,[4.94400896e-01 1.20994976e-02 1.08746662e-05 8.64351092e-01],,
mogp_target_only,21846282,r,16,0,4,[ 5  9 11 14],20.97531409283473,2.705517206654485,12.381819392827143,1.5970786072007153,7.752792716026306,5.718024785599357,0.25,0.5,0.75,-1.3535107293182866,2.0610885264330223,[4.94400702e-01 1.20995061e-02 1.08746839e-05 8.64351042e-01],,
mogp_real_wavelength,21846282,r,16,24,4,[ 5  9 11 14],2.713156833373941,0.34995864493647516,2.591722926654538,0.3342953980050334,7.752792716026306,3.0686776457545024,1.0,1.0,1.0,0.17743366223085488,0.5123088852523483,[0.33227809 0.61150439 0.46477974 0.82856835],,
mogp_independent_band_control,21846282,r,16,24,4,[ 5  9 11 14],19.47742055377157,2.5123102431861124,11.796538313556223,1.5215856718535534,7.752792716026306,5.815698839542178,0.25,0.5,0.75,-1.4186212974975656,2.090655272907607,[5.00482247e-01 5.51010484e-03 1.18005514e-05 8.63053385e-01],Approximate independent-band control: wavelength length scale set near zero.,
mogp_shuffled_wavelength_control_seed0,21846282,r,16,24,4,[ 5  9 11 14],5.122358923375182,0.660711450828089,3.003972836524915,0.3874697733521504,7.752792716026306,3.097410755963331,1.0,1.0,1.0,0.04445792602373433,0.6068849389874718,[0.31987361 0.56325564 0.30697763 0.83917942],,0.0
mogp_shuffled_wavelength_control_seed1,21846282,r,16,24,4,[ 5  9 11 14],4.016619190314652,0.5180867511150705,2.7631239157598886,0.3564036879314539,7.752792716026306,3.0744884044583625,1.0,1.0,1.0,0.07885945081984205,0.5703979434964738,[0.32172558 0.56152023 0.36065097 0.8365091 ],,1.0
mogp_shuffled_wavelength_control_seed2,21846282,r,16,24,4,[ 5  9 11 14],5.6582440078809135,0.7298330053613308,3.1255877318186562,0.40315636523565873,7.752792716026306,3.10361248116728,1.0,1.0,1.0,0.034938706094516936,0.6290683639234532,[0.31888534 0.57471058 0.28204274 0.84109704],,2.0
mogp_shuffled_wavelength_control_seed3,21846282,r,16,24,4,[ 5  9 11 14],4.877419435101488,0.6291177403749044,2.951406306826894,0.3806894386233039,7.752792716026306,3.09195712036507,1.0,1.0,1.0,0.06967658279119268,0.6041451791360801,[0.3188422  0.59139096 0.31843073 0.83906251],,3.0
mogp_shuffled_wavelength_control_seed4,21846282,r,16,24,4,[ 5  9 11 14],4.286687414992404,0.5529217111830051,2.8235144847890425,0.3641932124603784,7.752792716026306,3.0811805695907166,1.0,1.0,1.0,0.07109496898049672,0.5759461847014907,[0.32339913 0.56177852 0.34744693 0.83629325],,4.0
same_total_train_budget_existing,21846282,r,2,14,4,[ 5  9 11 14],20.539488249729352,2.6493018712174297,11.03626069767987,1.4235206720884066,7.752792716026306,8.509687391548448,0.5,0.5,0.75,2.1904492028852696,2.713013900170465,[0.40793032 0.53382643 1.         0.99055494],"Fixed-total-budget comparison, not an isolated cross-band covariance test.",
single_band_gp,114421739,r,13,0,4,[ 7  8 12 16],4.955079323012828,0.20418011699116456,2.7526103578336576,0.1134246836944355,24.26817750930786,2.916004177497615,0.75,1.0,1.0,-0.21911554076667847,0.7997903723220293,[0.74021117 0.13393697 0.6946426  0.17838423],,
mogp_target_only,114421739,r,13,0,4,[ 7  8 12 16],4.955079503641506,0.20418012443419065,2.7526104752522946,0.11342468853281436,24.26817750930786,2.916004206434909,0.75,1.0,1.0,-0.21911555492579754,0.799790437002848,[0.74021116 0.13393693 0.69464265 0.17838425],,
mogp_real_wavelength,114421739,r,13,19,4,[ 7  8 12 16],7.622137150269224,0.3140795038006383,4.3379621147739,0.17875104601942646,24.26817750930786,3.4894432803091275,0.5,0.75,1.0,-0.9572216816791965,1.0821714253180763,[0.31390286 0.00600761 0.66931893 0.10197016],,
mogp_independent_band_control,114421739,r,13,19,4,[ 7  8 12 16],5.856829587403735,0.24133784191900673,3.2544016906850417,0.13410161061484088,24.26817750930786,3.0374900386715624,0.5,1.0,1.0,-0.3973468875307682,0.9307714469803263,[0.67243242 0.06661237 0.72533667 0.12854608],Approximate independent-band control: wavelength length scale set near zero.,
mogp_shuffled_wavelength_control_seed0,114421739,r,13,19,4,[ 7  8 12 16],7.679301171674607,0.31643501736911533,4.370222211167894,0.18008036283283863,24.26817750930786,3.515086164448997,0.5,0.75,1.0,-0.9553895349198234,1.1057376956420522,[0.31994739 0.00524643 0.67598732 0.10545447],,0.0
mogp_shuffled_wavelength_control_seed1,114421739,r,13,19,4,[ 7  8 12 16],7.859464807123709,0.323858880796025,4.512599624888972,0.18594719867852466,24.26817750930786,3.5861577555924606,0.5,0.75,1.0,-1.0093428246275475,1.1260220280337092,[0.28954549 0.00413604 0.67302075 0.09849581],,1.0
mogp_shuffled_wavelength_control_seed2,114421739,r,13,19,4,[ 7  8 12 16],7.769080919128088,0.3201345019068004,4.425737062722161,0.1823679203361977,24.26817750930786,3.5313459798906175,0.5,0.75,1.0,-0.9679873992886436,1.1059977064770166,[0.32358318 0.00511773 0.66891288 0.09967786],,2.0
mogp_shuffled_wavelength_control_seed3,114421739,r,13,19,4,[ 7  8 12 16],7.530509459563014,0.31030387249618346,4.241114285912025,0.17476031252389598,24.26817750930786,3.4483703748503896,0.5,0.75,1.0,-0.892165508870775,1.0977297393028176,[0.40070836 0.00654271 0.66599096 0.10301063],,3.0
mogp_shuffled_wavelength_control_seed4,114421739,r,13,19,4,[ 7  8 12 16],7.936627307587586,0.3270384562064274,4.552399585892319,0.18758720485484678,24.26817750930786,3.5961567700066177,0.5,0.75,1.0,-1.0111979509299758,1.1241657585612075,[0.29380645 0.00409992 0.66807602 0.09794124],,4.0
same_total_train_budget_existing,114421739,r,3,10,4,[ 7  8 12 16],8.915825516592816,0.3673875186207627,5.000636117171302,0.20605734053384722,24.26817750930786,3.4900053251973837,0.5,1.0,1.0,-0.9445519644900504,0.8575538174539891,[0.53365241 0.02720174 0.38582742 0.04959009],"Fixed-total-budget comparison, not an isolated cross-band covariance test.",
single_band_gp,30652072,r,18,0,5,[ 2  4  6  9 15],3.316675385877024,0.5222630187873352,1.94242268026619,0.30586518568459664,6.350584411621091,2.6900051962115095,0.8,1.0,1.0,-0.1748056107313165,0.6472792818194284,[0.19431475 0.84610824 0.29029501 0.46369384 0.34895199],,
mogp_target_only,30652072,r,18,0,5,[ 2  4  6  9 15],3.316674844686628,0.5222629335683442,1.9424224005459299,0.3058651416382157,6.350584411621091,2.690005076589791,0.8,1.0,1.0,-0.17480559283407007,0.6472792658358938,[0.19431473 0.84610822 0.29029496 0.46369388 0.3489521 ],,
mogp_real_wavelength,30652072,r,18,27,5,[ 2  4  6  9 15],3.3443604153464657,0.5266224647335666,1.9232809921710903,0.30285102401782593,6.350584411621091,2.6436420462182904,0.8,1.0,1.0,-0.13470246229219882,0.73028883278037,[0.2416435  0.90080652 0.32442478 0.42092337 0.27300341],,
mogp_independent_band_control,30652072,r,18,27,5,[ 2  4  6  9 15],3.2650917956590675,0.5141403663077362,1.9055995804243895,0.3000668059678548,6.350584411621091,2.6665805178792388,0.8,1.0,1.0,-0.1809305222798633,0.6412387260067517,[0.19161373 0.84250638 0.29836168 0.45542245 0.34590179],Approximate independent-band control: wavelength length scale set near zero.,
mogp_shuffled_wavelength_control_seed0,30652072,r,18,27,5,[ 2  4  6  9 15],2.9673158695227997,0.46725083507162507,1.8801061174410054,0.2960524568416968,6.350584411621091,2.7635624609284966,1.0,1.0,1.0,-0.05218203518126456,0.4408168980925987,[0.43059511 0.73659529 0.2649026  0.59222495 0.3730055 ],,0.0
mogp_shuffled_wavelength_control_seed1,30652072,r,18,27,5,[ 2  4  6  9 15],2.9555972223446125,0.46540554865093864,1.8750455943857722,0.29525559741471663,6.350584411621091,2.7620202411280386,1.0,1.0,1.0,-0.050549232927247875,0.43927351987595104,[0.43031921 0.73711248 0.26808428 0.59244319 0.37188298],,1.0
mogp_shuffled_wavelength_control_seed2,30652072,r,18,27,5,[ 2  4  6  9 15],3.1947725907669984,0.5030674948467427,2.0636620017523013,0.32495623520505534,6.350584411621091,2.87321164665257,1.0,1.0,1.0,-0.015293767349200182,0.4995530709024108,[0.39818828 0.81632236 0.382361   0.53956616 0.30155865],,2.0
mogp_shuffled_wavelength_control_seed3,30652072,r,18,27,5,[ 2  4  6  9 15],2.9505302701558884,0.46460767685516313,1.87713284654201,0.2955842682930091,6.350584411621091,2.7640139031116115,1.0,1.0,1.0,-0.0545910645839829,0.4383787026684007,[0.42357697 0.73530836 0.26855387 0.59289494 0.37184994],,3.0
mogp_shuffled_wavelength_control_seed4,30652072,r,18,27,5,[ 2  4  6  9 15],2.965890520242964,0.46702639127441686,1.8834033629007052,0.29657166031117055,6.350584411621091,2.767793464293871,1.0,1.0,1.0,-0.050573955534103966,0.4386836423357444,[0.43347091 0.73649599 0.26618964 0.59072888 0.37336746],,4.0
same_total_train_budget_existing,30652072,r,2,16,5,[ 2  4  6  9 15],3.847019587508064,0.6057741048947098,2.2579552302376786,0.35555077830408655,6.350584411621091,2.841038338676164,0.8,1.0,1.0,0.1510069123436039,0.6516452959923849,[0.40933533 0.88510173 0.26916648 0.42946786 0.71785172],"Fixed-total-budget comparison, not an isolated cross-band covariance test.",
single_band_gp,107732897,r,18,0,5,[ 1  3  4 14 22],84.20201346402453,14.01270966815075,247.00359051834067,41.105781899183455,6.008974385261536,7.820909310526821,1.0,1.0,1.0,-0.028084160930391962,0.048581568625558964,[0.50069786 0.49613252 0.49886843 0.49813738 0.45027356],,
mogp_target_only,107732897,r,18,0,5,[ 1  3  4 14 22],84.20199681125168,14.012706896833752,247.00364171252863,41.10579041880506,6.008974385261536,7.820909747686498,1.0,1.0,1.0,-0.028084152004561786,0.048581562032333256,[0.50069786 0.49613252 0.49886843 0.49813737 0.45027357],,
mogp_real_wavelength,107732897,r,18,27,5,[ 1  3  4 14 22],45.64585480464049,7.596280476182092,146.8707559656844,24.441900821864124,6.008974385261536,7.273942202454782,1.0,1.0,1.0,-0.04584569301373766,0.07525004721196447,[0.50005979 0.49122249 0.49577075 0.49949568 0.4224972 ],,
mogp_independent_band_control,107732897,r,18,27,5,[ 1  3  4 14 22],53.30163592284517,8.870338348184731,275.54532210808816,45.855632665689136,6.008974385261536,7.958088050055319,1.0,1.0,1.0,0.01461461176541234,0.03395227635873327,[0.50054841 0.49701958 0.49901023 0.49975487 0.53278189],Approximate independent-band control: wavelength length scale set near zero.,
mogp_shuffled_wavelength_control_seed0,107732897,r,18,27,5,[ 1  3  4 14 22],62.99022227056274,10.482691093685057,154.06981547400704,25.639952110946012,6.008974385261536,7.213245397806294,1.0,1.0,1.0,-0.06483935634027027,0.10635712781025768,[0.49732825 0.48705821 0.49605175 0.50048582 0.39113021],,0.0
mogp_shuffled_wavelength_control_seed1,107732897,r,18,27,5,[ 1  3  4 14 22],64.3844133643847,10.714709239284337,152.62046815134227,25.398754989816716,6.008974385261536,7.1999563597073575,1.0,1.0,1.0,-0.06780620496016834,0.11153898357885816,[0.4974205  0.48660547 0.49586523 0.50042358 0.38603016],,1.0
mogp_shuffled_wavelength_control_seed2,107732897,r,18,27,5,[ 1  3  4 14 22],64.35147917551961,10.709228405658909,151.30305423691468,25.179513929701887,6.008974385261536,7.1873124165050895,1.0,1.0,1.0,-0.06844128178183002,0.11228358022740034,[0.49768397 0.48608186 0.49566982 0.50041808 0.38525806],,2.0
mogp_shuffled_wavelength_control_seed3,107732897,r,18,27,5,[ 1  3  4 14 22],63.4510523744221,10.559381402931448,152.5276346350755,25.38330584486871,6.008974385261536,7.199553802779464,1.0,1.0,1.0,-0.06647012243734242,0.10860602449593063,[0.49674125 0.48692489 0.49599729 0.50046433 0.38876774],,3.0
mogp_shuffled_wavelength_control_seed4,107732897,r,18,27,5,[ 1  3  4 14 22],63.71970393242282,10.60408979088192,152.48045493580872,25.375454305447523,6.008974385261536,7.198086078584259,1.0,1.0,1.0,-0.06683703839608804,0.10948686075359355,[0.49705588 0.48679545 0.49594426 0.50043979 0.38796139],,4.0
same_total_train_budget_existing,107732897,r,5,13,5,[ 1  3  4 14 22],87.00530571582111,14.47922725868539,360.3973986359864,59.97652436661209,6.008974385261536,8.199136959497421,1.0,1.0,1.0,0.02026101534120285,0.04550407283484623,[0.49649815 0.49856434 0.49919881 0.50193    0.54413322],"Fixed-total-budget comparison, not an isolated cross-band covariance test.",
single_band_gp,121186562,r,20,0,6,[11 14 20 22 23 25],35.84790831328518,0.7804822632719074,17.681854352615943,0.38497012387357393,45.93045864105223,4.698037574061426,0.8333333333333334,1.0,1.0,0.14153893248063185,0.7781925697289108,[0.22314438 0.47173585 0.4204208  0.36806108 0.72061631 0.94896439],,
mogp_target_only,121186562,r,20,0,6,[11 14 20 22 23 25],35.84790545789086,0.7804822011041345,17.681852476929716,0.3849700830360495,45.93045864105223,4.698037464926025,0.8333333333333334,1.0,1.0,0.14153903150910316,0.7781925612999209,[0.2231445  0.47173583 0.42042082 0.36806108 0.72061633 0.94896441],,
mogp_real_wavelength,121186562,r,20,26,6,[11 14 20 22 23 25],36.38130493029893,0.7920953982763335,17.92285565839263,0.3902172150829198,45.93045864105223,4.684315933718762,0.8333333333333334,1.0,1.0,0.23828036036147773,0.7104240465553554,[0.28451886 0.5055458  0.8040053  0.29887355 0.60014469 0.91971484],,
mogp_independent_band_control,121186562,r,20,26,6,[11 14 20 22 23 25],35.8951329205743,0.7815104395341602,17.80673460151203,0.38768902223842655,45.93045864105223,4.723264200078447,0.8333333333333334,1.0,1.0,0.13078509107879657,0.7238939174479014,[0.2380511  0.47414958 0.42779838 0.37386083 0.70916722 0.93509007],Approximate independent-band control: wavelength length scale set near zero.,
mogp_shuffled_wavelength_control_seed0,121186562,r,20,26,6,[11 14 20 22 23 25],37.526701824790315,0.817033030696743,18.119101933125446,0.39448989775448823,45.93045864105223,4.625490830058615,0.8333333333333334,1.0,1.0,0.17611065501142806,0.7800194154251562,[0.24719902 0.53503719 0.74169197 0.2255722  0.59261109 0.93608652],,0.0
mogp_shuffled_wavelength_control_seed1,121186562,r,20,26,6,[11 14 20 22 23 25],36.30887216632042,0.7905183888990795,17.633291137275496,0.38391280337695166,45.93045864105223,4.642962088903572,0.8333333333333334,1.0,1.0,0.21286938003091496,0.7103674788244567,[0.27416272 0.51526318 0.74471854 0.29254193 0.60474072 0.92807379],,1.0
mogp_shuffled_wavelength_control_seed2,121186562,r,20,26,6,[11 14 20 22 23 25],36.40797574023159,0.7926760763431713,17.847619612112183,0.38857917251799745,45.93045864105223,4.666897128426979,0.8333333333333334,1.0,1.0,0.24072333611205857,0.7247737474216325,[0.2757393  0.51573476 0.79527392 0.29484913 0.60453739 0.92643454],,2.0
mogp_shuffled_wavelength_control_seed3,121186562,r,20,26,6,[11 14 20 22 23 25],36.49220141722115,0.7945098415499982,17.634748635291896,0.3839445360889585,45.93045864105223,4.62392538591531,0.8333333333333334,1.0,1.0,0.20844537437730368,0.737059498303,[0.26778418 0.51313904 0.75317652 0.27325802 0.60282289 0.9325517 ],,3.0
mogp_shuffled_wavelength_control_seed4,121186562,r,20,26,6,[11 14 20 22 23 25],36.31393247804203,0.7906285622322299,17.875896459539916,0.389194817305016,45.93045864105223,4.683417493319683,0.8333333333333334,1.0,1.0,0.236580803143933,0.6956007699891562,[0.28803797 0.50611972 0.79895296 0.30569789 0.60051205 0.91602059],,4.0
same_total_train_budget_existing,121186562,r,5,15,6,[11 14 20 22 23 25],41.74655843459993,0.9089079375594833,23.164138254498976,0.5043306542076433,45.93045864105223,5.030985910207172,0.5,1.0,1.0,-0.3157906993900146,1.0478091790126451,[0.16668254 0.67930867 0.08839969 0.08146735 0.44265108 0.93280899],"Fixed-total-budget comparison, not an isolated cross-band covariance test.",
single_band_gp,10905347,r,19,0,5,[ 0 11 13 17 18],3.1290511770171214,0.3933456016754513,1.9936827027178576,0.2506211237484674,7.954966735839837,2.7218745521228582,0.4,1.0,1.0,-0.582171292498866,0.7365409516186685,[0.6755165  0.56313632 0.14993441 0.09861996 0.1153009 ],,
mogp_target_only,10905347,r,19,0,5,[ 0 11 13 17 18],3.1290506027083724,0.39334552948046064,1.9936824708466676,0.2506210946004901,7.954966735839837,2.721874489038657,0.4,1.0,1.0,-0.5821712644219015,0.7365407932931316,[0.67551634 0.56313637 0.14993453 0.09861996 0.11530089],,
mogp_real_wavelength,10905347,r,19,27,5,[ 0 11 13 17 18],3.234068254197459,0.4065470493580921,2.0274814450287764,0.2548698834772346,7.954966735839837,2.722062314674573,0.4,1.0,1.0,-0.5450116435598912,0.7675187471176557,[0.72065069 0.56879963 0.14071694 0.10614109 0.12328224],,
mogp_independent_band_control,10905347,r,19,27,5,[ 0 11 13 17 18],3.0841911747767945,0.3877063571971284,1.9861937140970014,0.24967970075204987,7.954966735839837,2.726135612225213,0.4,1.0,1.0,-0.593453328357874,0.7135519902427799,[0.65004061 0.56192104 0.15066049 0.1010735  0.11517165],Approximate independent-band control: wavelength length scale set near zero.,
mogp_shuffled_wavelength_control_seed0,10905347,r,19,27,5,[ 0 11 13 17 18],3.579118939260465,0.44992255255264796,2.74269856981312,0.34477813181245975,7.954966735839837,3.0796184041823733,0.6,1.0,1.0,-0.4989067981369466,0.6037544137489633,[0.59282161 0.56072877 0.10945159 0.27747036 0.14404121],,0.0
mogp_shuffled_wavelength_control_seed1,10905347,r,19,27,5,[ 0 11 13 17 18],3.7322673720666932,0.46917447878839724,2.7618536667932236,0.3471860736199099,7.954966735839837,3.0739982279500095,0.6,1.0,1.0,-0.4631146290785118,0.6692904283541323,[0.59503529 0.63962586 0.10032604 0.29483556 0.136859  ],,1.0
mogp_shuffled_wavelength_control_seed2,10905347,r,19,27,5,[ 0 11 13 17 18],3.5001637387725286,0.43999728157291945,2.437054522153992,0.306356343537457,7.954966735839837,2.9479587281415514,0.6,1.0,1.0,-0.5597550807688462,0.6766152740641806,[0.61806998 0.57506143 0.09571941 0.2061642  0.12255097],,2.0
mogp_shuffled_wavelength_control_seed3,10905347,r,19,27,5,[ 0 11 13 17 18],3.622502812951424,0.4553762364122547,2.737212054689161,0.3440884350096761,7.954966735839837,3.073301312519431,0.6,1.0,1.0,-0.5087630691676184,0.6119789453405357,[0.59508931 0.5669158  0.10643481 0.25306204 0.14861294],,3.0
mogp_shuffled_wavelength_control_seed4,10905347,r,19,27,5,[ 0 11 13 17 18],3.721852418523719,0.4678652396817079,2.7591036213099764,0.34684037192503575,7.954966735839837,3.0830051768148152,0.6,1.0,1.0,-0.5004747756399721,0.6602003491275081,[0.59796871 0.60564223 0.09343182 0.27063993 0.13837424],,4.0
same_total_train_budget_existing,10905347,r,4,15,5,[ 0 11 13 17 18],5.976107180189185,0.7512422589103717,2.850529254930602,0.3583332714752905,7.954966735839837,2.8791768663966146,1.0,1.0,1.0,0.20726563572089626,0.680226576769075,[0.81622048 0.80311276 0.54752835 0.16419886 0.55583119],"Fixed-total-budget comparison, not an isolated cross-band covariance test.",
single_band_gp,16775731,r,17,0,5,[ 6  7  9 19 20],3.142467427263827,0.5119448535020507,5.772410569313131,0.9403934811295017,6.138292837142935,3.9370876112352406,1.0,1.0,1.0,-0.12937336610233613,0.2223390688853186,[0.48555555 0.54001567 0.29480377 0.49882858 0.43298324],,
mogp_target_only,16775731,r,17,0,5,[ 6  7  9 19 20],3.1424685163923747,0.5119450309338833,5.772409261048247,0.940393267997786,6.138292837142935,3.937087403715357,1.0,1.0,1.0,-0.12937348038056382,0.2223392419053792,[0.48555555 0.54001568 0.29480361 0.49882857 0.43298319],,
mogp_real_wavelength,16775731,r,17,25,5,[ 6  7  9 19 20],5.760131474384961,0.9383930723425719,4.966685902650707,0.8091314693553213,6.138292837142935,3.763668514000475,0.8,1.0,1.0,-0.23894413188198343,0.5932836305385594,[0.53156493 0.6384249  0.08701474 0.49492804 0.39893943],,
mogp_independent_band_control,16775731,r,17,25,5,[ 6  7  9 19 20],4.514830391759785,0.7355188993982911,5.118037257695582,0.8337883827774124,6.138292837142935,3.8113192724743272,0.8,1.0,1.0,-0.2464822427832068,0.4708775411714751,[0.480991   0.57578354 0.12500262 0.49952064 0.41125233],Approximate independent-band control: wavelength length scale set near zero.,
mogp_shuffled_wavelength_control_seed0,16775731,r,17,25,5,[ 6  7  9 19 20],2.7329178224323414,0.4452244125427513,4.803600392435404,0.7825629242333829,6.138292837142935,3.7684138148688193,1.0,1.0,1.0,-0.09881784689880282,0.18747841967065162,[0.51157624 0.54253721 0.33935231 0.4942465  0.42023801],,0.0
mogp_shuffled_wavelength_control_seed1,16775731,r,17,25,5,[ 6  7  9 19 20],3.3317852468820965,0.5427869499352321,9.253504554952652,1.5075045783022125,6.138292837142935,4.383500622080736,1.0,1.0,1.0,0.04643888028466202,0.11234923768110079,[0.50697737 0.53650377 0.59272057 0.49552997 0.46006516],,1.0
mogp_shuffled_wavelength_control_seed2,16775731,r,17,25,5,[ 6  7  9 19 20],6.2755461241896,1.0223601725574483,12.513041011660217,2.0385213517256053,6.138292837142935,4.712302962474078,0.8,1.0,1.0,0.22896763477631138,0.4729315707953368,[0.50584917 0.51915718 0.87922423 0.4962272  0.46830839],,2.0
mogp_shuffled_wavelength_control_seed3,16775731,r,17,25,5,[ 6  7  9 19 20],4.249331851045773,0.6922660687240236,10.308567075657306,1.6793866550777696,6.138292837142935,4.48971073414521,1.0,1.0,1.0,0.11582389273755218,0.23676450094303855,[0.5065822  0.5358098  0.71732279 0.49576342 0.46352776],,3.0
mogp_shuffled_wavelength_control_seed4,16775731,r,17,25,5,[ 6  7  9 19 20],2.7614118154070195,0.4498664186722504,4.888637870603374,0.7964165282278693,6.138292837142935,3.7845146485761547,1.0,1.0,1.0,-0.09933144939042231,0.18913646157874042,[0.51129434 0.54270443 0.33711158 0.49424689 0.42174136],,4.0
same_total_train_budget_existing,16775731,r,5,12,5,[ 6  7  9 19 20],22.289315056899337,3.631191220142877,13.482131292531083,2.1963975408521454,6.138292837142935,5.505912445784074,0.4,0.6,0.6,-0.243838168417804,2.243483157238581,[0.09485006 0.00130785 0.99991475 0.5329864  0.22964622],"Fixed-total-budget comparison, not an isolated cross-band covariance test.",
single_band_gp,31971611,r,18,0,5,[11 12 13 18 19],3.9234460585579036,0.7885433941231479,2.8778604006765045,0.5783991354264114,4.975561380386345,3.145517108847912,0.6,1.0,1.0,0.5048127354640178,0.7427184975388854,[0.91938183 0.64018744 0.45317873 0.90623231 0.33138475],,
mogp_target_only,31971611,r,18,0,5,[11 12 13 18 19],3.9234519238761947,0.7885445729485794,2.877868320274549,0.5784007271258076,4.975561380386345,3.1455197639755683,0.6,1.0,1.0,0.504813337655088,0.7427173129138057,[0.91938167 0.64018728 0.45317961 0.90623231 0.33138557],,
mogp_real_wavelength,31971611,r,18,24,5,[11 12 13 18 19],3.6230143119777347,0.7281619168159901,2.3843785288000867,0.47921799099882534,4.975561380386345,2.9327822115377744,0.6,1.0,1.0,0.365227838423841,0.8115975780791519,[0.92630225 0.62736824 0.33204207 0.86312885 0.27167725],,
mogp_independent_band_control,31971611,r,18,24,5,[11 12 13 18 19],3.918575724973753,0.7875645430525231,2.853059937899273,0.5734146802300601,4.975561380386345,3.1367585710517547,0.6,1.0,1.0,0.5060655444288197,0.7452527531851784,[0.92027464 0.64327477 0.45247612 0.90606381 0.32949392],Approximate independent-band control: wavelength length scale set near zero.,
mogp_shuffled_wavelength_control_seed0,31971611,r,18,24,5,[11 12 13 18 19],4.756239039321838,0.9559200813140251,3.4551682554991503,0.6944278225808685,4.975561380386345,3.377591968780967,1.0,1.0,1.0,0.34821785352141943,0.3712925940005603,[0.77804664 0.60016021 0.44958639 0.78552375 0.52290091],,0.0
mogp_shuffled_wavelength_control_seed1,31971611,r,18,24,5,[11 12 13 18 19],3.6105843897792758,0.7256637218891909,2.5571968350548837,0.5139514196599703,4.975561380386345,3.0315588979660886,0.8,1.0,1.0,0.3258712295699733,0.6598550973501881,[0.89119195 0.60801519 0.38975715 0.81370144 0.31229609],,1.0
mogp_shuffled_wavelength_control_seed2,31971611,r,18,24,5,[11 12 13 18 19],4.569723346939721,0.9184337198519071,3.300007293963443,0.6632432084894111,4.975561380386345,3.3220332542049205,1.0,1.0,1.0,0.3573336239773288,0.39494742671827154,[0.78671623 0.60782181 0.44995194 0.79783371 0.50391637],,2.0
mogp_shuffled_wavelength_control_seed3,31971611,r,18,24,5,[11 12 13 18 19],4.735680111579852,0.9517880997806389,3.426658394215152,0.688697843769556,4.975561380386345,3.368612280726091,1.0,1.0,1.0,0.35284027921722494,0.3669758328742304,[0.7733108  0.60292824 0.45049427 0.78894588 0.52993901],,3.0
mogp_shuffled_wavelength_control_seed4,31971611,r,18,24,5,[11 12 13 18 19],4.427997693012824,0.8899493654058784,3.1836279462908506,0.6398530141424256,4.975561380386345,3.278867240682994,1.0,1.0,1.0,0.3643256646945775,0.4243601094434975,[0.80143869 0.60823    0.44401133 0.80693586 0.48974627],,4.0
same_total_train_budget_existing,31971611,r,5,13,5,[11 12 13 18 19],3.571808686344817,0.7178704900365375,4.681684358369265,0.9409359066143684,4.975561380386345,3.8415336832917313,1.0,1.0,1.0,0.05095060279325727,0.195960485415181,[0.61363108 0.59562566 0.47955366 0.50800485 0.40327628],"Fixed-total-budget comparison, not an isolated cross-band covariance test.",
single_band_gp,50875482,r,17,0,5,[ 4  5  6 13 20],6.358201838297734,1.2351379203382953,3.8550099483719578,0.7488703711536084,5.147766685485835,3.6188049637653967,0.4,0.8,0.8,-0.5935365610131417,1.6158441288201075,[0.25954157 0.00132563 0.05809163 0.93955249 0.75883712],,
mogp_target_only,50875482,r,17,0,5,[ 4  5  6 13 20],6.358201833758715,1.23513791945655,3.8550099726318536,0.7488703758663114,5.147766685485835,3.6188050380018426,0.4,0.8,0.8,-0.5935366532643348,1.615844165761804,[0.25954156 0.00132563 0.0580916  0.93955247 0.75883715],,
mogp_real_wavelength,50875482,r,17,25,5,[ 4  5  6 13 20],5.887313257442796,1.1436635762926315,3.534108813675329,0.6865324381619264,5.147766685485835,3.501995263287104,0.4,0.8,1.0,-0.5171022270179466,1.6029219922504214,[0.30987369 0.0015689  0.07009881 0.94021806 0.78320176],,
mogp_independent_band_control,50875482,r,17,25,5,[ 4  5  6 13 20],6.361360278953631,1.2357514758564199,3.869967312970945,0.7517759738183833,5.147766685485835,3.6416465951874755,0.4,0.8,0.8,-0.6092594185605563,1.630479730066554,[0.26069254 0.00124568 0.05046814 0.93895838 0.76224623],Approximate independent-band control: wavelength length scale set near zero.,
mogp_shuffled_wavelength_control_seed0,50875482,r,17,25,5,[ 4  5  6 13 20],3.996171846462088,0.7762923400800823,2.399991102937232,0.4662198676766032,5.147766685485835,2.8366953603297356,0.6,1.0,1.0,0.512964130371933,0.8821319714943756,[0.7787635  0.13510367 0.69995191 0.94275802 0.78720604],,0.0
mogp_shuffled_wavelength_control_seed1,50875482,r,17,25,5,[ 4  5  6 13 20],5.624706270637305,1.0926498060792469,3.3081832634909203,0.6426443670841506,5.147766685485835,3.328403676179451,0.4,0.8,1.0,-0.41836568293933585,1.495531360097332,[0.37082647 0.0030058  0.10818806 0.94086092 0.7451051 ],,1.0
mogp_shuffled_wavelength_control_seed2,50875482,r,17,25,5,[ 4  5  6 13 20],3.895772010928583,0.7567887685960477,2.342417554410729,0.45503568780908277,5.147766685485835,2.82952752947594,0.8,1.0,1.0,0.5420906888277404,0.7605687616768319,[0.75948992 0.19630424 0.72413723 0.9278083  0.7898354 ],,2.0
mogp_shuffled_wavelength_control_seed3,50875482,r,17,25,5,[ 4  5  6 13 20],5.909360115402264,1.1479463768363372,3.5495996174429116,0.6895416661852669,5.147766685485835,3.509241492290748,0.4,0.8,1.0,-0.5434891032679436,1.5992391946271318,[0.31254459 0.001579   0.06081586 0.9389504  0.76579501],,3.0
mogp_shuffled_wavelength_control_seed4,50875482,r,17,25,5,[ 4  5  6 13 20],5.758302751625732,1.118602124657535,3.4540109879887275,0.6709727147749986,5.147766685485835,3.438573501599353,0.4,0.8,1.0,-0.4895307008100924,1.5675720951319199,[0.35580913 0.00223661 0.06199294 0.93373898 0.78778608],,4.0
same_total_train_budget_existing,50875482,r,2,15,5,[ 4  5  6 13 20],4.924257260700461,0.9565812830220995,2.646260461009877,0.5140599064971276,5.147766685485835,2.9243459679590504,0.8,1.0,1.0,0.1519573416942884,0.7096042061264534,[0.5541695  0.12669786 0.81598435 0.75269446 0.57242984],"Fixed-total-budget comparison, not an isolated cross-band covariance test.",
single_band_gp,52437992,r,20,0,5,[ 2  6  8 19 22],12.185234671141952,0.49077441657483983,6.2205187210961075,0.25053858448609656,24.828585720062254,3.864010269131833,0.4,0.8,1.0,0.9434343083796669,1.1659410209086971,[0.44695206 0.86737002 0.32865046 0.99757135 0.91368267],,
mogp_target_only,52437992,r,20,0,5,[ 2  6  8 19 22],12.185264910877986,0.4907756345151758,6.220528873368046,0.2505389933805883,24.828585720062254,3.864011332801965,0.4,0.8,1.0,0.9434344330019162,1.165941379829011,[0.44695219 0.86737023 0.32865027 0.99757136 0.91368247],,
mogp_real_wavelength,52437992,r,20,27,5,[ 2  6  8 19 22],4.475396048650125,0.18025175090959242,2.596699593481921,0.10458507877811617,24.828585720062254,2.9037040646297982,0.8,1.0,1.0,0.18665849463678708,0.8579160212318538,[0.78804383 0.260942   0.1908854  0.59523261 0.92038948],,
mogp_independent_band_control,52437992,r,20,27,5,[ 2  6  8 19 22],9.356959931716272,0.3768623810157484,5.268605794102663,0.21219919062266476,24.828585720062254,3.658603723835978,0.6,0.8,1.0,0.7773801166192487,0.9772974187425213,[0.51942889 0.72777921 0.32537828 0.98950145 0.91570443],Approximate independent-band control: wavelength length scale set near zero.,
mogp_shuffled_wavelength_control_seed0,52437992,r,20,27,5,[ 2  6  8 19 22],3.83008220789373,0.1542609897751408,2.2469651222392724,0.09049911853914644,24.828585720062254,2.8268532285194343,0.8,1.0,1.0,0.24793322321968975,0.7216361095700843,[0.75513174 0.26357503 0.39034591 0.52484027 0.91885524],,0.0
mogp_shuffled_wavelength_control_seed1,52437992,r,20,27,5,[ 2  6  8 19 22],4.552469976981344,0.1833559924962947,2.715548471481051,0.10937185476846574,24.828585720062254,2.9890492762972682,0.8,1.0,1.0,0.22447012483688317,0.8450905385715939,[0.62949564 0.27100565 0.20397205 0.7941481  0.92046779],,1.0
mogp_shuffled_wavelength_control_seed2,52437992,r,20,27,5,[ 2  6  8 19 22],4.73353934262066,0.19064877057398466,2.776239824745544,0.11181626920063585,24.828585720062254,2.958074812117272,0.6,1.0,1.0,0.2595395477458326,0.9130982400022674,[0.7201594  0.2108167  0.20116841 0.84828105 0.90763636],,2.0
mogp_shuffled_wavelength_control_seed3,52437992,r,20,27,5,[ 2  6  8 19 22],4.543740822300164,0.1830044156976965,2.625266926380748,0.10573566114397939,24.828585720062254,2.904309951996743,0.8,1.0,1.0,0.11702694548480885,0.886333074698149,[0.79701278 0.25259934 0.17164393 0.48691998 0.9193855 ],,3.0
mogp_shuffled_wavelength_control_seed4,52437992,r,20,27,5,[ 2  6  8 19 22],4.57970095628182,0.18445275167571393,2.6278538296372824,0.10583985166395911,24.828585720062254,2.9017853652632106,0.8,1.0,1.0,0.13151541946280637,0.8752242144639543,[0.75944449 0.23833389 0.17192841 0.58153434 0.92006137],,4.0
same_total_train_budget_existing,52437992,r,9,11,5,[ 2  6  8 19 22],3.1432698161403785,0.12659882651312357,2.814575340872076,0.11336027644127201,24.828585720062254,3.1514305037054546,0.8,1.0,1.0,0.26682296139434464,0.49245674815182144,[0.56946305 0.56511422 0.39506975 0.52505623 0.88462718],"Fixed-total-budget comparison, not an isolated cross-band covariance test.",
single_band_gp,100164081,r,17,0,5,[ 4  5 13 16 17],3.898006324568235,0.9239774463768363,3.5128646709123137,0.8326840589353043,4.218724536895748,3.5159206680822512,1.0,1.0,1.0,0.2528106190541939,0.25749390184766874,[0.71614679 0.71328843 0.51776996 0.52941422 0.50448736],,
mogp_target_only,100164081,r,17,0,5,[ 4  5 13 16 17],3.8980061967106745,0.9239774160696761,3.5128648058958047,0.8326840909315842,4.218724536895748,3.515920796459395,1.0,1.0,1.0,0.25281043836793865,0.2574937417746917,[0.71614666 0.71328829 0.51777    0.52941417 0.50448731],,
mogp_real_wavelength,100164081,r,17,25,5,[ 4  5 13 16 17],1.2920274847208015,0.30626021524304364,1.260862382012093,0.29887288705032866,4.218724536895748,2.4407036526333483,1.0,1.0,1.0,0.02757213244728479,0.22686132501106407,[0.40578384 0.40566051 0.59152347 0.61494252 0.5363716 ],,
mogp_independent_band_control,100164081,r,17,25,5,[ 4  5 13 16 17],3.162856622130414,0.7497186873589357,2.780399374776418,0.6590616074739762,4.218724536895748,3.283029430641988,1.0,1.0,1.0,0.27691882378405663,0.21243302734079936,[0.70043771 0.70708046 0.53808379 0.55842457 0.52849022],Approximate independent-band control: wavelength length scale set near zero.,
mogp_shuffled_wavelength_control_seed0,100164081,r,17,25,5,[ 4  5 13 16 17],1.4606259054586064,0.3462245265564019,1.3196349142033186,0.3128042380255388,4.218724536895748,2.4640612322785325,1.0,1.0,1.0,0.17147984489993676,0.26255613567896974,[0.44122697 0.45999817 0.58779377 0.70602197 0.63383321],,0.0
mogp_shuffled_wavelength_control_seed1,100164081,r,17,25,5,[ 4  5 13 16 17],1.2807059059597554,0.30357656556124274,1.2477306743688303,0.2957601671918936,4.218724536895748,2.4398056753058803,1.0,1.0,1.0,-0.003990472121529971,0.18108535339850193,[0.42114782 0.42734158 0.60090179 0.56076624 0.48147891],,1.0
mogp_shuffled_wavelength_control_seed2,100164081,r,17,25,5,[ 4  5 13 16 17],1.3015602353021947,0.30851984383410774,1.2636073037321103,0.29952353908887985,4.218724536895748,2.451220644345727,1.0,1.0,1.0,0.04944336354544856,0.20412599804551576,[0.4215839  0.42980242 0.59765677 0.61190238 0.53600334],,2.0
mogp_shuffled_wavelength_control_seed3,100164081,r,17,25,5,[ 4  5 13 16 17],1.313332378521202,0.31131029462463733,1.2720855177757038,0.3015332019548588,4.218724536895748,2.4465644000788975,1.0,1.0,1.0,0.0985678114404501,0.22953471925091587,[0.42981067 0.43578251 0.58881316 0.65673128 0.58055544],,3.0
mogp_shuffled_wavelength_control_seed4,100164081,r,17,25,5,[ 4  5 13 16 17],1.367688744821019,0.32419484440370727,1.2460836812607794,0.2953697664691996,4.218724536895748,2.427069054497146,1.0,1.0,1.0,0.006681969123471151,0.20058370016385288,[0.4125881  0.41966404 0.60756809 0.57616976 0.49679443],,4.0
same_total_train_budget_existing,100164081,r,5,12,5,[ 4  5 13 16 17],0.906375468725693,0.21484585229464367,0.9372484543134094,0.22216393749260108,4.218724536895748,2.202006043784424,1.0,1.0,1.0,0.26222088488501893,0.12450447419703066,[0.54785056 0.66288811 0.56696548 0.65630043 0.57905351],"Fixed-total-budget comparison, not an isolated cross-band covariance test.",
single_band_gp,6777396,r,18,0,5,[ 2 10 12 15 19],9.403090083762551,0.4037563153700034,5.878086478792946,0.252397298862633,23.28902292251586,4.737530336079246,0.4,0.6,0.8,0.4393929863920203,2.138367530092681,[0.96541418 0.00822704 0.17231863 0.49917654 0.99990252],,
mogp_target_only,6777396,r,18,0,5,[ 2 10 12 15 19],9.403091090943274,0.40375635861701836,5.878087196836573,0.25239732969448153,23.28902292251586,4.737530793417571,0.4,0.6,0.8,0.439392778571125,2.138367765149279,[0.96541413 0.00822703 0.17231854 0.49917664 0.99990252],,
mogp_real_wavelength,6777396,r,18,23,5,[ 2 10 12 15 19],8.52886549426149,0.366218261823933,5.309904218211235,0.2280003002220249,23.28902292251586,4.5066691728687935,0.4,0.6,0.8,0.4699440980851472,2.064869973896658,[0.97684129 0.01071587 0.23856788 0.42688912 0.99980938],,
mogp_independent_band_control,6777396,r,18,23,5,[ 2 10 12 15 19],9.285367166697336,0.3987014482140524,5.82491096363218,0.2501140122113345,23.28902292251586,4.721907508359065,0.4,0.6,0.8,0.43970127650772717,2.1381701702229674,[0.97062215 0.00838409 0.17544788 0.4750101  0.99989039],Approximate independent-band control: wavelength length scale set near zero.,
mogp_shuffled_wavelength_control_seed0,6777396,r,18,23,5,[ 2 10 12 15 19],8.490772053616965,0.3645825796069819,5.225302015546991,0.22436759296136732,23.28902292251586,4.457269989569052,0.4,0.6,0.8,0.5173547350322527,2.0253285917730413,[0.96076731 0.01116222 0.22131032 0.61572313 0.99983173],,0.0
mogp_shuffled_wavelength_control_seed1,6777396,r,18,23,5,[ 2 10 12 15 19],8.545963376962796,0.3669524224092951,5.2798519437186355,0.22670989509886513,23.28902292251586,4.496133810654075,0.4,0.6,0.8,0.5367424726987007,2.0411000759040236,[0.96217199 0.00980457 0.22864355 0.64913665 0.9998417 ],,1.0
mogp_shuffled_wavelength_control_seed2,6777396,r,18,23,5,[ 2 10 12 15 19],8.633228508476781,0.37069947233081063,5.304180960107594,0.22775455104986414,23.28902292251586,4.492835421444016,0.4,0.6,0.8,0.5574215042247777,2.0257552342116023,[0.96092764 0.01110833 0.24500943 0.64819943 0.99985384],,2.0
mogp_shuffled_wavelength_control_seed3,6777396,r,18,23,5,[ 2 10 12 15 19],8.723767111702122,0.37458708082029374,5.347134913081463,0.22959893727065064,23.28902292251586,4.5346201035261755,0.4,0.6,0.8,0.5097523011036469,2.0560275073758842,[0.96102912 0.01039025 0.23471266 0.56195715 0.99987654],,3.0
mogp_shuffled_wavelength_control_seed4,6777396,r,18,23,5,[ 2 10 12 15 19],8.596989996644304,0.369143438316286,5.255707557822167,0.2256731669382721,23.28902292251586,4.478519319057068,0.4,0.6,0.8,0.5015010425317161,2.031497278398298,[0.95820866 0.01072121 0.24100456 0.56465262 0.99985135],,4.0
same_total_train_budget_existing,6777396,r,4,14,5,[ 2 10 12 15 19],3.196406526937319,0.1372494903531152,1.9791319774295744,0.08498132291828125,23.28902292251586,2.735887787616842,1.0,1.0,1.0,-0.13030643095053723,0.6778581388997809,[0.8305939  0.17452501 0.55615676 0.22572675 0.47613688],"Fixed-total-budget comparison, not an isolated cross-band covariance test.",
single_band_gp,56002762,r,17,0,5,[ 2  5 11 19 20],14.525747217456567,2.0033290608148198,8.10947457187031,1.1184241219785764,7.250804424285877,4.063706999113171,1.0,1.0,1.0,-0.16064899749703362,0.5036709465381468,[0.16455375 0.3234773  0.67778388 0.5085156  0.55875262],,
mogp_target_only,56002762,r,17,0,5,[ 2  5 11 19 20],14.525754438974346,2.003330056775731,8.109477164063344,1.1184244794827765,7.250804424285877,4.063707361550604,1.0,1.0,1.0,-0.16064944265352235,0.5036716624804639,[0.16455324 0.32347714 0.67778381 0.50851569 0.55875272],,
mogp_real_wavelength,56002762,r,17,23,5,[ 2  5 11 19 20],14.713472375723262,2.0292193134380914,8.604599748290116,1.1867096731322433,7.250804424285877,4.114481244976157,1.0,1.0,1.0,-0.14849788238340747,0.5021549099992398,[0.16161934 0.34603045 0.67870554 0.51125935 0.55925707],,
mogp_independent_band_control,56002762,r,17,23,5,[ 2  5 11 19 20],15.988730062015748,2.2050974107732135,8.586657061810904,1.1842350943918327,7.250804424285877,4.07176510455043,0.8,1.0,1.0,-0.16186629591039275,0.5337548581562871,[0.15048132 0.32369362 0.69197314 0.51007661 0.56187416],Approximate independent-band control: wavelength length scale set near zero.,
mogp_shuffled_wavelength_control_seed0,56002762,r,17,23,5,[ 2  5 11 19 20],20.647705566632307,2.8476434280139715,501.65738393088475,69.18644533434542,7.250804424285877,8.55154619989894,1.0,1.0,1.0,0.005129230124348945,0.006183378954416432,[0.5056158  0.5044302  0.49983866 0.49993975 0.50040664],,0.0
mogp_shuffled_wavelength_control_seed1,56002762,r,17,23,5,[ 2  5 11 19 20],80.82617203129044,11.147200683081575,283.3901941995382,39.08396608386647,7.250804424285877,7.911848568750185,1.0,1.0,1.0,-0.09801775486659359,0.17770588621073866,[0.32569352 0.48322607 0.49999893 0.50033591 0.50118344],,1.0
mogp_shuffled_wavelength_control_seed2,56002762,r,17,23,5,[ 2  5 11 19 20],16.28643304171057,2.2461553351460863,16.2424919814137,2.2400951716489583,7.250804424285877,5.04604103741175,1.0,1.0,1.0,-0.07153469555252931,0.13281398560823385,[0.45615332 0.37655837 0.50337072 0.50302844 0.5203165 ],,2.0
mogp_shuffled_wavelength_control_seed3,56002762,r,17,23,5,[ 2  5 11 19 20],48.66488251982757,6.711652896998462,30.403183353353576,4.193077288296594,7.250804424285877,5.540296467296808,0.8,1.0,1.0,-0.3726008880146918,0.579530254194483,[0.06978622 0.33218405 0.4956203  0.50473571 0.51889422],,3.0
mogp_shuffled_wavelength_control_seed4,56002762,r,17,23,5,[ 2  5 11 19 20],66.09861682340006,9.116039125536066,280.158530580158,38.6382688301168,7.250804424285877,7.89265978575281,1.0,1.0,1.0,-0.08502072570087152,0.1517575022444615,[0.34950774 0.4831419  0.49999963 0.50033809 0.50118454],,4.0
same_total_train_budget_existing,56002762,r,3,14,5,[ 2  5 11 19 20],75.37840992472253,10.395868584215256,39.74890976260102,5.481999987403583,7.250804424285877,5.637985403774456,0.8,1.0,1.0,0.14377697343105336,0.5822948767887829,[0.88930403 0.29130537 0.50690028 0.4985344  0.51276451],"Fixed-total-budget comparison, not an isolated cross-band covariance test.",
single_band_gp,93866109,r,19,0,5,[ 1 18 19 20 21],3.921051804125168,0.5019360351364871,23.933867182140936,3.0637877281418393,7.811855554580675,5.4622857250272485,1.0,1.0,1.0,0.0026163592444586855,0.04260595211621453,[0.52095014 0.50078346 0.51605569 0.47320967 0.49422631],,
mogp_target_only,93866109,r,19,0,5,[ 1 18 19 20 21],3.9210515988063626,0.501936008853512,23.933874088283144,3.063788612200967,7.811855554580675,5.462286464735177,1.0,1.0,1.0,0.002616392096186912,0.042605928263419024,[0.52095014 0.50078346 0.51605569 0.4732097  0.49422635],,
mogp_real_wavelength,93866109,r,19,26,5,[ 1 18 19 20 21],4.410831118599657,0.5646329591966478,12.97186491892678,1.6605356855735005,7.811855554580675,4.73345913927571,1.0,1.0,1.0,-0.032671147514074496,0.1142521028287695,[0.56305171 0.4826341  0.50203653 0.42769109 0.45962742],,
mogp_independent_band_control,93866109,r,19,26,5,[ 1 18 19 20 21],4.056801785142506,0.5193134661538512,19.698229496957605,2.521581378371373,7.811855554580675,5.254876757554384,1.0,1.0,1.0,0.008915433958631184,0.052301550908153575,[0.52676469 0.5052425  0.52217083 0.46878691 0.49481917],Approximate independent-band control: wavelength length scale set near zero.,
mogp_shuffled_wavelength_control_seed0,93866109,r,19,26,5,[ 1 18 19 20 21],3.2183702592015497,0.4119853774452318,17.877633450728645,2.288525859934219,7.811855554580675,5.029899330318303,1.0,1.0,1.0,0.013692342453407386,0.07841390613942174,[0.55924215 0.4970621  0.51518922 0.46598172 0.48965649],,0.0
mogp_shuffled_wavelength_control_seed1,93866109,r,19,26,5,[ 1 18 19 20 21],3.2199414506285193,0.41218650653882444,17.559157817992826,2.247757616011804,7.811855554580675,4.995419777974942,1.0,1.0,1.0,0.017649433569859752,0.08381317422546129,[0.56565717 0.49634403 0.51589714 0.46635339 0.49069123],,1.0
mogp_shuffled_wavelength_control_seed2,93866109,r,19,26,5,[ 1 18 19 20 21],3.4236058381733137,0.43825769873148734,15.5684401873593,1.992924738377985,7.811855554580675,4.887415869317712,1.0,1.0,1.0,0.010043122627167776,0.09820092112907756,[0.57276291 0.49270148 0.51403681 0.45678273 0.48342817],,2.0
mogp_shuffled_wavelength_control_seed3,93866109,r,19,26,5,[ 1 18 19 20 21],5.179682543899054,0.663054060294525,12.961951231109207,1.6592666288496138,7.811855554580675,4.757802467967704,1.0,1.0,1.0,-0.05392581060752984,0.10969117338267526,[0.54981134 0.47522793 0.4955144  0.420021   0.45240171],,3.0
mogp_shuffled_wavelength_control_seed4,93866109,r,19,26,5,[ 1 18 19 20 21],3.3723260721454915,0.4316933471930423,15.628632701295913,2.000630015762603,7.811855554580675,4.905166669028651,1.0,1.0,1.0,0.00046854894039882744,0.09142795738042439,[0.56098752 0.49629105 0.51239927 0.45227343 0.47886621],,4.0
same_total_train_budget_existing,93866109,r,4,15,5,[ 1 18 19 20 21],7.162213347003503,0.9168389375561049,36.10698958833102,4.622075937791603,7.811855554580675,5.952872410715768,1.0,1.0,1.0,-0.025487174312182066,0.040742884421239474,[0.51794995 0.47288307 0.49608301 0.47606955 0.48620689],"Fixed-total-budget comparison, not an isolated cross-band covariance test.",
single_band_gp,31725628,r,19,0,5,[ 2  7 13 17 23],5.390605953047834,0.5529115604611347,2.9219432391381086,0.29970215037091913,9.74949040412902,3.0506146216316443,0.8,1.0,1.0,-0.4034578049189804,0.860799204681146,[0.61098795 0.43973467 0.6845245  0.02748197 0.23923377],,
mogp_target_only,31725628,r,19,0,5,[ 2  7 13 17 23],5.390605610641098,0.5529115253406593,2.921943450992631,0.2997021721007238,9.74949040412902,3.0506147893763162,0.8,1.0,1.0,-0.4034577074524048,0.8607992526366116,[0.61098803 0.43973465 0.68452455 0.02748197 0.23923382],,
mogp_real_wavelength,31725628,r,19,27,5,[ 2  7 13 17 23],3.4195112014306246,0.3507374293103999,2.1535754242953336,0.22089107584364306,9.74949040412902,2.860723459763376,0.8,1.0,1.0,-0.3888665725441075,0.8547484308044399,[0.59027029 0.36281881 0.67876687 0.02377958 0.38033323],,
mogp_independent_band_control,31725628,r,19,27,5,[ 2  7 13 17 23],5.112618295885289,0.5243985156106249,2.793804997284883,0.2865590796521708,9.74949040412902,3.017215943064115,0.8,1.0,1.0,-0.4226198337913907,0.8705385955855571,[0.59953848 0.43427602 0.68583805 0.02520323 0.23350801],Approximate independent-band control: wavelength length scale set near zero.,
mogp_shuffled_wavelength_control_seed0,31725628,r,19,27,5,[ 2  7 13 17 23],11.199925624149769,1.1487703623367302,7.14792628639768,0.7331589642234482,9.74949040412902,3.98394373606684,0.8,0.8,1.0,-0.3154966031277075,0.877656668495082,[0.57156398 0.44948522 0.64774651 0.02074593 0.51135204],,0.0
mogp_shuffled_wavelength_control_seed1,31725628,r,19,27,5,[ 2  7 13 17 23],21.544668821159206,2.2098251219401983,17.58914358549991,1.8041090207187351,9.74949040412902,4.827063297791281,0.8,1.0,1.0,-0.19286280626176697,0.654000157153322,[0.50560738 0.48918319 0.67865975 0.07331074 0.51450302],,1.0
mogp_shuffled_wavelength_control_seed2,31725628,r,19,27,5,[ 2  7 13 17 23],19.162071164329124,1.9654433585794155,15.304250451403757,1.5697487578347924,9.74949040412902,4.698372651270818,0.8,1.0,1.0,-0.20226107217235018,0.6765307464798092,[0.50680693 0.48108046 0.68408939 0.06641845 0.51711604],,2.0
mogp_shuffled_wavelength_control_seed3,31725628,r,19,27,5,[ 2  7 13 17 23],9.222086041925914,0.9459044175293774,6.777327366895617,0.6951468318821404,9.74949040412902,3.933974258853626,0.8,1.0,1.0,-0.16988976717554127,0.6220935474386756,[0.514355   0.46203039 0.67689677 0.08711264 0.5436342 ],,3.0
mogp_shuffled_wavelength_control_seed4,31725628,r,19,27,5,[ 2  7 13 17 23],6.627983713267366,0.6798287334546572,4.9446839164684055,0.5071735764132119,9.74949040412902,3.6267992776325606,0.8,1.0,1.0,-0.22546682549951386,0.6436781852998005,[0.58527487 0.44236088 0.64321687 0.07311661 0.45546744],,4.0
same_total_train_budget_existing,31725628,r,5,14,5,[ 2  7 13 17 23],16.544231966207285,1.6969329965390412,7.460881051687122,0.7652585665941426,9.74949040412902,3.4046670016470726,0.6,1.0,1.0,-0.4798603845163935,0.7668844426965583,[0.53633152 0.43294634 0.66890027 0.06035761 0.11377004],"Fixed-total-budget comparison, not an isolated cross-band covariance test.",
single_band_gp,41660164,r,20,0,6,[ 5  8 14 15 18 23],6.623949966135558,0.865184911475277,5.9095928929260095,0.7718794118404246,7.656108975410444,3.726089486048813,0.8333333333333334,1.0,1.0,-0.440344765396851,0.6090191725163623,[0.5300346  0.48096424 0.50810716 0.30075085 0.04460637 0.31981817],,
mogp_target_only,41660164,r,20,0,6,[ 5  8 14 15 18 23],6.623949387831037,0.8651848359402339,5.909592237617144,0.771879326247486,7.656108975410444,3.7260890689206345,0.8333333333333334,1.0,1.0,-0.4403449375126028,0.6090186431861251,[0.5300346  0.48096331 0.5081072  0.30075097 0.04460644 0.31981818],,
mogp_real_wavelength,41660164,r,20,23,6,[ 5  8 14 15 18 23],5.633698202912144,0.7358435232578597,4.175455773098363,0.5453756975650306,7.656108975410444,3.441095659647536,0.8333333333333334,1.0,1.0,-0.40903263172850335,0.5163261017383718,[0.49803077 0.44453849 0.54887793 0.3663486  0.07924688 0.2479614 ],,
mogp_independent_band_control,41660164,r,20,23,6,[ 5  8 14 15 18 23],6.393294666230986,0.8350579500324108,5.214750292025523,0.6811227881909767,7.656108975410444,3.6376608444223795,0.8333333333333334,1.0,1.0,-0.4415674277806203,0.6323817388645507,[0.53579194 0.47451321 0.52552442 0.29789878 0.04010534 0.32296685],Approximate independent-band control: wavelength length scale set near zero.,
mogp_shuffled_wavelength_control_seed0,41660164,r,20,23,6,[ 5  8 14 15 18 23],5.610516296245921,0.7328156266147114,4.182196332260563,0.5462561133459253,7.656108975410444,3.447315362996928,0.8333333333333334,1.0,1.0,-0.40182387734845976,0.5003427240067136,[0.49859262 0.4403758  0.54974747 0.3703181  0.08745552 0.2435841 ],,0.0
mogp_shuffled_wavelength_control_seed1,41660164,r,20,23,6,[ 5  8 14 15 18 23],5.70533077028391,0.7451997860281302,4.253571103211038,0.5555787041266617,7.656108975410444,3.4734832604520025,0.8333333333333334,1.0,1.0,-0.4387569948655518,0.5351901934228236,[0.49825174 0.44558676 0.5494081  0.36750233 0.08137702 0.18911511],,1.0
mogp_shuffled_wavelength_control_seed2,41660164,r,20,23,6,[ 5  8 14 15 18 23],5.609579957568669,0.7326933270653896,4.191119957157754,0.5474216694953808,7.656108975410444,3.448291031768228,0.8333333333333334,1.0,1.0,-0.40097835066745086,0.5036271057131614,[0.49832462 0.44558246 0.54909167 0.36985371 0.08594736 0.24515206],,2.0
mogp_shuffled_wavelength_control_seed3,41660164,r,20,23,6,[ 5  8 14 15 18 23],5.609536893179847,0.7326877022252835,4.188742349864023,0.5471111191490667,7.656108975410444,3.4485029190090706,0.8333333333333334,1.0,1.0,-0.3999620972507599,0.502219475445903,[0.49870783 0.44540819 0.54939031 0.3701509  0.08683497 0.24464957],,3.0
mogp_shuffled_wavelength_control_seed4,41660164,r,20,23,6,[ 5  8 14 15 18 23],5.714917376102177,0.7464519371990522,4.262939395351486,0.5568023403327994,7.656108975410444,3.474534178398009,0.8333333333333334,1.0,1.0,-0.4409648014590309,0.5332721028553581,[0.4984214  0.43849673 0.54909222 0.36739393 0.08086469 0.19150167],,4.0
same_total_train_budget_existing,41660164,r,5,15,6,[ 5  8 14 15 18 23],7.37680736757156,0.9635191180355541,4.092495173124191,0.5345398277726047,7.656108975410444,3.3140736994039446,0.5,1.0,1.0,-0.6602148500123158,0.7238929354953364,[0.66388006 0.37570753 0.4457964  0.13079749 0.03897276 0.14779447],"Fixed-total-budget comparison, not an isolated cross-band covariance test.",
single_band_gp,43441391,r,20,0,5,[10 11 12 19 24],2.8774459865393442,0.470760510691199,3.388192860007927,0.5543205358359893,6.11233508586883,2.989321242560436,0.8,1.0,1.0,0.0627823387599579,0.64534431190866,[0.72516257 0.48372053 0.15612672 0.80113451 0.46863824],,
mogp_target_only,43441391,r,20,0,5,[10 11 12 19 24],2.8774477005163948,0.4707607911040079,3.388193364897657,0.5543206184377647,6.11233508586883,2.9893217449655767,0.8,1.0,1.0,0.06278198865996328,0.6453436137303955,[0.72516237 0.48372043 0.15612689 0.80113408 0.46863821],,
mogp_real_wavelength,43441391,r,20,25,5,[10 11 12 19 24],2.3275628052929065,0.3807976448598217,2.209548052193604,0.3614900068718223,6.11233508586883,2.745933661890368,1.0,1.0,1.0,0.1288855006343576,0.608213293953474,[0.77003543 0.51475588 0.19475795 0.78810131 0.47174387],,
mogp_independent_band_control,43441391,r,20,25,5,[10 11 12 19 24],2.7833804606317925,0.455371052393171,3.0889107601545502,0.5053569080817959,6.11233508586883,2.9584498352534103,0.8,1.0,1.0,0.06175821398500717,0.6446275973241954,[0.72427065 0.48360823 0.1563158  0.80098798 0.46767128],Approximate independent-band control: wavelength length scale set near zero.,
mogp_shuffled_wavelength_control_seed0,43441391,r,20,25,5,[10 11 12 19 24],2.353366380361274,0.385019202530641,2.7628812815857215,0.45201731298620307,6.11233508586883,3.0088294775449556,0.8,1.0,1.0,-0.03496317783063441,0.6117806264294818,[0.59924961 0.41878962 0.15317549 0.80250542 0.48048918],,0.0
mogp_shuffled_wavelength_control_seed1,43441391,r,20,25,5,[10 11 12 19 24],2.3574848654831246,0.3856930015066448,2.790135754893158,0.45647624282636295,6.11233508586883,3.0259403044460793,0.8,1.0,1.0,-0.03725692923378203,0.6052228325746642,[0.59379818 0.42083974 0.15502211 0.80013206 0.47973087],,1.0
mogp_shuffled_wavelength_control_seed2,43441391,r,20,25,5,[10 11 12 19 24],2.3713522377533396,0.3879617534771111,2.7986015719377297,0.4578612809379259,6.11233508586883,3.03212134790949,0.8,1.0,1.0,-0.03835330191647613,0.6178226483254943,[0.58555871 0.41486334 0.1533969  0.81078839 0.47939111],,2.0
mogp_shuffled_wavelength_control_seed3,43441391,r,20,25,5,[10 11 12 19 24],2.3249418020110495,0.38036883929778426,2.7871489407680428,0.45598758929491295,6.11233508586883,3.014917076877453,0.8,1.0,1.0,-0.04621764895343085,0.6061483936094921,[0.59082594 0.4136825  0.15212064 0.79689016 0.48171092],,3.0
mogp_shuffled_wavelength_control_seed4,43441391,r,20,25,5,[10 11 12 19 24],2.313224174949087,0.37845179337387014,2.7642077825488345,0.4522343333138647,6.11233508586883,3.015366198420785,0.8,1.0,1.0,-0.05285744238685135,0.5967652619903155,[0.58752892 0.41424588 0.15285272 0.78944394 0.48043483],,4.0
same_total_train_budget_existing,43441391,r,6,14,5,[10 11 12 19 24],7.1040080692985885,1.162241266144328,6.700186866147867,1.096174665168161,6.11233508586883,4.1228381813159505,1.0,1.0,1.0,0.22946695346364807,0.22226839936438664,[0.69453339 0.64464842 0.59697143 0.56924191 0.4394834 ],"Fixed-total-budget comparison, not an isolated cross-band covariance test.",
single_band_gp,46741316,r,20,0,6,[ 2  3 10 14 15 18],6.198286442823512,1.0583481922874038,3.886966469250536,0.6636937440953616,5.856566381454462,3.4318862163540422,0.6666666666666666,0.8333333333333334,1.0,-0.6243576662805357,0.8606611067640786,[0.50818885 0.27754839 0.4299697  0.64547631 0.1249864  0.01311455],,
mogp_target_only,46741316,r,20,0,6,[ 2  3 10 14 15 18],6.198287063753974,1.058348298310357,3.8869666077994594,0.6636937677523843,5.856566381454462,3.4318862293019508,0.6666666666666666,0.8333333333333334,1.0,-0.624357911668299,0.8606613029194827,[0.50818887 0.27754816 0.4299697  0.64547635 0.12498628 0.01311454],,
mogp_real_wavelength,46741316,r,20,22,6,[ 2  3 10 14 15 18],6.152657559354729,1.05055712829242,3.7533109195611254,0.6408722577526734,5.856566381454462,3.3679302693212283,0.6666666666666666,0.8333333333333334,1.0,-0.6210369036431368,0.9168350861670045,[0.65585922 0.30387177 0.36434897 0.58895837 0.12110473 0.01009928],,
mogp_independent_band_control,46741316,r,20,22,6,[ 2  3 10 14 15 18],6.288335284375115,1.0737238980655803,4.023547516308401,0.68701475476304,5.856566381454462,3.4756178943833618,0.6666666666666666,0.8333333333333334,1.0,-0.6034187527184015,0.8548696950515668,[0.50761692 0.29261261 0.44389908 0.63964359 0.13843359 0.0131123 ],Approximate independent-band control: wavelength length scale set near zero.,
mogp_shuffled_wavelength_control_seed0,46741316,r,20,22,6,[ 2  3 10 14 15 18],7.752966032524614,1.323807420176323,4.7867785290263996,0.8173353151403394,5.856566381454462,3.4767807528751984,0.8333333333333334,1.0,1.0,-0.3829788912887537,0.778859920536714,[0.72205285 0.28856579 0.5429612  0.54839259 0.22684587 0.03518915],,0.0
mogp_shuffled_wavelength_control_seed1,46741316,r,20,22,6,[ 2  3 10 14 15 18],7.5516923873019755,1.2894402445800561,4.708444796926924,0.8039599468789074,5.856566381454462,3.4559174904575922,0.8333333333333334,1.0,1.0,-0.3510510807562295,0.7939429627986896,[0.75645255 0.3131016  0.54155795 0.54860078 0.22757642 0.03642256],,1.0
mogp_shuffled_wavelength_control_seed2,46741316,r,20,22,6,[ 2  3 10 14 15 18],7.53469910774431,1.2865386673672585,4.681547527926281,0.7993672781975079,5.856566381454462,3.4454142343219423,0.8333333333333334,1.0,1.0,-0.32518526664975694,0.7651788694351285,[0.75798131 0.31741887 0.54383766 0.55166061 0.23709122 0.04453906],,2.0
mogp_shuffled_wavelength_control_seed3,46741316,r,20,22,6,[ 2  3 10 14 15 18],6.297723231286268,1.0753268760393093,3.936460206645201,0.6721447261505455,5.856566381454462,3.446438043155545,0.6666666666666666,0.8333333333333334,1.0,-0.6737228856287386,0.8800177260285921,[0.58176032 0.25770604 0.36829017 0.58842981 0.12197713 0.01016327],,3.0
mogp_shuffled_wavelength_control_seed4,46741316,r,20,22,6,[ 2  3 10 14 15 18],7.689561747205053,1.312981232750131,4.745609586270049,0.8103057793893716,5.856566381454462,3.463222597238174,0.8333333333333334,1.0,1.0,-0.34612855948159843,0.7476837494706614,[0.73237631 0.3001533  0.54274979 0.55143433 0.23783109 0.04492585],,4.0
same_total_train_budget_existing,46741316,r,6,14,6,[ 2  3 10 14 15 18],3.919180831711588,0.6691942985777736,2.0374954972784383,0.34789932608472063,5.856566381454462,2.5239919815633183,0.5,1.0,1.0,-0.36840478868215265,0.8322407118113658,[0.46982776 0.10785377 0.40317961 0.86345419 0.07479499 0.37958657],"Fixed-total-budget comparison, not an isolated cross-band covariance test.",
single_band_gp,56383332,r,19,0,5,[ 5  8 16 17 20],2.3423013021712538,0.36344139877023096,1.7382530758660864,0.26971471549104625,6.444783973693832,2.701741382217609,0.8,1.0,1.0,0.042289852527593166,0.6550202188653241,[0.83548942 0.60399955 0.51400524 0.49994723 0.14381566],,
mogp_target_only,56383332,r,19,0,5,[ 5  8 16 17 20],2.342300646729096,0.3634412970690474,1.738252409073647,0.2697146120287049,6.444783973693832,2.701741001891753,0.8,1.0,1.0,0.04228974946622581,0.6550202186362492,[0.8354894  0.60399943 0.51400525 0.49994722 0.14381563],,
mogp_real_wavelength,56383332,r,19,27,5,[ 5  8 16 17 20],1.8321833291549068,0.2842893317500586,1.2584432034314759,0.19526538182942357,6.444783973693832,2.3798151783980654,0.8,1.0,1.0,-0.1718968397507533,0.5348395508650495,[0.74687084 0.49530468 0.39268791 0.40622769 0.15797633],,
mogp_independent_band_control,56383332,r,19,27,5,[ 5  8 16 17 20],1.869569615234179,0.29009034637395825,1.3843950922755004,0.21480861079693156,6.444783973693832,2.4978818013907835,0.8,1.0,1.0,-0.05468660498604849,0.5779889183706014,[0.77615611 0.53151829 0.49826702 0.47643672 0.14723805],Approximate independent-band control: wavelength length scale set near zero.,
mogp_shuffled_wavelength_control_seed0,56383332,r,19,27,5,[ 5  8 16 17 20],2.0220032641889762,0.3137425974931575,1.3787426941253766,0.21393156074014213,6.444783973693832,2.4616853944789248,0.8,1.0,1.0,-0.1409140954812428,0.5867702315965971,[0.78699264 0.49088498 0.40796852 0.42084098 0.14795741],,0.0
mogp_shuffled_wavelength_control_seed1,56383332,r,19,27,5,[ 5  8 16 17 20],1.9393214168843655,0.300913331587256,1.3358420474567425,0.20727491455250496,6.444783973693832,2.437381753070066,0.8,1.0,1.0,-0.1401628081790424,0.5706545851440707,[0.77041784 0.51527624 0.41071172 0.4151558  0.14932742],,1.0
mogp_shuffled_wavelength_control_seed2,56383332,r,19,27,5,[ 5  8 16 17 20],1.866812754142721,0.2896625801210147,1.2649558151561677,0.19627590627078187,6.444783973693832,2.377703827443644,1.0,1.0,1.0,-0.19084908647219354,0.5302607203835089,[0.74371435 0.48940194 0.37164867 0.39573098 0.16093718],,2.0
mogp_shuffled_wavelength_control_seed3,56383332,r,19,27,5,[ 5  8 16 17 20],2.0463061777603855,0.3175135405799403,1.3885686936590038,0.21545620447897568,6.444783973693832,2.4656771430907782,0.8,1.0,1.0,-0.12653886213235604,0.58954018719161,[0.78903176 0.52178783 0.39960756 0.41882895 0.15123561],,3.0
mogp_shuffled_wavelength_control_seed4,56383332,r,19,27,5,[ 5  8 16 17 20],1.7164141176610617,0.26632609016331354,1.211656540629914,0.1880057649062599,6.444783973693832,2.357211981492534,1.0,1.0,1.0,-0.1869153686183486,0.5041856239746669,[0.72198061 0.48244247 0.39797169 0.40800043 0.16157741],,4.0
same_total_train_budget_existing,56383332,r,3,16,5,[ 5  8 16 17 20],5.757204800879101,0.8933123009830467,3.2228392422570744,0.5000693980453005,6.444783973693832,3.1603375616999183,0.6,0.8,1.0,-0.9521771908796038,0.884548442387507,[0.01751206 0.03161987 0.51106509 0.46561845 0.2306356 ],"Fixed-total-budget comparison, not an isolated cross-band covariance test.",
single_band_gp,26794348,r,19,0,5,[ 7  9 12 21 23],3.5584698281945246,0.6302182957477793,2.2572189622126855,0.3997619078358211,5.646408319473267,3.0359718991334046,0.6,0.8,1.0,-0.3588925240379651,1.3271201045125094,[0.18305895 0.37517445 0.01117863 0.96542895 0.45788583],,
mogp_target_only,26794348,r,19,0,5,[ 7  9 12 21 23],3.558470453790621,0.6302184065431843,2.25721935788057,0.3997619779100811,5.646408319473267,3.035972180882208,0.6,0.8,1.0,-0.3588924715693194,1.3271203094385369,[0.18305894 0.37517445 0.01117862 0.96542898 0.45788585],,
mogp_real_wavelength,26794348,r,19,27,5,[ 7  9 12 21 23],2.9022461523998504,0.513998632084509,1.908317521267292,0.3379701596651997,5.646408319473267,2.8413920769387424,0.6,0.8,1.0,-0.2728514732438058,1.1437868235017474,[0.36483386 0.38936107 0.02073644 0.94246094 0.39177062],,
mogp_independent_band_control,26794348,r,19,27,5,[ 7  9 12 21 23],3.2664754334994055,0.5785049979885485,2.1101607495013903,0.37371734917290567,5.646408319473267,2.9628505521495727,0.6,0.8,1.0,-0.26050070186751756,1.2467027283897945,[0.28429967 0.38190572 0.01662174 0.96217226 0.4684176 ],Approximate independent-band control: wavelength length scale set near zero.,
mogp_shuffled_wavelength_control_seed0,26794348,r,19,27,5,[ 7  9 12 21 23],5.549474551379636,0.9828326676695828,3.372737836636702,0.5973244664231674,5.646408319473267,3.5197831783841194,0.4,0.8,1.0,0.46250753603130457,1.4906523424647071,[0.58565666 0.99808828 0.07582248 0.88242166 0.29127761],,0.0
mogp_shuffled_wavelength_control_seed1,26794348,r,19,27,5,[ 7  9 12 21 23],4.065168299807021,0.7199564873456133,2.5391540576411735,0.4496936661282835,5.646408319473267,2.9744531659126685,0.4,1.0,1.0,0.20263242205503534,1.160691909042218,[0.57231748 0.93986691 0.0609718  0.911611   0.29914955],,1.0
mogp_shuffled_wavelength_control_seed2,26794348,r,19,27,5,[ 7  9 12 21 23],2.8924192493222414,0.5122582508507045,1.9062253330665473,0.3375996253215305,5.646408319473267,2.8400833310363742,0.6,0.8,1.0,-0.24882187020029262,1.1426169496626661,[0.38091274 0.40580567 0.02230552 0.94545814 0.3833483 ],,2.0
mogp_shuffled_wavelength_control_seed3,26794348,r,19,27,5,[ 7  9 12 21 23],2.970274213673775,0.5260466557882342,1.9528020055959043,0.3458485279679657,5.646408319473267,2.8762249612540023,0.6,0.8,1.0,-0.2696757180993335,1.1723143036287276,[0.3805234  0.36675612 0.01907079 0.94854381 0.39689958],,3.0
mogp_shuffled_wavelength_control_seed4,26794348,r,19,27,5,[ 7  9 12 21 23],5.539293550888738,0.9810295744615011,3.3672145329389496,0.5963462687114107,5.646408319473267,3.5155048788962744,0.4,0.8,1.0,0.4609280058122095,1.4883552220706633,[0.58537474 0.99804484 0.07585377 0.88241589 0.29117539],,4.0
same_total_train_budget_existing,26794348,r,6,13,5,[ 7  9 12 21 23],6.0691106587826225,1.074862162881764,3.519226007781073,0.6232680685957492,5.646408319473267,3.3721412601780494,0.4,0.8,1.0,0.9309221201570288,1.2055115003743575,[0.3019797  0.99489653 0.88446892 0.96227173 0.35542333],"Fixed-total-budget comparison, not an isolated cross-band covariance test.",
single_band_gp,97960909,r,17,0,5,[ 4  5  9 16 19],3.9533069399295444,0.4960571388843116,4.667490816422289,0.5856722423390945,7.969458818435669,3.700370813976914,0.8,1.0,1.0,-0.3731588378965334,0.5382795323592852,[0.51486901 0.47587958 0.08768401 0.52398653 0.29198942],,
mogp_target_only,97960909,r,17,0,5,[ 4  5  9 16 19],3.953309001902268,0.49605739761865864,4.667492252207341,0.585672422500017,7.969458818435669,3.700370986538509,0.8,1.0,1.0,-0.37315913591176486,0.5382797853112598,[0.51486901 0.47587958 0.08768393 0.52398653 0.29198907],,
mogp_real_wavelength,97960909,r,17,25,5,[ 4  5  9 16 19],3.7204538492776567,0.46683895783126056,4.122270470098381,0.5172585195574854,7.969458818435669,3.4849954073077023,1.0,1.0,1.0,-0.0450289350251545,0.3864298169087665,[0.51077508 0.51279726 0.37860928 0.72124071 0.28718188],,
mogp_independent_band_control,97960909,r,17,25,5,[ 4  5  9 16 19],3.7103206079931685,0.46556744849601595,7.665634687131437,0.9618764412708428,7.969458818435669,4.053227817928274,0.8,1.0,1.0,-0.34449315117884655,0.4656873278589937,[0.50348957 0.48915067 0.11944318 0.50474565 0.29524182],Approximate independent-band control: wavelength length scale set near zero.,
mogp_shuffled_wavelength_control_seed0,97960909,r,17,25,5,[ 4  5  9 16 19],3.5076914174710505,0.4401417332575636,4.000191520211841,0.5019401707626919,7.969458818435669,3.4567996414784403,1.0,1.0,1.0,-0.012397724853652693,0.362782797091002,[0.5120337  0.51402835 0.45123252 0.71363091 0.28474466],,0.0
mogp_shuffled_wavelength_control_seed1,97960909,r,17,25,5,[ 4  5  9 16 19],5.134780227868014,0.6443072666351922,4.461087342809603,0.5597729337015727,7.969458818435669,3.5159666889906007,1.0,1.0,1.0,0.013062593056465044,0.5004802221219257,[0.5093849  0.51361092 0.36962265 0.81754442 0.28585615],,1.0
mogp_shuffled_wavelength_control_seed2,97960909,r,17,25,5,[ 4  5  9 16 19],3.791415376556813,0.47574314177848187,4.066118559487842,0.5102126320148278,7.969458818435669,3.4727638899893107,1.0,1.0,1.0,-0.07870239218773709,0.4190287989127908,[0.50971494 0.51455366 0.3195668  0.72353043 0.28136006],,2.0
mogp_shuffled_wavelength_control_seed3,97960909,r,17,25,5,[ 4  5  9 16 19],3.6015412563163864,0.4519179204471171,4.080453793494378,0.5120114033408524,7.969458818435669,3.480494486302857,1.0,1.0,1.0,-0.06747393697548833,0.3904681370660429,[0.51013857 0.51429106 0.34907336 0.71125393 0.28507034],,3.0
mogp_shuffled_wavelength_control_seed4,97960909,r,17,25,5,[ 4  5  9 16 19],3.620704199832912,0.45432246810249816,4.075524778830599,0.5113929153385833,7.969458818435669,3.473016103109553,1.0,1.0,1.0,-0.01729957980386585,0.36831916627724637,[0.50960852 0.51426889 0.43674048 0.71823922 0.28612536],,4.0
same_total_train_budget_existing,97960909,r,4,13,5,[ 4  5  9 16 19],55.210824925500496,6.927801019284001,24.14424334185039,3.029596349252443,7.969458818435669,4.8991134213933565,0.8,0.8,1.0,-0.5074470322907048,1.030210919246596,[0.53124814 0.50052727 0.00521839 0.53573161 0.4421033 ],"Fixed-total-budget comparison, not an isolated cross-band covariance test.",
single_band_gp,114809828,r,15,0,4,[ 4  7 11 13],1.9342797849775544,0.4795919810801358,2.0543018411924248,0.5093506624045487,4.03317791223526,2.9576028663497307,1.0,1.0,1.0,-0.020237953388136776,0.22772995167296406,[0.38228303 0.42770434 0.55810447 0.60048206],,
mogp_target_only,114809828,r,15,0,4,[ 4  7 11 13],1.934279294577697,0.47959185948870886,2.0543014408699465,0.5093505631472169,4.03317791223526,2.957602753277876,1.0,1.0,1.0,-0.02023794367211179,0.22772966786536966,[0.38228302 0.42770458 0.55810454 0.60048178],,
mogp_real_wavelength,114809828,r,15,22,4,[ 4  7 11 13],5.231743555072477,1.2971764868594526,3.457136744824717,0.8571743721835244,4.03317791223526,3.3310658143777716,0.75,1.0,1.0,0.30620567452218633,0.7062301573052535,[0.34745468 0.9313141  0.53238318 0.51998364],,
mogp_independent_band_control,114809828,r,15,22,4,[ 4  7 11 13],1.9509052044969135,0.483714144763747,1.8353475659840939,0.4550623865156772,4.03317791223526,2.828789210926527,1.0,1.0,1.0,-0.03581507040194752,0.26407919540706903,[0.36370163 0.40453487 0.57026965 0.60637647],Approximate independent-band control: wavelength length scale set near zero.,
mogp_shuffled_wavelength_control_seed0,114809828,r,15,22,4,[ 4  7 11 13],5.109909020959452,1.2669684135326051,3.386720659402084,0.8397151658318743,4.03317791223526,3.309324416457212,0.75,1.0,1.0,0.2845227493561085,0.6638203434957671,[0.35215001 0.91784821 0.52920056 0.52137729],,0.0
mogp_shuffled_wavelength_control_seed1,114809828,r,15,22,4,[ 4  7 11 13],5.097906656695238,1.2639925060657407,3.375223030840079,0.836864404270594,4.03317791223526,3.3069873398095444,0.75,1.0,1.0,0.2869096814023039,0.6625016387680983,[0.35092474 0.91752707 0.52804698 0.52848986],,1.0
mogp_shuffled_wavelength_control_seed2,114809828,r,15,22,4,[ 4  7 11 13],5.09261992383374,1.2626816953411604,3.3765657312361927,0.837197318023801,4.03317791223526,3.308160103912095,0.75,1.0,1.0,0.28442728139461554,0.6598340208681976,[0.35214662 0.91662977 0.52819848 0.52541337],,2.0
mogp_shuffled_wavelength_control_seed3,114809828,r,15,22,4,[ 4  7 11 13],5.081277749371411,1.2598694776038966,3.369894091658187,0.8355431287658052,4.03317791223526,3.3073417428870155,0.75,1.0,1.0,0.2854672943900046,0.6581635986275776,[0.35314846 0.91636257 0.52789822 0.52698872],,3.0
mogp_shuffled_wavelength_control_seed4,114809828,r,15,22,4,[ 4  7 11 13],5.08392069115872,1.260524777678632,3.3575723888835274,0.8324880434105869,4.03317791223526,3.30085067913236,0.75,1.0,1.0,0.2748344815469491,0.6518397258654287,[0.3533395  0.91329991 0.52739792 0.5181728 ],,4.0
same_total_train_budget_existing,114809828,r,2,13,4,[ 4  7 11 13],14.75204352168855,3.6576723969790614,7.622020467073358,1.889829963600365,4.03317791223526,4.574086599563154,0.75,0.75,0.75,-1.1073256749069946,1.5200261356769986,[2.34284216e-01 1.12446076e-04 5.25669804e-01 4.68275936e-01],"Fixed-total-budget comparison, not an isolated cross-band covariance test.",
single_band_gp,9858227,r,22,0,6,[ 2  4  8 16 17 25],10.372720955826322,0.7798812055258489,5.497482424187251,0.4133325516603347,13.300385856628418,3.653089787041776,0.8333333333333334,1.0,1.0,-0.5137612400249431,0.3904018384758804,[0.44064644 0.40680612 0.35538195 0.40064014 0.19632813 0.1112064 ],,
mogp_target_only,9858227,r,22,0,6,[ 2  4  8 16 17 25],10.372721202415233,0.7798812240658307,5.497482297254501,0.41333254211679576,13.300385856628418,3.6530898962662115,0.8333333333333334,1.0,1.0,-0.513761650035124,0.3904023030007876,[0.44064628 0.40680613 0.35538193 0.40064011 0.19632805 0.11120609],,
mogp_real_wavelength,9858227,r,22,25,6,[ 2  4  8 16 17 25],9.998507433649108,0.7517456667368957,5.013965104139467,0.3769789206258774,13.300385856628418,3.510682714772278,0.6666666666666666,1.0,1.0,-0.6083010603953687,0.44635669180993537,[0.41110289 0.38013643 0.38536545 0.35822596 0.12657043 0.09298462],,
mogp_independent_band_control,9858227,r,22,25,6,[ 2  4  8 16 17 25],10.420774849660734,0.7834941754315652,5.190087773019704,0.39022084238504684,13.300385856628418,3.5171461339308645,0.6666666666666666,1.0,1.0,-0.6469643226082865,0.4410750817120262,[0.41463052 0.38260295 0.30208461 0.36594423 0.12206413 0.08984243],Approximate independent-band control: wavelength length scale set near zero.,
mogp_shuffled_wavelength_control_seed0,9858227,r,22,25,6,[ 2  4  8 16 17 25],9.890724745875609,0.7436419403536657,4.988506122519866,0.37506476701454344,13.300385856628418,3.517419457568266,0.6666666666666666,1.0,1.0,-0.5904541298039466,0.4476672666377896,[0.39874716 0.37311318 0.43084053 0.35863469 0.13232273 0.09498115],,0.0
mogp_shuffled_wavelength_control_seed1,9858227,r,22,25,6,[ 2  4  8 16 17 25],9.859318590883028,0.741280643822037,4.949479613532401,0.3721305281580056,13.300385856628418,3.5044831173619926,0.6666666666666666,1.0,1.0,-0.596907877267102,0.45111218127974767,[0.40444873 0.37512487 0.41304426 0.36458757 0.12779563 0.09367296],,1.0
mogp_shuffled_wavelength_control_seed2,9858227,r,22,25,6,[ 2  4  8 16 17 25],10.074987749054678,0.7574958995669797,5.0174254987048394,0.37723909312032033,13.300385856628418,3.494664002328211,0.6666666666666666,1.0,1.0,-0.6384996112547222,0.45264994916373946,[0.4057091  0.37749041 0.35877053 0.35485072 0.11446889 0.08960061],,2.0
mogp_shuffled_wavelength_control_seed3,9858227,r,22,25,6,[ 2  4  8 16 17 25],9.96300569392139,0.7490764404369666,4.971655552201772,0.37379784359594975,13.300385856628418,3.494131891189982,0.6666666666666666,1.0,1.0,-0.6220932154118183,0.4594687358944124,[0.41126368 0.37881997 0.38237877 0.3565097  0.11672052 0.08994439],,3.0
mogp_shuffled_wavelength_control_seed4,9858227,r,22,25,6,[ 2  4  8 16 17 25],10.0558708718836,0.7560585820803182,5.01239882845341,0.3768611589531755,13.300385856628418,3.4957336398180807,0.6666666666666666,1.0,1.0,-0.6340728622104522,0.4537613832983582,[0.40766607 0.37880997 0.36067096 0.35744464 0.11561937 0.08961347],,4.0
same_total_train_budget_existing,9858227,r,5,17,6,[ 2  4  8 16 17 25],13.916182954928086,1.046299190484972,7.819516505243604,0.5879165153202415,13.300385856628418,3.968613248593359,0.8333333333333334,1.0,1.0,-0.7759381942527105,0.2813799295636871,[0.18261835 0.24603724 0.28105102 0.34422495 0.09737196 0.21598347],"Fixed-total-budget comparison, not an isolated cross-band covariance test.",
single_band_gp,19370388,r,20,0,5,[ 0  7 10 15 23],2.042017567764398,0.4527727215929089,1.1929096983376613,0.2645016278298914,4.510027813911436,2.181579040914504,0.8,1.0,1.0,0.2313804778485827,0.6902813781739688,[0.82301271 0.62148375 0.84974393 0.29962246 0.27785212],,
mogp_target_only,19370388,r,20,0,5,[ 0  7 10 15 23],2.0420176077547407,0.45277273045989247,1.1929097217127298,0.26450163301280144,4.510027813911436,2.1815790543549145,0.8,1.0,1.0,0.23138047732790284,0.690281399473303,[0.82301272 0.62148374 0.84974393 0.29962245 0.27785212],,
mogp_real_wavelength,19370388,r,20,28,5,[ 0  7 10 15 23],2.082777803434772,0.4618104121243612,1.217637959962872,0.26998457885492383,4.510027813911436,2.192165444668735,0.8,1.0,1.0,0.17199094121796246,0.7316929321943452,[0.82391432 0.59367547 0.84455755 0.26868979 0.24070778],,
mogp_independent_band_control,19370388,r,20,28,5,[ 0  7 10 15 23],2.0270570845829843,0.4494555617440788,1.1854294521808064,0.26284304689303295,4.510027813911436,2.178344007813995,0.8,1.0,1.0,0.22990766698022203,0.6841534862232473,[0.82069827 0.62007392 0.84820013 0.30125805 0.28024127],Approximate independent-band control: wavelength length scale set near zero.,
mogp_shuffled_wavelength_control_seed0,19370388,r,20,28,5,[ 0  7 10 15 23],2.0821077332961995,0.46166183873053296,1.2176776917875367,0.2699933885178138,4.510027813911436,2.1920951384952585,0.8,1.0,1.0,0.16742246146243206,0.733330056119229,[0.8233529  0.59237935 0.84359944 0.26695099 0.23820845],,0.0
mogp_shuffled_wavelength_control_seed1,19370388,r,20,28,5,[ 0  7 10 15 23],2.082031963428932,0.46164503842011495,1.2176462844626996,0.26998642463064215,4.510027813911436,2.192081198729153,0.8,1.0,1.0,0.16732336759742217,0.7333337507665023,[0.82332963 0.59233946 0.84357572 0.26692349 0.23817118],,1.0
mogp_shuffled_wavelength_control_seed2,19370388,r,20,28,5,[ 0  7 10 15 23],1.7376118674873173,0.38527741716526787,1.0582834290555976,0.23465119789090047,4.510027813911436,2.1332738112347442,1.0,1.0,1.0,0.2030930043790315,0.5629098366159782,[0.76805919 0.61958878 0.80852239 0.33425742 0.32072117],,2.0
mogp_shuffled_wavelength_control_seed3,19370388,r,20,28,5,[ 0  7 10 15 23],1.9530735975781464,0.4330513420679536,1.1519784274530493,0.25542601398148956,4.510027813911436,2.1674624790544605,1.0,1.0,1.0,0.22816846252088446,0.6487098980288181,[0.80626353 0.62838951 0.83780992 0.31307332 0.29140083],,3.0
mogp_shuffled_wavelength_control_seed4,19370388,r,20,28,5,[ 0  7 10 15 23],2.0811064321474313,0.461439822106671,1.2171244509918795,0.2698707194748534,4.510027813911436,2.191863414411303,0.8,1.0,1.0,0.16765050198511083,0.7327593958380384,[0.82320722 0.59224632 0.84361158 0.26720018 0.23859132],,4.0
same_total_train_budget_existing,19370388,r,6,14,5,[ 0  7 10 15 23],2.1002920800083147,0.4656938197875066,1.222376513722123,0.27103524948374674,4.510027813911436,2.1951409724760134,0.8,1.0,1.0,0.22267409851317788,0.7175520121648236,[0.82942952 0.60956017 0.85689429 0.28625429 0.26801602],"Fixed-total-budget comparison, not an isolated cross-band covariance test.",
single_band_gp,39985847,r,19,0,5,[ 6  7  8 16 19],2.2835726250245587,0.34708807408766634,3.3636842497481445,0.5112579627597982,6.579231023788451,3.362656963972756,1.0,1.0,1.0,-0.055157019507436164,0.3138410431699306,[0.50908653 0.55545296 0.53212053 0.24961851 0.56240716],,
mogp_target_only,39985847,r,19,0,5,[ 6  7  8 16 19],2.283571036869634,0.3470878326985254,3.3636849713778956,0.5112580724427912,6.579231023788451,3.36265725123022,1.0,1.0,1.0,-0.0551577033409472,0.313840602146228,[0.50908651 0.55545244 0.53211964 0.24961857 0.56240715],,
mogp_real_wavelength,39985847,r,19,27,5,[ 6  7  8 16 19],1.942820151235693,0.2952959311218986,2.359198420045826,0.35858269933305253,6.579231023788451,2.947552183805101,1.0,1.0,1.0,-0.19190378066672387,0.3921253393441523,[0.52055742 0.51467601 0.46573719 0.16595004 0.5033577 ],,
mogp_independent_band_control,39985847,r,19,27,5,[ 6  7  8 16 19],1.698052926090958,0.258092916930767,2.755371898662762,0.4187984718427116,6.579231023788451,3.150769326855209,1.0,1.0,1.0,-0.0694460485703889,0.24611480487566526,[0.51068468 0.5144368  0.47457384 0.29654038 0.57453916],Approximate independent-band control: wavelength length scale set near zero.,
mogp_shuffled_wavelength_control_seed0,39985847,r,19,27,5,[ 6  7  8 16 19],2.5462152052386893,0.3870080251069415,2.5616895846663006,0.38936002937182607,6.579231023788451,2.989669911573631,0.8,1.0,1.0,-0.24965117050189273,0.5360790129330626,[0.51273823 0.53741693 0.4817714  0.09379228 0.49575015],,0.0
mogp_shuffled_wavelength_control_seed1,39985847,r,19,27,5,[ 6  7  8 16 19],2.4072123992463683,0.3658805095219544,2.482352054274906,0.3773012446742626,6.579231023788451,2.9654417840865075,0.8,1.0,1.0,-0.24518375312730067,0.5010942924278348,[0.52033018 0.52043605 0.4670126  0.10701417 0.4988818 ],,1.0
mogp_shuffled_wavelength_control_seed2,39985847,r,19,27,5,[ 6  7  8 16 19],2.3922539018744344,0.36360691594880756,2.481949847993616,0.3772401119552814,6.579231023788451,2.9610984368443676,0.8,1.0,1.0,-0.24765927627154866,0.5036478129912462,[0.51221808 0.52221815 0.46674311 0.10554865 0.50373582],,2.0
mogp_shuffled_wavelength_control_seed3,39985847,r,19,27,5,[ 6  7  8 16 19],2.125613667246211,0.32307934765638324,2.401931899119707,0.36507790810735613,6.579231023788451,2.9354507325634955,0.8,1.0,1.0,-0.21883237490877688,0.440636241684588,[0.51220442 0.52159256 0.46717531 0.1367024  0.49948859],,3.0
mogp_shuffled_wavelength_control_seed4,39985847,r,19,27,5,[ 6  7  8 16 19],2.683246341933418,0.40783585987961735,2.617516094453824,0.39784529301216215,6.579231023788451,3.0303103012496155,0.8,1.0,1.0,-0.2600338032238971,0.5474351276886942,[0.5201351  0.52941928 0.4784682  0.08834648 0.4922348 ],,4.0
same_total_train_budget_existing,39985847,r,4,15,5,[ 6  7  8 16 19],38.36108249262084,5.830633147539447,17.88532043719537,2.7184514987431845,6.579231023788451,17.94025384318402,0.8,0.8,0.8,2.349308822637966,4.9456324460935255,[0.41780462 0.48603823 0.48965899 1.         0.41130424],"Fixed-total-budget comparison, not an isolated cross-band covariance test.",
single_band_gp,76782555,r,20,0,5,[ 0  3  5 10 19],3.2088611401265292,0.5584664608201709,2.1455298542584798,0.37340552051576265,5.745843958854674,2.8684599161649458,1.0,1.0,1.0,0.14422218331184178,0.5529651177157422,[0.64664362 0.70353935 0.57087835 0.17677299 0.71203899],,
mogp_target_only,76782555,r,20,0,5,[ 0  3  5 10 19],3.208861339670236,0.5584664955485256,2.1455306617295546,0.3734056610470894,5.745843958854674,2.8684604586035225,1.0,1.0,1.0,0.1442217601818438,0.5529651202231008,[0.64664324 0.70353914 0.57087839 0.17677286 0.71203894],,
mogp_real_wavelength,76782555,r,20,28,5,[ 0  3  5 10 19],5.483810154481626,0.954395941440554,3.161040871794966,0.5501438769362369,5.745843958854674,3.115497848754701,0.6,1.0,1.0,0.1831083374389769,1.0937041449443319,[0.46359733 0.92903299 0.79614303 0.03960415 0.67927225],,
mogp_independent_band_control,76782555,r,20,28,5,[ 0  3  5 10 19],3.5502488422877514,0.6178811794595667,2.814232369540656,0.4897857285532029,5.745843958854674,3.1148869916576123,1.0,1.0,1.0,0.12838196651294606,0.5113120798557147,[0.615664   0.69134019 0.55688693 0.19742663 0.71086467],Approximate independent-band control: wavelength length scale set near zero.,
mogp_shuffled_wavelength_control_seed0,76782555,r,20,28,5,[ 0  3  5 10 19],5.641639308317506,0.9818643438138305,2.983428385655027,0.519232406417406,5.745843958854674,2.9599826862708603,0.6,1.0,1.0,0.37280250264035286,0.8685429945695232,[0.43468461 0.9290925  0.85439847 0.16585157 0.6824674 ],,0.0
mogp_shuffled_wavelength_control_seed1,76782555,r,20,28,5,[ 0  3  5 10 19],4.9841554205618115,0.8674366126634788,2.6777651736709105,0.46603513649971673,5.745843958854674,2.887392792142303,0.6,1.0,1.0,0.2649041520785396,0.785912490426757,[0.43558495 0.87781514 0.80965876 0.15136804 0.6831422 ],,1.0
mogp_shuffled_wavelength_control_seed2,76782555,r,20,28,5,[ 0  3  5 10 19],5.645185398502328,0.9824815012253812,2.966877800416934,0.5163519618114247,5.745843958854674,2.942189417197653,0.4,1.0,1.0,0.3019909189985113,0.8797305126704461,[0.4483964  0.89729907 0.85541345 0.12227625 0.68335576],,2.0
mogp_shuffled_wavelength_control_seed3,76782555,r,20,28,5,[ 0  3  5 10 19],5.428025982826072,0.9446873290843852,2.834098244968981,0.49324316240810434,5.745843958854674,2.902349134258793,0.4,1.0,1.0,0.2822343514110143,0.855423891888915,[0.47223329 0.87361676 0.85347588 0.117244   0.6824612 ],,3.0
mogp_shuffled_wavelength_control_seed4,76782555,r,20,28,5,[ 0  3  5 10 19],5.98881162956725,1.0422858108316968,3.1252938004343873,0.5439224982116215,5.745843958854674,2.9800676976484572,0.4,1.0,1.0,0.35270029455495433,0.8663126966433343,[0.48387957 0.90000882 0.87359983 0.13681988 0.68205875],,4.0
same_total_train_budget_existing,76782555,r,6,14,5,[ 0  3  5 10 19],6.527163505381888,1.1359799451781416,3.8110662273201235,0.6632735338116958,5.745843958854674,3.3312728442134856,0.8,1.0,1.0,0.08608909146726736,0.7704393153743325,[0.72009401 0.80380416 0.70825468 0.3749051  0.10797545],"Fixed-total-budget comparison, not an isolated cross-band covariance test.",
single_band_gp,92321294,r,20,0,5,[ 6 10 11 13 18],2.414577032939748,0.5238119869022005,1.4135502030773397,0.3066518609093499,4.609625387191772,2.3499937829638458,0.8,1.0,1.0,-0.3084189115011056,0.8446376777334762,[0.64325368 0.77527409 0.05428206 0.41458519 0.1990144 ],,
mogp_target_only,92321294,r,20,0,5,[ 6 10 11 13 18],2.414577475361726,0.5238120828800601,1.4135504684880682,0.30665191848685486,4.609625387191772,2.3499940362935554,0.8,1.0,1.0,-0.3084188602915998,0.844637703676515,[0.64325385 0.77527389 0.05428203 0.41458552 0.19901437],,
mogp_real_wavelength,92321294,r,20,27,5,[ 6 10 11 13 18],2.870535436382549,0.6227264029651023,1.6902405147314308,0.3666763289329117,4.609625387191772,2.546220967132602,0.6,1.0,1.0,-0.3792389248719253,0.9095887426661382,[0.59624186 0.64354355 0.0385415  0.66436865 0.12214704],,
mogp_independent_band_control,92321294,r,20,27,5,[ 6 10 11 13 18],3.0989392869642587,0.6722757332027283,1.8211002525071636,0.39506469605257777,4.609625387191772,2.6186424320374093,0.6,1.0,1.0,-0.43608466326407685,0.9075465795926143,[0.68849221 0.63024007 0.03611041 0.5047058  0.1115045 ],Approximate independent-band control: wavelength length scale set near zero.,
mogp_shuffled_wavelength_control_seed0,92321294,r,20,27,5,[ 6 10 11 13 18],3.0100940076732927,0.6530018721341412,1.7896406555909656,0.38823993389216205,4.609625387191772,2.5557435323408884,0.6,1.0,1.0,-0.11914080934120903,0.8862531048786609,[0.70924481 0.74713642 0.11863326 0.7239641  0.1102497 ],,0.0
mogp_shuffled_wavelength_control_seed1,92321294,r,20,27,5,[ 6 10 11 13 18],3.0103051168773916,0.6530476696092864,1.7867746298401765,0.38761818580852114,4.609625387191772,2.5353237101990063,0.6,1.0,1.0,-0.0399703896534227,0.9161871727349157,[0.74527624 0.7908878  0.13576666 0.74178856 0.11153854],,1.0
mogp_shuffled_wavelength_control_seed2,92321294,r,20,27,5,[ 6 10 11 13 18],2.7672842815825986,0.6003273691766208,1.6323162617286378,0.3541103939300934,4.609625387191772,2.5157015105411022,0.6,1.0,1.0,-0.3908047457466207,0.8864537611214618,[0.51268435 0.64917201 0.03946865 0.68834067 0.1349752 ],,2.0
mogp_shuffled_wavelength_control_seed3,92321294,r,20,27,5,[ 6 10 11 13 18],2.9012786672212934,0.6293957585539895,1.7218507109163599,0.37353376170234254,4.609625387191772,2.518496875471833,0.6,1.0,1.0,-0.06327383942684581,0.8583870589172298,[0.68936964 0.78056623 0.15227255 0.73554937 0.11751734],,3.0
mogp_shuffled_wavelength_control_seed4,92321294,r,20,27,5,[ 6 10 11 13 18],3.053754695836594,0.6624735069191752,1.816829431080675,0.3941381952921569,4.609625387191772,2.5893725340419755,0.6,1.0,1.0,-0.250750506039221,0.9011645488084572,[0.68506595 0.68846052 0.07264938 0.68286046 0.10628503],,4.0
same_total_train_budget_existing,92321294,r,3,17,5,[ 6 10 11 13 18],2.4209301629611897,0.5251902182090427,1.5051690538112048,0.3265274132673432,4.609625387191772,2.523362169975292,0.8,1.0,1.0,-0.3428729493461963,0.614508423024375,[0.34771442 0.62494355 0.06897302 0.4937724  0.4434363 ],"Fixed-total-budget comparison, not an isolated cross-band covariance test.",
single_band_gp,94621519,r,18,0,5,[ 0  4  6 14 22],3.1923997012939385,0.6214493636058367,2.1962448587663337,0.42753260791552133,5.137023043632505,2.8818486197060897,1.0,1.0,1.0,0.2512721509904135,0.5045062116842751,[0.65301875 0.62757103 0.64285361 0.80328875 0.2475962 ],,
mogp_target_only,94621519,r,18,0,5,[ 0  4  6 14 22],3.192398734399691,0.6214491753851028,2.196244529977119,0.42753254391167866,5.137023043632505,2.881848731780546,1.0,1.0,1.0,0.2512722348611918,0.5045060408681943,[0.65301872 0.62757097 0.64285361 0.80328879 0.24759637],,
mogp_real_wavelength,94621519,r,18,25,5,[ 0  4  6 14 22],2.8610137209574655,0.5569400208363439,2.146194855401232,0.41778961028051165,5.137023043632505,2.9044648167044285,1.0,1.0,1.0,0.22675135078201736,0.372340151612277,[0.61990467 0.62457656 0.63833489 0.73717433 0.31644385],,
mogp_independent_band_control,94621519,r,18,25,5,[ 0  4  6 14 22],3.0574707805705836,0.5951833882389161,2.6381229834655064,0.5135509342780814,5.137023043632505,3.094402629126225,1.0,1.0,1.0,0.12793435835625963,0.47045393385163503,[0.62929865 0.61476638 0.56677185 0.73100186 0.22180971],Approximate independent-band control: wavelength length scale set near zero.,
mogp_shuffled_wavelength_control_seed0,94621519,r,18,25,5,[ 0  4  6 14 22],2.733071783016105,0.5320341683893807,2.507580001881183,0.488138748956831,5.137023043632505,3.085495508576227,1.0,1.0,1.0,0.29209191621065156,0.25225582631082616,[0.57669734 0.58130191 0.61956548 0.77538408 0.5002979 ],,0.0
mogp_shuffled_wavelength_control_seed1,94621519,r,18,25,5,[ 0  4  6 14 22],2.7330183444426877,0.5320237657548269,2.5536828713977573,0.49711337669842154,5.137023043632505,3.1104447185410224,1.0,1.0,1.0,0.27019091957947905,0.26570024775263534,[0.57698595 0.57946182 0.61451069 0.77074834 0.46964603],,1.0
mogp_shuffled_wavelength_control_seed2,94621519,r,18,25,5,[ 0  4  6 14 22],2.9490012187341046,0.5740681312281596,2.585709552970997,0.5033478594525796,5.137023043632505,3.113393225731603,1.0,1.0,1.0,0.26972481778134283,0.24811466017247638,[0.57827663 0.58000083 0.63163618 0.75423524 0.47017648],,2.0
mogp_shuffled_wavelength_control_seed3,94621519,r,18,25,5,[ 0  4  6 14 22],2.6001981316289218,0.5061682825915966,2.109973349316962,0.4107385408621707,5.137023043632505,2.907749492267972,1.0,1.0,1.0,0.17958459949269528,0.4044445003564256,[0.62349345 0.62594422 0.5817427  0.73670376 0.28181904],,3.0
mogp_shuffled_wavelength_control_seed4,94621519,r,18,25,5,[ 0  4  6 14 22],2.7496968736987224,0.5352704962277821,2.1450479106342897,0.4175663399628198,5.137023043632505,2.9175916043329537,1.0,1.0,1.0,0.21090382234901509,0.38003121909596577,[0.62746707 0.62425691 0.60799846 0.73924857 0.30767548],,4.0
same_total_train_budget_existing,94621519,r,4,14,5,[ 0  4  6 14 22],2.0019616698857092,0.3897124176554359,2.447238706485602,0.4763923941355545,5.137023043632505,3.2064844312088416,1.0,1.0,1.0,0.09640108505579942,0.22696664216067378,[0.45293639 0.47211834 0.59664226 0.68165908 0.4813318 ],"Fixed-total-budget comparison, not an isolated cross-band covariance test.",
single_band_gp,106260667,r,16,0,5,[ 3 10 15 17 20],9.677511186045109,0.8838108891261077,4.8291271242609675,0.4410261125350659,10.94975328445434,3.3231608891074473,0.4,0.8,1.0,-0.7404575073283077,1.030517103874629,[0.73505681 0.10809103 0.14383016 0.01298488 0.57777674],,
mogp_target_only,106260667,r,16,0,5,[ 3 10 15 17 20],9.677511915007443,0.8838109556995104,4.829128667521468,0.44102625347527347,10.94975328445434,3.323161527184085,0.4,0.8,1.0,-0.7404575202785282,1.0305176558225035,[0.73505727 0.10809103 0.14382988 0.01298487 0.57777677],,
mogp_real_wavelength,106260667,r,16,24,5,[ 3 10 15 17 20],9.204969919214399,0.8406554631950423,4.928724691163628,0.45012198568538264,10.94975328445434,3.529676086063678,0.4,0.8,1.0,-0.9703042035162955,1.072462880233297,[0.75052027 0.14573479 0.07599217 0.00504954 0.31997451],,
mogp_independent_band_control,106260667,r,16,24,5,[ 3 10 15 17 20],8.863431539065004,0.8094640407696361,4.243097153594585,0.38750618788997043,10.94975328445434,3.1608346128906204,0.4,1.0,1.0,-0.6546904936233285,0.7548568511861125,[0.699064   0.11541763 0.1283666  0.07888634 0.47997983],Approximate independent-band control: wavelength length scale set near zero.,
mogp_shuffled_wavelength_control_seed0,106260667,r,16,24,5,[ 3 10 15 17 20],14.809061444638644,1.3524561750321322,6.998661835034001,0.639161600560461,10.94975328445434,3.7471072962623624,0.6,0.8,1.0,-0.9852184574732608,1.0608030122723242,[0.64962463 0.16520084 0.12946938 0.00239004 0.3494895 ],,0.0
mogp_shuffled_wavelength_control_seed1,106260667,r,16,24,5,[ 3 10 15 17 20],15.751667759324452,1.4385408830797601,7.901988400401419,0.7216590360643179,10.94975328445434,4.770210385226781,0.4,0.8,0.8,-1.2347806028687922,1.7211786258391217,"[7.08651572e-01 1.40610638e-01 7.71009763e-02 6.79552766e-06
 5.51494561e-01]",,1.0
mogp_shuffled_wavelength_control_seed2,106260667,r,16,24,5,[ 3 10 15 17 20],14.06663229392827,1.2846528984264007,7.27173108657801,0.6640999936411245,10.94975328445434,5.261921731378971,0.4,0.8,0.8,-1.320772862739511,1.965025484189562,"[7.41737550e-01 1.48646052e-01 8.80610681e-02 3.38504803e-07
 5.43921910e-01]",,2.0
mogp_shuffled_wavelength_control_seed3,106260667,r,16,24,5,[ 3 10 15 17 20],14.993387739154459,1.3692900058708148,7.1131089402122285,0.6496136264833383,10.94975328445434,3.761787879095654,0.4,0.8,1.0,-0.9725324842888254,1.0670886773096764,[0.66917612 0.15718237 0.13471183 0.00254353 0.34888351],,3.0
mogp_shuffled_wavelength_control_seed4,106260667,r,16,24,5,[ 3 10 15 17 20],15.937367114161486,1.4555001103804042,7.940642957448821,0.7251892121370777,10.94975328445434,4.78536643655072,0.4,0.8,0.8,-1.256314414260793,1.7145254146470783,"[6.92259525e-01 1.42155050e-01 8.22536478e-02 5.72012870e-06
 5.25877900e-01]",,4.0
same_total_train_budget_existing,106260667,r,2,14,5,[ 3 10 15 17 20],11.459209380203557,1.0465267191428418,6.4272860081331205,0.586979984038372,10.94975328445434,3.7900662566938634,0.8,1.0,1.0,-0.45893501315294294,0.6129805374076462,[0.65765053 0.37319721 0.33208756 0.06516059 0.33347246],"Fixed-total-budget comparison, not an isolated cross-band covariance test.",
single_band_gp,3219576,r,19,0,5,[ 1  5 12 13 18],15.319721889684853,3.41510531007474,8.08347386039092,1.8019853560826802,4.485871005058283,3.8233195168701655,0.4,1.0,1.0,-0.5373118514751766,1.0487189482676151,[0.84477577 0.40323185 0.0362779  0.05249603 0.48439891],,
mogp_target_only,3219576,r,19,0,5,[ 1  5 12 13 18],15.319734840856643,3.415108197177774,8.083481525384048,1.8019870647794125,4.485871005058283,3.82332050320898,0.4,1.0,1.0,-0.5373125818954544,1.048719849688068,[0.84477574 0.40323176 0.03627774 0.05249583 0.48439915],,
mogp_real_wavelength,3219576,r,19,27,5,[ 1  5 12 13 18],15.087449541327691,3.363326659263058,8.378990518170692,1.867862564198238,4.485871005058283,4.044753570335287,0.6,0.8,1.0,-0.7254743629615498,1.231372905807267,[0.83637869 0.48755931 0.00996164 0.0266592  0.37609889],,
mogp_independent_band_control,3219576,r,19,27,5,[ 1  5 12 13 18],9.343479938079513,2.082868617386406,5.076327755895636,1.1316258871847968,4.485871005058283,3.5526767062516624,1.0,1.0,1.0,-0.19092055660605628,0.664697580565095,[0.82546549 0.44262397 0.17799221 0.21164438 0.49086214],Approximate independent-band control: wavelength length scale set near zero.,
mogp_shuffled_wavelength_control_seed0,3219576,r,19,27,5,[ 1  5 12 13 18],18.03358560998427,4.02008563992356,10.256900044860787,2.286490189596418,4.485871005058283,4.4399524968163435,0.6,0.6,1.0,-0.8926060508963515,1.3948783198561328,[0.83018853 0.50679574 0.00292449 0.01260354 0.32973975],,0.0
mogp_shuffled_wavelength_control_seed1,3219576,r,19,27,5,[ 1  5 12 13 18],14.198448472081749,3.1651486313519785,7.783591991573291,1.7351350457461856,4.485871005058283,3.899918770255695,0.6,1.0,1.0,-0.613370572408938,1.0108765172281646,[0.81065811 0.50487002 0.02726764 0.06811217 0.29224964],,1.0
mogp_shuffled_wavelength_control_seed2,3219576,r,19,27,5,[ 1  5 12 13 18],12.349860567371236,2.7530574449076872,6.678649012280881,1.488818783409067,4.485871005058283,3.7372966470017532,0.6,1.0,1.0,-0.4347544528584453,0.9074429037708129,[0.80993752 0.57973649 0.05593316 0.10664393 0.33789239],,2.0
mogp_shuffled_wavelength_control_seed3,3219576,r,19,27,5,[ 1  5 12 13 18],13.35499999669598,2.9771252855101804,7.248460813884671,1.6158424541658203,4.485871005058283,3.8111866428728645,0.6,1.0,1.0,-0.5432414482352016,0.9571218897908976,[0.81894834 0.50195932 0.04005032 0.08329516 0.30884126],,3.0
mogp_shuffled_wavelength_control_seed4,3219576,r,19,27,5,[ 1  5 12 13 18],13.968356467099634,3.1138560273687914,7.608432716254289,1.6960881638537968,4.485871005058283,3.8648849715021525,0.6,1.0,1.0,-0.6348320388041608,1.0584140571874543,[0.81488172 0.49242693 0.02287181 0.05217848 0.33382816],,4.0
same_total_train_budget_existing,3219576,r,6,13,5,[ 1  5 12 13 18],28.329641736890085,6.315304587435859,16.010231728701164,3.5690352465882262,4.485871005058283,5.018760110389523,0.4,0.6,1.0,-1.0064261360147602,1.606777720028612,[0.85991363 0.54728072 0.00142968 0.0028105  0.31586922],"Fixed-total-budget comparison, not an isolated cross-band covariance test.",
single_band_gp,26109323,r,20,0,5,[ 2  4  9 17 24],3.6539067487029917,0.39151533116007114,2.7414592847539665,0.2937467794199436,9.332729673385614,2.9552245566194397,0.8,1.0,1.0,-0.12808025512221394,0.5729505162095464,[0.15053741 0.67234824 0.41813408 0.69995487 0.35558761],,
mogp_target_only,26109323,r,20,0,5,[ 2  4  9 17 24],3.653897699608217,0.3915143615514902,2.74145869627261,0.2937467163642914,9.332729673385614,2.955224750871385,0.8,1.0,1.0,-0.12807969752744963,0.572951607422606,[0.15053708 0.6723485  0.41813462 0.69995568 0.35558753],,
mogp_real_wavelength,26109323,r,20,29,5,[ 2  4  9 17 24],3.4050088472245474,0.36484597394208246,2.5822232397357623,0.2766846710560529,9.332729673385614,3.0267667288718143,1.0,1.0,1.0,-0.22687829255962844,0.40897555698365295,[0.19073232 0.64589404 0.45995329 0.34467806 0.44702993],,
mogp_independent_band_control,26109323,r,20,29,5,[ 2  4  9 17 24],3.0458240598076167,0.32635940034708943,3.324644790364323,0.3562349823380504,9.332729673385614,3.1381871230433704,1.0,1.0,1.0,-0.15772713970472502,0.3709314383165105,[0.20874399 0.62504052 0.48726752 0.48433453 0.41083551],Approximate independent-band control: wavelength length scale set near zero.,
mogp_shuffled_wavelength_control_seed0,26109323,r,20,29,5,[ 2  4  9 17 24],4.428004017769187,0.47445968893716484,4.463531925219437,0.47826649666583676,9.332729673385614,3.6308629577358347,1.0,1.0,1.0,-0.08550039367835299,0.27222675907606797,[0.30795277 0.5915799  0.50796926 0.38375043 0.5470521 ],,0.0
mogp_shuffled_wavelength_control_seed1,26109323,r,20,29,5,[ 2  4  9 17 24],4.494257949476967,0.4815587836314769,4.495178844587542,0.4816574573467567,9.332729673385614,3.643856309633943,1.0,1.0,1.0,-0.03863526374161269,0.24610736627027607,[0.32598598 0.60910082 0.46751031 0.47103784 0.55371893],,1.0
mogp_shuffled_wavelength_control_seed2,26109323,r,20,29,5,[ 2  4  9 17 24],5.423823793625317,0.5811615661699251,5.076856643490263,0.5439841098117377,9.332729673385614,3.7481929219090118,1.0,1.0,1.0,-0.11141161849066542,0.2498401256931247,[0.32463486 0.5837897  0.43592849 0.38884335 0.55162022],,2.0
mogp_shuffled_wavelength_control_seed3,26109323,r,20,29,5,[ 2  4  9 17 24],3.8584523052260176,0.4134323440471297,2.9790269923930532,0.31920210877728744,9.332729673385614,3.1862325036638266,1.0,1.0,1.0,-0.15023222986400414,0.372033946029635,[0.22851225 0.63600274 0.53944559 0.37394381 0.44717126],,3.0
mogp_shuffled_wavelength_control_seed4,26109323,r,20,29,5,[ 2  4  9 17 24],3.7981139586392807,0.40696710304065276,3.32851020937638,0.356649161163253,9.332729673385614,3.2989518447502832,1.0,1.0,1.0,-0.128627822199831,0.3140353097130679,[0.25188171 0.60704908 0.52163733 0.41715641 0.46363304],,4.0
same_total_train_budget_existing,26109323,r,7,13,5,[ 2  4  9 17 24],12.781752548045048,1.3695620676226272,6.978784236623218,0.747775246991756,9.332729673385614,5.092788987771633,0.6,0.8,0.8,0.7888595910595256,1.918760346740288,[0.14684732 0.51097825 0.63142112 0.99999667 0.5505441 ],"Fixed-total-budget comparison, not an isolated cross-band covariance test.",
single_band_gp,50150449,r,16,0,5,[ 1  8 11 15 18],3.043785907989404,0.6168867031080039,1.6528881219806295,0.3349922547110236,4.9341084718704025,2.508687154385829,0.8,1.0,1.0,-0.27852406089422044,0.6158707417388306,[0.35394917 0.55758222 0.61612706 0.4873756  0.07686825],,
mogp_target_only,50150449,r,16,0,5,[ 1  8 11 15 18],3.0437857646822777,0.6168866740638256,1.6528880073315144,0.3349922314749891,4.9341084718704025,2.5086870664034544,0.8,1.0,1.0,-0.2785242438555873,0.6158706267186052,[0.35394917 0.55758186 0.61612707 0.48737559 0.07686825],,
mogp_real_wavelength,50150449,r,16,24,5,[ 1  8 11 15 18],4.828519106400096,0.9786001126500812,2.9589378461187197,0.5996904735653404,4.9341084718704025,3.1303445314336615,0.8,0.8,1.0,-0.48039206512183946,0.7960774279581655,[0.41599778 0.55049442 0.44783994 0.44847358 0.01988699],,
mogp_independent_band_control,50150449,r,16,24,5,[ 1  8 11 15 18],4.750931463856945,0.9628753585257076,2.915806777456843,0.5909490628509694,4.9341084718704025,3.1299916628451387,0.8,0.8,1.0,-0.4405994188239202,0.8133096490317807,[0.44366693 0.57178974 0.46845701 0.45534679 0.02013648],Approximate independent-band control: wavelength length scale set near zero.,
mogp_shuffled_wavelength_control_seed0,50150449,r,16,24,5,[ 1  8 11 15 18],4.874101026536463,0.98783823953688,3.0452476142131766,0.6171829483632726,4.9341084718704025,3.1655050151458117,0.8,0.8,1.0,-0.4821591885836905,0.7911422291941793,[0.43083446 0.53719099 0.46016569 0.42945607 0.02007852],,0.0
mogp_shuffled_wavelength_control_seed1,50150449,r,16,24,5,[ 1  8 11 15 18],4.868579048950219,0.9867190955987755,3.073554327051792,0.6229198941560118,4.9341084718704025,3.178099455341118,0.8,0.8,1.0,-0.46746983050887564,0.7918011384469933,[0.43924457 0.531604   0.46901446 0.44286451 0.02056045],,1.0
mogp_shuffled_wavelength_control_seed2,50150449,r,16,24,5,[ 1  8 11 15 18],4.875104272911827,0.9880415683410769,3.0588147119309754,0.6199326037052955,4.9341084718704025,3.171381450854178,0.8,0.8,1.0,-0.4802403942904242,0.7885890601218992,[0.43339409 0.53216013 0.46536155 0.42823633 0.02036037],,2.0
mogp_shuffled_wavelength_control_seed3,50150449,r,16,24,5,[ 1  8 11 15 18],4.880571596137238,0.9891496354329499,3.059609199734279,0.6200936232304707,4.9341084718704025,3.1708057749009817,0.8,0.8,1.0,-0.48433013751081155,0.7896279074440721,[0.43113297 0.53749824 0.4627463  0.42129532 0.0201727 ],,3.0
mogp_shuffled_wavelength_control_seed4,50150449,r,16,24,5,[ 1  8 11 15 18],4.882292679568693,0.9894984488895788,3.05296176287593,0.618746381495465,4.9341084718704025,3.1676015365563988,0.8,0.8,1.0,-0.48602235819997597,0.7899801720382965,[0.42708391 0.53954949 0.46089344 0.42245174 0.0200946 ],,4.0
same_total_train_budget_existing,50150449,r,2,14,5,[ 1  8 11 15 18],5.63802317031327,1.1426629962547277,5.053661387420307,1.024229892032468,4.9341084718704025,3.7837356492067693,0.8,1.0,1.0,0.16388834288197435,0.516615078335417,[0.6014319  0.86445313 0.52485055 0.40521529 0.3591912 ],"Fixed-total-budget comparison, not an isolated cross-band covariance test.",
single_band_gp,74893050,r,20,0,5,[ 3 11 14 18 19],50.94165481866701,9.124251824057048,30.686236862558076,5.49626732117943,5.583104872703534,5.664942824804745,0.8,0.8,0.8,-0.677291200927107,1.3957057077739956,"[2.67703046e-04 5.64771808e-01 5.22745616e-01 4.50983502e-01
 4.91616316e-01]",,
mogp_target_only,74893050,r,20,0,5,[ 3 11 14 18 19],50.9416556242892,9.124251968353493,30.686249602982876,5.4962696031399325,5.583104872703534,5.664943394129255,0.8,0.8,0.8,-0.6772906465883296,1.3957049351201316,"[2.67705133e-04 5.64772018e-01 5.22745513e-01 4.50983760e-01
 4.91616215e-01]",,
mogp_real_wavelength,74893050,r,20,28,5,[ 3 11 14 18 19],23.899408219547205,4.280666182072679,12.315133337796544,2.2057857802397196,5.583104872703534,4.384480431426047,0.8,0.8,1.0,-0.40263957953733065,1.0663895224751005,[0.00632702 0.53571907 0.68044034 0.42261364 0.5464864 ],,
mogp_independent_band_control,74893050,r,20,28,5,[ 3 11 14 18 19],49.6710089514814,8.896664147279212,29.473478979256747,5.279048065773599,5.583104872703534,5.574857930640458,0.8,0.8,0.8,-0.6588986377888439,1.3592551259866819,"[3.74630665e-04 5.65812362e-01 5.20199979e-01 4.50551978e-01
 4.93730600e-01]",Approximate independent-band control: wavelength length scale set near zero.,
mogp_shuffled_wavelength_control_seed0,74893050,r,20,28,5,[ 3 11 14 18 19],20.25204545033687,3.627380447276127,10.682256446820919,1.9133182503964319,5.583104872703534,4.208533681738189,0.8,0.8,1.0,-0.3158764501090757,0.9206288366406332,[0.01760781 0.54281324 0.68760796 0.42418016 0.54819167],,0.0
mogp_shuffled_wavelength_control_seed1,74893050,r,20,28,5,[ 3 11 14 18 19],28.559920854881703,5.115419019713308,14.40880666001407,2.5807873913421266,5.583104872703534,4.753831969594261,0.8,0.8,0.8,-0.5562641663751201,1.3545470842075575,"[6.14380855e-04 5.32783609e-01 6.73365912e-01 4.13933758e-01
 5.54381519e-01]",,1.0
mogp_shuffled_wavelength_control_seed2,74893050,r,20,28,5,[ 3 11 14 18 19],21.5766553844557,3.864633725572046,11.616380649990806,2.080630923983656,5.583104872703534,4.3711030080218425,0.8,0.8,1.0,-0.4159038833630861,1.0506303890803412,[0.00668035 0.54270952 0.67114866 0.41095452 0.52759619],,2.0
mogp_shuffled_wavelength_control_seed3,74893050,r,20,28,5,[ 3 11 14 18 19],21.87619843468845,3.918285422443665,11.39777499923105,2.041476070950437,5.583104872703534,4.30156845434732,0.8,0.8,1.0,-0.37400457763074674,1.021061718326659,[0.00891994 0.53659274 0.69060472 0.42573264 0.53853059],,3.0
mogp_shuffled_wavelength_control_seed4,74893050,r,20,28,5,[ 3 11 14 18 19],22.597718748928987,4.047518229401696,11.78677575481204,2.1111506990382707,5.583104872703534,4.3638551914574695,0.8,0.8,1.0,-0.4209306970269068,1.071057532995615,[0.0058793  0.53698308 0.67702341 0.41295241 0.5328289 ],,4.0
same_total_train_budget_existing,74893050,r,8,12,5,[ 3 11 14 18 19],147.59168090656829,26.435412601357648,69.75640210143789,12.49419519996575,5.583104872703534,7.288648957924272,0.8,0.8,0.8,-0.9899461902286667,2.086712973154683,"[1.24806514e-07 5.98980382e-01 4.83942055e-01 4.85551722e-01
 5.13576662e-01]","Fixed-total-budget comparison, not an isolated cross-band covariance test.",
single_band_gp,79883325,r,20,0,5,[ 8  9 13 18 20],4.333726679129437,0.7879816282589845,2.541231793759061,0.4620605116315314,5.499781370162958,2.9448328376783506,0.6,1.0,1.0,0.34060884753685366,1.0465372449363441,[0.86095026 0.16150662 0.40864019 0.97490774 0.45199868],,
mogp_target_only,79883325,r,20,0,5,[ 8  9 13 18 20],4.333727285864038,0.787981738578752,2.5412322166193446,0.46206058851827564,5.499781370162958,2.9448330141996433,0.6,1.0,1.0,0.3406087800983334,1.0465374401101895,[0.86095027 0.16150647 0.40864022 0.97490775 0.4519987 ],,
mogp_real_wavelength,79883325,r,20,27,5,[ 8  9 13 18 20],3.9997542019305676,0.72725694581784,2.366166180378408,0.4302291347825521,5.499781370162958,2.8947733744666424,0.6,1.0,1.0,0.3342982438274763,1.0478920482281322,[0.82907025 0.14088628 0.47890578 0.97676608 0.44398275],,
mogp_independent_band_control,79883325,r,20,27,5,[ 8  9 13 18 20],4.131103955469601,0.7511396685478057,2.441916209069425,0.4440024147718205,5.499781370162958,2.912871942376596,0.4,1.0,1.0,0.3243507554414702,1.0538646351391427,[0.85325084 0.14746698 0.42980149 0.97470787 0.43664707],Approximate independent-band control: wavelength length scale set near zero.,
mogp_shuffled_wavelength_control_seed0,79883325,r,20,27,5,[ 8  9 13 18 20],2.5069491689554164,0.45582705933656703,1.8098071376705707,0.3290689239919634,5.499781370162958,2.8011537508877686,1.0,1.0,1.0,0.006587256044854539,0.33453602249351144,[0.69155967 0.43589301 0.33060297 0.60620358 0.44546066],,0.0
mogp_shuffled_wavelength_control_seed1,79883325,r,20,27,5,[ 8  9 13 18 20],3.991939587082473,0.7258360502727025,2.3624842791146645,0.429559671577393,5.499781370162958,2.888448703030176,0.6,1.0,1.0,0.3241813527547443,1.042998162347825,[0.83227416 0.14173392 0.47327771 0.975194   0.43408485],,1.0
mogp_shuffled_wavelength_control_seed2,79883325,r,20,27,5,[ 8  9 13 18 20],2.5399335747702865,0.4618244624322273,1.8213440002930252,0.33116661876307624,5.499781370162958,2.804675146088196,1.0,1.0,1.0,-0.002085611233747836,0.3392389866707582,[0.69343849 0.44082482 0.32872116 0.60240309 0.42728317],,2.0
mogp_shuffled_wavelength_control_seed3,79883325,r,20,27,5,[ 8  9 13 18 20],2.6221877405126315,0.47678035980454553,1.8597904707216972,0.3381571639940647,5.499781370162958,2.8200053107950955,1.0,1.0,1.0,0.012792757626711754,0.34667957592070753,[0.69326654 0.44114043 0.32683498 0.62310693 0.43720086],,3.0
mogp_shuffled_wavelength_control_seed4,79883325,r,20,27,5,[ 8  9 13 18 20],2.6042842218939675,0.47352504519953365,1.8441356808565366,0.3353107254155987,5.499781370162958,2.810639237346622,1.0,1.0,1.0,0.011635914104921641,0.3497768522330756,[0.693815   0.44226758 0.32786435 0.62624349 0.42881435],,4.0
same_total_train_budget_existing,79883325,r,6,14,5,[ 8  9 13 18 20],3.5428408433833805,0.64417848727656,2.638169238334895,0.4796862021911112,5.499781370162958,3.109919518443788,0.8,1.0,1.0,-0.21096122712310234,0.5589771485912671,[0.47307711 0.14473909 0.7281186  0.50119099 0.29524701],"Fixed-total-budget comparison, not an isolated cross-band covariance test.",
single_band_gp,111941650,r,19,0,5,[ 0  1  2 20 23],3.738958082182926,0.7849973327281713,1.961837814905382,0.4118894670910203,4.7630201101303,2.576421822223293,0.8,1.0,1.0,-0.3260903184213475,0.7679429148377609,[0.06348353 0.19046733 0.49399908 0.72083203 0.57989444],,
mogp_target_only,111941650,r,19,0,5,[ 0  1  2 20 23],3.7389580780104588,0.7849973318521584,1.961837801622675,0.411889464302305,4.7630201101303,2.5764218055305492,0.8,1.0,1.0,-0.3260903225271217,0.7679429184730568,[0.06348353 0.19046733 0.49399908 0.72083203 0.57989445],,
mogp_real_wavelength,111941650,r,19,26,5,[ 0  1  2 20 23],2.8372764026983472,0.5956885205384382,1.5414940730250408,0.3236379518420448,4.7630201101303,2.4527552645714827,0.8,1.0,1.0,-0.21979152804787647,0.557751318375549,[0.1244491  0.32040395 0.65160625 0.60907531 0.44198876],,
mogp_independent_band_control,111941650,r,19,26,5,[ 0  1  2 20 23],3.74020582864748,0.7852592981273726,1.964060484499478,0.41235611840525027,4.7630201101303,2.5793798477862344,0.8,1.0,1.0,-0.3246339855420773,0.7659602406739029,[0.06405139 0.19145365 0.49402961 0.72110954 0.57919463],Approximate independent-band control: wavelength length scale set near zero.,
mogp_shuffled_wavelength_control_seed0,111941650,r,19,26,5,[ 0  1  2 20 23],3.376070906276363,0.7088088708875944,1.7554036551096774,0.36854844500365874,4.7630201101303,2.4967853323135465,0.8,1.0,1.0,-0.3318678037139159,0.6662011377534574,[0.07709511 0.22532566 0.54916744 0.65320023 0.50093481],,0.0
mogp_shuffled_wavelength_control_seed1,111941650,r,19,26,5,[ 0  1  2 20 23],3.375689732603712,0.7087288431606821,1.7552027592350126,0.3685062667491018,4.7630201101303,2.4967034361717717,0.8,1.0,1.0,-0.3319636287168584,0.6660637346768146,[0.07711016 0.22536465 0.54924102 0.65313096 0.50065105],,1.0
mogp_shuffled_wavelength_control_seed2,111941650,r,19,26,5,[ 0  1  2 20 23],3.3561198585674137,0.7046201319682444,1.748059980154764,0.3670066343908305,4.7630201101303,2.4981419337015796,0.8,1.0,1.0,-0.327273049895974,0.6581370179223169,[0.07923412 0.22981296 0.5546961  0.64914733 0.4971217 ],,2.0
mogp_shuffled_wavelength_control_seed3,111941650,r,19,26,5,[ 0  1  2 20 23],3.375659069989056,0.7087224055194489,1.755157289400206,0.36849672031978703,4.7630201101303,2.4966950508535573,0.8,1.0,1.0,-0.332171086949721,0.6659251524286007,[0.07710552 0.22535276 0.54921711 0.65295781 0.50047703],,3.0
mogp_shuffled_wavelength_control_seed4,111941650,r,19,26,5,[ 0  1  2 20 23],3.2024721911993113,0.672361677497033,1.6767750917606041,0.3520403132865911,4.7630201101303,2.4759780263347326,0.8,1.0,1.0,-0.3147262686265993,0.6216812255008707,[0.08867962 0.25120563 0.58199096 0.6284987  0.46459291],,4.0
same_total_train_budget_existing,111941650,r,4,15,5,[ 0  1  2 20 23],4.294751717960309,0.9016866649011103,8.551947127733174,1.7954883519270344,4.7630201101303,4.146167320090475,1.0,1.0,1.0,0.29635661635777566,0.2920945150020963,[0.6598058  0.57364093 0.52774366 0.79113896 0.50168344],"Fixed-total-budget comparison, not an isolated cross-band covariance test.",
single_band_gp,7358574,r,18,0,5,[ 1  6  9 16 21],2.012527901407064,0.40882089851748626,1.3453604822285896,0.2732938414369652,4.922761797904966,2.4571379288750204,1.0,1.0,1.0,0.19711199933469947,0.4485586157255022,[0.3019576  0.80765277 0.5660695  0.5384391  0.64512102],,
mogp_target_only,7358574,r,18,0,5,[ 1  6  9 16 21],2.0125284073300342,0.408821001289668,1.3453606391120239,0.27329387330595273,4.922761797904966,2.4571379768778003,1.0,1.0,1.0,0.19711198801790242,0.44855869529774034,[0.30195752 0.80765278 0.56606957 0.53843911 0.645121  ],,
mogp_real_wavelength,7358574,r,18,27,5,[ 1  6  9 16 21],2.814736070367134,0.5717798638083671,1.7564657439504745,0.3568049432531944,4.922761797904966,2.6825992396077756,1.0,1.0,1.0,0.10523482204110039,0.5090191767419198,[0.21601154 0.74666846 0.5542981  0.49525871 0.6995904 ],,
mogp_independent_band_control,7358574,r,18,27,5,[ 1  6  9 16 21],2.1910610682369556,0.445087769464984,1.667357934803681,0.3387037608671777,4.922761797904966,2.7121553700729573,1.0,1.0,1.0,0.23399791753471905,0.36609171884937136,[0.35144313 0.74212049 0.53267781 0.61038323 0.70512532],Approximate independent-band control: wavelength length scale set near zero.,
mogp_shuffled_wavelength_control_seed0,7358574,r,18,27,5,[ 1  6  9 16 21],2.9811057064138846,0.6055758594053011,1.7911538219336536,0.36385141013646743,4.922761797904966,2.6753206235246174,1.0,1.0,1.0,0.06988290516452415,0.5473442925339461,[0.19178255 0.74710639 0.5686725  0.44494312 0.6987476 ],,0.0
mogp_shuffled_wavelength_control_seed1,7358574,r,18,27,5,[ 1  6  9 16 21],2.3720402409077868,0.4818515171539038,1.4079924401472486,0.28601677228145866,4.922761797904966,2.4047800241702526,0.8,1.0,1.0,0.13754632107324535,0.6115701579784103,[0.20642175 0.84801407 0.63976835 0.43428783 0.61267838],,1.0
mogp_shuffled_wavelength_control_seed2,7358574,r,18,27,5,[ 1  6  9 16 21],2.3723763849410875,0.4819198007814894,1.408203455639517,0.2860596375471228,4.922761797904966,2.404914713895931,0.8,1.0,1.0,0.137352392600201,0.6116089186984092,[0.20638629 0.84793622 0.63982166 0.43397398 0.61273226],,2.0
mogp_shuffled_wavelength_control_seed3,7358574,r,18,27,5,[ 1  6  9 16 21],2.9399418203905534,0.5972139098100862,1.7813769240397241,0.36186535062448977,4.922761797904966,2.6759579164134832,1.0,1.0,1.0,0.09414390583038648,0.5361303644453811,[0.19816418 0.74750603 0.5824632  0.47036621 0.69791197],,3.0
mogp_shuffled_wavelength_control_seed4,7358574,r,18,27,5,[ 1  6  9 16 21],2.3722036572206275,0.48188471321732296,1.4081072954230909,0.286040103752807,4.922761797904966,2.404880598555857,0.8,1.0,1.0,0.13746547450802957,0.6115200064423953,[0.20638656 0.84793653 0.63974764 0.43427144 0.61273419],,4.0
same_total_train_budget_existing,7358574,r,5,13,5,[ 1  6  9 16 21],1.7190773010182907,0.3492099296272872,1.1861306936961677,0.24094822020455317,4.922761797904966,2.352796235596949,1.0,1.0,1.0,0.015810121958504585,0.4750231178152098,[0.36425017 0.82826134 0.47468867 0.42417136 0.39495672],"Fixed-total-budget comparison, not an isolated cross-band covariance test.",
single_band_gp,24400626,r,18,0,5,[ 3  6  9 10 21],13.7549737727949,1.2836540569019008,9.298740588478818,0.8677854482054626,10.715483427047728,4.085731127153698,0.6,1.0,1.0,0.5881984115028144,0.8931258122011445,[0.55123509 0.50057137 0.9389795  0.96018197 0.3126731 ],,
mogp_target_only,24400626,r,18,0,5,[ 3  6  9 10 21],13.754976161443636,1.2836542798175308,9.298742442253703,0.8677856212051127,10.715483427047728,4.085731854997678,0.6,1.0,1.0,0.5881981737916161,0.8931264597343035,[0.55123511 0.50057097 0.93897957 0.96018201 0.31267267],,
mogp_real_wavelength,24400626,r,18,27,5,[ 3  6  9 10 21],10.279603079777049,0.9593223814643358,5.935898161164996,0.5539552369780878,10.715483427047728,3.7123778756225922,0.6,1.0,1.0,0.2929687262796826,0.8672807175079016,[0.453606   0.26390466 0.88734953 0.92657108 0.32616799],,
mogp_independent_band_control,24400626,r,18,27,5,[ 3  6  9 10 21],13.69659897696249,1.2782063516042508,10.075402897393463,0.9402658280410764,10.715483427047728,4.100971455908728,0.6,1.0,1.0,0.4463869168270166,0.7464885236188964,[0.53824347 0.47843982 0.90654379 0.91042813 0.31804613],Approximate independent-band control: wavelength length scale set near zero.,
mogp_shuffled_wavelength_control_seed0,24400626,r,18,27,5,[ 3  6  9 10 21],11.686211049998143,1.090591117942484,7.187536087749207,0.6707617194019102,10.715483427047728,3.911977402122601,0.6,1.0,1.0,0.2367645631903831,0.7322000426880968,[0.43071574 0.30022197 0.85439379 0.88259388 0.35890691],,0.0
mogp_shuffled_wavelength_control_seed1,24400626,r,18,27,5,[ 3  6  9 10 21],10.810280599504548,1.0088467471488534,6.302256749157116,0.5881448832489566,10.715483427047728,3.7910381246062443,0.6,1.0,1.0,0.37243529024427363,0.9695863870012998,[0.44713337 0.26237606 0.91377249 0.95614718 0.32965595],,1.0
mogp_shuffled_wavelength_control_seed2,24400626,r,18,27,5,[ 3  6  9 10 21],9.112427733036649,0.8503981920251316,5.369588993436917,0.5011056225315181,10.715483427047728,3.6316643193376974,0.6,1.0,1.0,0.20313960725569444,0.7810171012273592,[0.40977847 0.27469938 0.85242125 0.89332034 0.32679468],,2.0
mogp_shuffled_wavelength_control_seed3,24400626,r,18,27,5,[ 3  6  9 10 21],10.442278621038955,0.9745037349113754,6.203050811209551,0.578886697314279,10.715483427047728,3.792748012849046,0.6,1.0,1.0,0.21600134151623304,0.703101041072586,[0.45012443 0.29317063 0.84911639 0.8621074  0.35457861],,3.0
mogp_shuffled_wavelength_control_seed4,24400626,r,18,27,5,[ 3  6  9 10 21],10.012540971223197,0.9343993707227262,5.865684576016646,0.5474027015160741,10.715483427047728,3.713708322363897,0.6,1.0,1.0,0.30052292806417186,0.8890002088271685,[0.42415593 0.27150971 0.88804409 0.93634206 0.33039475],,4.0
same_total_train_budget_existing,24400626,r,1,17,5,[ 3  6  9 10 21],12.473226997693228,1.1640377293859325,20.573558150227985,1.9199841323347837,10.715483427047728,5.0110733221342425,1.0,1.0,1.0,0.18785505871573657,0.37718572897821007,[0.44240875 0.42568014 0.75465398 0.72476313 0.49412155],"Fixed-total-budget comparison, not an isolated cross-band covariance test.",
single_band_gp,36008055,r,18,0,5,[ 3  6 13 14 21],3.108422216535778,0.6572515579361036,16.318819292475315,3.4504866638131277,4.729425406455973,4.8142737155682,1.0,1.0,1.0,0.013294760969897762,0.04543720218887435,[0.52768089 0.51837585 0.49703385 0.5080029  0.47541205],,
mogp_target_only,36008055,r,18,0,5,[ 3  6 13 14 21],3.108422498126772,0.6572516174763161,16.318821967744107,3.450487229477783,4.729425406455973,4.814274556716269,1.0,1.0,1.0,0.013294712875941495,0.04543736717801292,[0.52768089 0.51837592 0.49703385 0.5080029  0.47541188],,
mogp_real_wavelength,36008055,r,18,26,5,[ 3  6 13 14 21],11.808241549471798,2.4967602900244037,18.747218845940605,3.9639527500210563,4.729425406455973,4.982635962106015,1.0,1.0,1.0,0.18914429000686142,0.2717039535596585,[0.59287963 0.75857577 0.49759697 0.50713722 0.49886954],,
mogp_independent_band_control,36008055,r,18,26,5,[ 3  6 13 14 21],8.656259684731802,1.830298385278568,21.0331831540832,4.447302017993885,4.729425406455973,5.026752027150637,1.0,1.0,1.0,-0.03647092898631206,0.07077997317146863,[0.43418752 0.51219079 0.4969304  0.50611838 0.47813417],Approximate independent-band control: wavelength length scale set near zero.,
mogp_shuffled_wavelength_control_seed0,36008055,r,18,26,5,[ 3  6 13 14 21],13.161191020335703,2.7828308703991445,18.913032768615423,3.9990128066715895,4.729425406455973,4.967802241844625,1.0,1.0,1.0,0.2074690113136907,0.2931661785864066,[0.60940748 0.77435526 0.49707306 0.50701708 0.49842407],,0.0
mogp_shuffled_wavelength_control_seed1,36008055,r,18,26,5,[ 3  6 13 14 21],56.93477006847795,12.038411683321677,231.6322684581543,48.97683091522306,4.729425406455973,7.58393076558797,1.0,1.0,1.0,0.019049457613943548,0.03691758601792865,[0.53695065 0.50158151 0.49987616 0.50061903 0.49891783],,1.0
mogp_shuffled_wavelength_control_seed2,36008055,r,18,26,5,[ 3  6 13 14 21],49.906803057996534,10.552403044536977,210.7901210658027,44.56992191441702,4.729425406455973,7.447816438639473,1.0,1.0,1.0,0.028614535349073284,0.03875397653896864,[0.53913598 0.51759328 0.49980923 0.50061899 0.49985157],,2.0
mogp_shuffled_wavelength_control_seed3,36008055,r,18,26,5,[ 3  6 13 14 21],154.93383746126113,32.7595477560057,214.14613156943682,45.27952407857273,4.729425406455973,7.387771018308209,1.0,1.0,1.0,0.07749638743126272,0.11889639494408852,[0.62071667 0.53146904 0.49979932 0.50061898 0.50004256],,3.0
mogp_shuffled_wavelength_control_seed4,36008055,r,18,26,5,[ 3  6 13 14 21],11.067056334404903,2.340042475201671,18.59034070097344,3.9307820936548477,4.729425406455973,4.975390078764653,1.0,1.0,1.0,0.18417527150600338,0.2696095568150054,[0.58518724 0.75722446 0.49724977 0.50714798 0.49891001],,4.0
same_total_train_budget_existing,36008055,r,7,11,5,[ 3  6 13 14 21],70.84673875614608,14.979988617525436,35.817459784264905,7.57332164185775,4.729425406455973,5.433341557620306,0.8,1.0,1.0,0.46811915481972877,0.6046191658685447,[0.93662489 0.77886176 0.49837053 0.50809225 0.51156632],"Fixed-total-budget comparison, not an isolated cross-band covariance test.",
single_band_gp,59907038,r,20,0,5,[ 4  5  7  9 10],4.434740799102271,0.5842931849865464,14.185958945163767,1.8690515431783583,7.589923882484412,4.809698929065301,1.0,1.0,1.0,0.05318275661556913,0.10121855928177562,[0.47268226 0.49033829 0.5550329  0.50751275 0.579824  ],,
mogp_target_only,59907038,r,20,0,5,[ 4  5  7  9 10],4.434740040517486,0.5842930850402496,14.185962403194793,1.8690519987864882,7.589923882484412,4.809699010217452,1.0,1.0,1.0,0.053182725397420486,0.10121840999709222,[0.47268228 0.49033829 0.55503314 0.50751275 0.57982368],,
mogp_real_wavelength,59907038,r,20,30,5,[ 4  5  7  9 10],6.328005383960273,0.8337376608695217,10.753528618333288,1.4168163982710893,7.589923882484412,4.490460792537847,1.0,1.0,1.0,0.07712840344108866,0.17022594097765073,[0.43534599 0.48986393 0.57339486 0.52279542 0.62991831],,
mogp_independent_band_control,59907038,r,20,30,5,[ 4  5  7  9 10],4.807412067160924,0.633393976223555,12.068974334378078,1.5901311424519236,7.589923882484412,4.589610966427891,1.0,1.0,1.0,0.07481976180295635,0.13526648522787388,[0.46456929 0.48960402 0.57336475 0.51145612 0.60850397],Approximate independent-band control: wavelength length scale set near zero.,
mogp_shuffled_wavelength_control_seed0,59907038,r,20,30,5,[ 4  5  7  9 10],4.014371379971815,0.5289079893457099,11.206243335740261,1.476463204275524,7.589923882484412,4.565382563099263,1.0,1.0,1.0,0.08039679044141972,0.13108030744860552,[0.47126477 0.49023782 0.56675214 0.51739241 0.61287725],,0.0
mogp_shuffled_wavelength_control_seed1,59907038,r,20,30,5,[ 4  5  7  9 10],6.090740662353547,0.8024771732440436,11.335800740163275,1.493532862210039,7.589923882484412,4.574843283749415,1.0,1.0,1.0,0.06177405103682086,0.14847912569708824,[0.44077391 0.4896811  0.56593512 0.51583048 0.60950152],,1.0
mogp_shuffled_wavelength_control_seed2,59907038,r,20,30,5,[ 4  5  7  9 10],6.335636832195538,0.8347431318536085,10.996579194715704,1.4488391932484295,7.589923882484412,4.512952238545315,1.0,1.0,1.0,0.058053808581682534,0.15634775848537852,[0.43508697 0.49011197 0.57152323 0.50687909 0.61064368],,2.0
mogp_shuffled_wavelength_control_seed3,59907038,r,20,30,5,[ 4  5  7  9 10],5.788415619259802,0.7626447522903324,11.160549585838028,1.470442886995705,7.589923882484412,4.555130076593949,1.0,1.0,1.0,0.06826158980378794,0.15065711676611068,[0.4442668  0.48970258 0.56693387 0.51813278 0.6153312 ],,3.0
mogp_shuffled_wavelength_control_seed4,59907038,r,20,30,5,[ 4  5  7  9 10],4.019293502781985,0.5295564968783782,11.299582375614147,1.4887609613175001,7.589923882484412,4.578702329817036,1.0,1.0,1.0,0.07453580817212699,0.12702838095811217,[0.47038411 0.4901114  0.56554575 0.51394126 0.60710256],,4.0
same_total_train_budget_existing,59907038,r,5,15,5,[ 4  5  7  9 10],4.196480604063738,0.5529015401258678,2.3693143512927333,0.3121657592325135,7.589923882484412,2.832834541822822,0.8,1.0,1.0,-0.35101513982746085,0.6976078978727068,[0.25435061 0.42431298 0.81367044 0.11711479 0.2724859 ],"Fixed-total-budget comparison, not an isolated cross-band covariance test.",
single_band_gp,4288146,r,20,0,5,[ 5 10 12 19 20],7.987402857405905,1.0610202729757696,10.286493109045452,1.3664238453182782,7.528039813041642,4.397532126900809,0.8,1.0,1.0,0.16272370454907,0.5431975301806172,[0.51178786 0.512835   0.8891405  0.41972504 0.39454802],,
mogp_target_only,4288146,r,20,0,5,[ 5 10 12 19 20],7.987406315937359,1.0610207323956904,10.286496191940714,1.366424254839925,7.528039813041642,4.39753281253452,0.8,1.0,1.0,0.16272407624884666,0.5431984334439983,[0.51178786 0.51283494 0.88914092 0.41972498 0.394548  ],,
mogp_real_wavelength,4288146,r,20,29,5,[ 5 10 12 19 20],12.153724226584249,1.6144606734848865,8.397323699616411,1.115472806754929,7.528039813041642,4.094784646963009,0.4,0.8,1.0,0.4911336300411854,1.2336808498440706,[0.51289421 0.49970396 0.93790807 0.09729985 0.98550888],,
mogp_independent_band_control,4288146,r,20,29,5,[ 5 10 12 19 20],8.406881102859124,1.11674238070513,8.75481730309188,1.162961078915252,7.528039813041642,4.257068808568945,0.8,1.0,1.0,0.16971088385889252,0.6277677052322828,[0.5143358  0.51645428 0.91701332 0.39677797 0.36234144],Approximate independent-band control: wavelength length scale set near zero.,
mogp_shuffled_wavelength_control_seed0,4288146,r,20,29,5,[ 5 10 12 19 20],14.840488674282286,1.9713616084458658,10.197807211309733,1.3546431029287282,7.528039813041642,4.511146010374079,0.4,0.8,1.0,0.4648070636028237,1.489470026329494,[0.51362017 0.48077167 0.93244392 0.03863621 0.9954808 ],,0.0
mogp_shuffled_wavelength_control_seed1,4288146,r,20,29,5,[ 5 10 12 19 20],16.37719648396225,2.1754928096408648,10.719978300138813,1.4240065895463823,7.528039813041642,4.732795096820662,0.4,0.8,0.8,0.6719411223614298,1.5461942557376174,[0.51281996 0.50865524 0.93379372 0.08513528 0.99924446],,1.0
mogp_shuffled_wavelength_control_seed2,4288146,r,20,29,5,[ 5 10 12 19 20],15.676907765912615,2.082468764146784,10.241674704620399,1.3604703161741563,7.528039813041642,4.576140668684087,0.4,0.8,0.8,0.6526914972705923,1.5108474729558856,[0.51308183 0.49965818 0.93347818 0.08885304 0.99895509],,2.0
mogp_shuffled_wavelength_control_seed3,4288146,r,20,29,5,[ 5 10 12 19 20],14.851743395665817,1.9728566485443566,10.142386651937647,1.3472812184609981,7.528039813041642,4.451553461135667,0.4,0.8,1.0,0.47056493171405106,1.4758762444474303,[0.51345982 0.49973134 0.9317467  0.03949545 0.9951648 ],,3.0
mogp_shuffled_wavelength_control_seed4,4288146,r,20,29,5,[ 5 10 12 19 20],14.38466547684859,1.9108115570707358,9.730048347122594,1.2925075569162339,7.528039813041642,4.381930135766508,0.4,0.8,1.0,0.5223549294266363,1.430070267635326,[0.51277804 0.49796816 0.9346511  0.06029249 0.99567771],,4.0
same_total_train_budget_existing,4288146,r,4,16,5,[ 5 10 12 19 20],48.39008362024939,6.427979237891116,25.373742504167744,3.370564334716994,7.528039813041642,7.614258236673311,0.6,0.6,0.8,0.8939944404909769,2.739172194195929,[0.52989298 0.43718459 0.83888264 1.         0.00936771],"Fixed-total-budget comparison, not an isolated cross-band covariance test.",
single_band_gp,4831627,r,19,0,5,[ 0 11 15 16 23],4.418054796477569,0.8668235240561104,4.559859913934295,0.8946457257501753,5.09683306217193,3.801006552247203,1.0,1.0,1.0,0.22417007822026136,0.1237295865172225,[0.55303459 0.54084457 0.67537587 0.58181    0.588475  ],,
mogp_target_only,4831627,r,19,0,5,[ 0 11 15 16 23],4.41805406760752,0.8668233810516134,4.559860011879551,0.8946457449670606,5.09683306217193,3.8010065543068015,1.0,1.0,1.0,0.22417005473930537,0.1237297338254517,[0.55303459 0.54084456 0.67537603 0.58181026 0.58847454],,
mogp_real_wavelength,4831627,r,19,27,5,[ 0 11 15 16 23],2.1928253894973815,0.4302329236113819,2.3828486394660624,0.46751553570613735,5.09683306217193,3.1317014824571756,1.0,1.0,1.0,0.16815483897274824,0.15991492374314836,[0.49765351 0.50833561 0.62340804 0.5460554  0.65380543],,
mogp_independent_band_control,4831627,r,19,27,5,[ 0 11 15 16 23],4.412663513728866,0.865765752949437,4.211750647915586,0.8263465953347939,5.09683306217193,3.70747602469349,1.0,1.0,1.0,0.2475381202685846,0.13656949892789705,[0.55907748 0.54538514 0.69254523 0.59088007 0.59567285],Approximate independent-band control: wavelength length scale set near zero.,
mogp_shuffled_wavelength_control_seed0,4831627,r,19,27,5,[ 0 11 15 16 23],2.154245788233877,0.4226635956006535,2.3626355833215404,0.46354972872404476,5.09683306217193,3.125389033293298,1.0,1.0,1.0,0.1613772262119692,0.1588608130591104,[0.49873592 0.50847267 0.61814311 0.53656862 0.65410057],,0.0
mogp_shuffled_wavelength_control_seed1,4831627,r,19,27,5,[ 0 11 15 16 23],2.2821902992281937,0.4477663426268226,2.3782048066146837,0.4666044144677659,5.09683306217193,3.119853792622675,1.0,1.0,1.0,0.18364649394380303,0.16908660538003417,[0.50220727 0.50835231 0.64337269 0.54900667 0.65583458],,1.0
mogp_shuffled_wavelength_control_seed2,4831627,r,19,27,5,[ 0 11 15 16 23],2.2820403595408414,0.4477369244203553,2.3884657682380985,0.46861761786255046,5.09683306217193,3.1247941548684084,1.0,1.0,1.0,0.18085816282314565,0.17040553847686896,[0.49743327 0.50856602 0.64300207 0.54967839 0.65465082],,2.0
mogp_shuffled_wavelength_control_seed3,4831627,r,19,27,5,[ 0 11 15 16 23],2.2349408895818237,0.4384959959095543,2.3911087101209905,0.46913616376167117,5.09683306217193,3.133620531577479,1.0,1.0,1.0,0.17758389434585023,0.15419879720340327,[0.50324264 0.52355618 0.6230353  0.54054231 0.65742585],,3.0
mogp_shuffled_wavelength_control_seed4,4831627,r,19,27,5,[ 0 11 15 16 23],2.180691339283344,0.4278522197378148,2.369970520088938,0.4649888452652233,5.09683306217193,3.126966160019198,1.0,1.0,1.0,0.16806201006998361,0.15883027467294417,[0.49407059 0.51478614 0.62283996 0.54408707 0.65336365],,4.0
same_total_train_budget_existing,4831627,r,1,18,5,[ 0 11 15 16 23],3.0173179641265464,0.59199858565522,5.796474644793554,1.1372698642641992,5.09683306217193,4.10048712078399,1.0,1.0,1.0,0.04035789906845953,0.1281485947837089,[0.53080155 0.53582096 0.59203696 0.47420699 0.44690073],"Fixed-total-budget comparison, not an isolated cross-band covariance test.",
single_band_gp,26385586,r,18,0,5,[11 15 16 18 20],11.26022952727682,2.030837415975254,10.613233556488751,1.9141485312346063,5.544623827934253,4.256032945950197,1.0,1.0,1.0,-0.06949442547355614,0.1351735818704813,[0.46100749 0.39717114 0.43830683 0.5317096  0.53458285],,
mogp_target_only,26385586,r,18,0,5,[11 15 16 18 20],11.260232914165446,2.030838026817167,10.613229459640646,1.9141477923480321,5.544623827934253,4.256031608574693,1.0,1.0,1.0,-0.06949490634564191,0.13517322176852054,[0.46100734 0.3971711  0.4383068  0.53170905 0.53458267],,
mogp_real_wavelength,26385586,r,18,27,5,[11 15 16 18 20],5.799302084010567,1.0459324679148159,4.104125969039363,0.7401991724600778,5.544623827934253,3.510975403511156,1.0,1.0,1.0,-0.05945490621774992,0.30509919600184465,[0.4651711  0.27681932 0.5041034  0.50792307 0.63769671],,
mogp_independent_band_control,26385586,r,18,27,5,[11 15 16 18 20],10.941226624010763,1.9733036836309794,9.306405257293473,1.6784556619345514,5.544623827934253,4.126521726711184,1.0,1.0,1.0,-0.07358763919918176,0.1596429623208959,[0.45513041 0.38348438 0.43133011 0.53315322 0.55207426],Approximate independent-band control: wavelength length scale set near zero.,
mogp_shuffled_wavelength_control_seed0,26385586,r,18,27,5,[11 15 16 18 20],4.70932861696155,0.8493504272076277,3.8353800895828485,0.6917295399301753,5.544623827934253,3.486934884096999,1.0,1.0,1.0,-0.003181141038180524,0.2591358776981907,[0.46338266 0.35175599 0.58132401 0.45716542 0.64016104],,0.0
mogp_shuffled_wavelength_control_seed1,26385586,r,18,27,5,[11 15 16 18 20],7.472138909250273,1.3476367633102622,4.703938121290603,0.8483782249738551,5.544623827934253,3.6114570990402726,1.0,1.0,1.0,0.03951247023078856,0.4021530426658713,[0.46564383 0.33682183 0.57505068 0.41168125 0.77002049],,1.0
mogp_shuffled_wavelength_control_seed2,26385586,r,18,27,5,[11 15 16 18 20],7.3211539826142396,1.3204058940355317,4.747389890278597,0.856214963828722,5.544623827934253,3.619347294096861,1.0,1.0,1.0,0.011686940530827061,0.38910424010160244,[0.45779751 0.29996103 0.54621158 0.46142013 0.74847307],,2.0
mogp_shuffled_wavelength_control_seed3,26385586,r,18,27,5,[11 15 16 18 20],6.389242387404762,1.1523310842505228,4.408127193844541,0.7950272787914029,5.544623827934253,3.575734510693812,1.0,1.0,1.0,0.08195622078453427,0.331204946259375,[0.47112826 0.37022638 0.60116388 0.47118467 0.73545652],,3.0
mogp_shuffled_wavelength_control_seed4,26385586,r,18,27,5,[11 15 16 18 20],6.053699782741677,1.09181433594154,4.16802013975577,0.7517227983541381,5.544623827934253,3.5266080217589355,1.0,1.0,1.0,-0.06524552730740903,0.3375209995796592,[0.45638041 0.27733476 0.52250493 0.44511827 0.67568641],,4.0
same_total_train_budget_existing,26385586,r,4,14,5,[11 15 16 18 20],29.622795168325524,5.342615854133069,22.930939035996268,4.135706902327329,5.544623827934253,5.192375338093001,1.0,1.0,1.0,0.24533566691962308,0.3686802211701094,[0.42825762 0.49966959 0.54512102 0.66558987 0.80708568],"Fixed-total-budget comparison, not an isolated cross-band covariance test.",
single_band_gp,54013347,r,16,0,4,[ 1  8 11 13],3.590255927141805,0.6110962817050205,3.4474081227494047,0.5867822038550282,5.875106811523428,3.486060074534669,0.75,1.0,1.0,0.37503635543532,0.572918666701572,[0.46621847 0.51059235 0.58223256 0.91161419],,
mogp_target_only,54013347,r,16,0,4,[ 1  8 11 13],3.5902558993782896,0.6110962769794016,3.4474081090631636,0.5867822015254976,5.875106811523428,3.4860600663850283,0.75,1.0,1.0,0.3750363280416163,0.5729187338857101,[0.46621842 0.51059235 0.58223253 0.9116142 ],,
mogp_real_wavelength,54013347,r,16,24,4,[ 1  8 11 13],3.6627234294318516,0.6234309514590934,4.561345075741213,0.7763850466164455,5.875106811523428,3.7195889029050515,0.75,1.0,1.0,0.3860339268995799,0.4759141882158873,[0.51587813 0.57384418 0.54486594 0.88598605],,
mogp_independent_band_control,54013347,r,16,24,4,[ 1  8 11 13],3.787966750855469,0.6447485760472907,6.348179006192252,1.080521462816802,5.875106811523428,4.087767152496624,0.75,1.0,1.0,0.34096628771982757,0.5312294723635218,[0.48632988 0.51659757 0.53946815 0.89570064],Approximate independent-band control: wavelength length scale set near zero.,
mogp_shuffled_wavelength_control_seed0,54013347,r,16,24,4,[ 1  8 11 13],3.6394889691387005,0.6194762216067649,4.633958996117247,0.7887446381448258,5.875106811523428,3.720543584321703,0.75,1.0,1.0,0.3836029815665624,0.47096400070541306,[0.50479064 0.59097974 0.54145244 0.88263131],,0.0
mogp_shuffled_wavelength_control_seed1,54013347,r,16,24,4,[ 1  8 11 13],3.9697023594696543,0.6756817342764705,4.778824496980948,0.8134021474482417,5.875106811523428,3.7456820193636595,0.75,1.0,1.0,0.42010807283934526,0.46329889788472395,[0.50853173 0.64156863 0.54142245 0.88344229],,1.0
mogp_shuffled_wavelength_control_seed2,54013347,r,16,24,4,[ 1  8 11 13],4.84645614663551,0.8249137083141496,4.847718426796043,0.8251285606055253,5.875106811523428,3.7187662866490268,0.75,1.0,1.0,0.31494214744178173,0.5167978483381218,[0.3971482  0.61046277 0.53814629 0.87373257],,2.0
mogp_shuffled_wavelength_control_seed3,54013347,r,16,24,4,[ 1  8 11 13],3.6153002339018396,0.6153590649298144,4.605724173159391,0.7839387982063116,5.875106811523428,3.711733687617579,0.75,1.0,1.0,0.382888943947951,0.46624288244098017,[0.50508973 0.5936154  0.54117191 0.88071243],,3.0
mogp_shuffled_wavelength_control_seed4,54013347,r,16,24,4,[ 1  8 11 13],3.8279917564038466,0.6515612190906263,4.750730781749467,0.8086203254094698,5.875106811523428,3.7361970560244484,0.75,1.0,1.0,0.40239939104476796,0.46317457292245856,[0.4984833  0.63188168 0.54018612 0.88013373],,4.0
same_total_train_budget_existing,54013347,r,3,13,4,[ 1  8 11 13],2.6934887746826726,0.4584578393365831,4.356208929572517,0.7414688905788495,5.875106811523428,3.636657483545728,1.0,1.0,1.0,0.04558507008658545,0.18210840554347876,[0.43498593 0.57040548 0.45988413 0.60617118],"Fixed-total-budget comparison, not an isolated cross-band covariance test.",
single_band_gp,56927863,r,20,0,5,[ 2  9 11 14 24],3.7454018777477627,0.6302681339668047,2.15911239068641,0.36333076714342794,5.942553138732899,2.7529826199127347,0.8,1.0,1.0,-0.291813001441937,0.7586187872976606,[0.2425182  0.30390183 0.78508222 0.62381384 0.08808939],,
mogp_target_only,56927863,r,20,0,5,[ 2  9 11 14 24],3.74540193248465,0.6302681431778099,2.159112474604412,0.36333078126496804,5.942553138732899,2.752982664088262,0.8,1.0,1.0,-0.29181317163622417,0.7586188400953421,[0.24251811 0.3039018  0.78508218 0.6238138  0.08808934],,
mogp_real_wavelength,56927863,r,20,30,5,[ 2  9 11 14 24],3.5219972327019464,0.5926740830882876,2.159166207374554,0.363339823299408,5.942553138732899,2.8211017175891544,0.8,1.0,1.0,-0.06561116491920864,0.6916877345936387,[0.61105881 0.39138548 0.75801798 0.60567456 0.09638475],,
mogp_independent_band_control,56927863,r,20,30,5,[ 2  9 11 14 24],3.464020582632582,0.582917897705362,2.1569070114792397,0.3629596506963918,5.942553138732899,2.83249551679313,0.8,1.0,1.0,-0.14845970878293532,0.6458377907007234,[0.45516424 0.41136423 0.74703524 0.58391944 0.0997886 ],Approximate independent-band control: wavelength length scale set near zero.,
mogp_shuffled_wavelength_control_seed0,56927863,r,20,30,5,[ 2  9 11 14 24],3.3590178486012303,0.5652482645392813,2.1442145215938604,0.36082378592765274,5.942553138732899,2.8332939515182227,0.8,1.0,1.0,-0.003976782042329363,0.6743721012786897,[0.63809216 0.47215149 0.74826905 0.61638974 0.1023186 ],,0.0
mogp_shuffled_wavelength_control_seed1,56927863,r,20,30,5,[ 2  9 11 14 24],3.4728944423982204,0.5844111716498219,1.952917336771948,0.32863270906961695,5.942553138732899,2.6830068798467464,0.8,1.0,1.0,-0.22095949325007122,0.7454788307049773,[0.32450437 0.50146687 0.74632346 0.5834392  0.06338061],,1.0
mogp_shuffled_wavelength_control_seed2,56927863,r,20,30,5,[ 2  9 11 14 24],3.54595784778541,0.5967061236143185,1.9818446455178589,0.3335005340718649,5.942553138732899,2.677836915434195,0.8,1.0,1.0,-0.27426802736412503,0.7500832564668191,[0.30531751 0.3882313  0.75180695 0.60402736 0.06397781],,2.0
mogp_shuffled_wavelength_control_seed3,56927863,r,20,30,5,[ 2  9 11 14 24],3.3502731422843843,0.5637767242580765,2.0864685134790273,0.35110641247440566,5.942553138732899,2.804316874249857,0.8,1.0,1.0,-0.06302371548639171,0.6681464215866744,[0.62134377 0.42286925 0.75708769 0.55695038 0.10208172],,3.0
mogp_shuffled_wavelength_control_seed4,56927863,r,20,30,5,[ 2  9 11 14 24],3.7179869518417794,0.6256548094805169,2.1024924843821373,0.35380289166929374,5.942553138732899,2.7098378895451165,0.8,1.0,1.0,-0.2702219098537867,0.7690815517842436,[0.29192121 0.28096509 0.78791682 0.64124751 0.08312396],,4.0
same_total_train_budget_existing,56927863,r,6,14,5,[ 2  9 11 14 24],12.884719554619256,2.1682127620598104,9.893128174983794,1.6647942296891696,5.942553138732899,4.314463316567104,0.8,1.0,1.0,0.20966144047675722,0.41321826859863114,[0.84750846 0.53116039 0.52214578 0.49943604 0.45627927],"Fixed-total-budget comparison, not an isolated cross-band covariance test.",
single_band_gp,118689867,r,23,0,6,[ 2  6 11 16 18 21],3.5309295147178696,0.5707298659838567,2.1921894407461893,0.3543395529458107,6.186691331863371,2.8661411967276442,0.8333333333333334,1.0,1.0,-0.09285997563454886,0.6579769113640762,[0.76435522 0.74811925 0.12171176 0.36953752 0.50535844 0.32275577],,
mogp_target_only,118689867,r,23,0,6,[ 2  6 11 16 18 21],3.5309297448102313,0.5707299031753617,2.19218960272711,0.3543395791279672,6.186691331863371,2.866141280111202,0.8333333333333334,1.0,1.0,-0.09285996791420555,0.657976961087875,[0.7643553  0.74811925 0.12171174 0.36953753 0.50535831 0.32275584],,
mogp_real_wavelength,118689867,r,23,29,6,[ 2  6 11 16 18 21],4.127930810008357,0.6672275354595822,2.5730585013416056,0.41590219445563087,6.186691331863371,3.0189868353166887,0.5,1.0,1.0,-0.6956609221344268,1.0870519270311985,[0.74379971 0.78865762 0.02360645 0.10021746 0.04406897 0.25435736],,
mogp_independent_band_control,118689867,r,23,29,6,[ 2  6 11 16 18 21],4.522795217217285,0.7310523468212311,2.8479420895081726,0.4603336317815617,6.186691331863371,3.1253475930930623,0.5,1.0,1.0,-0.6930884452411693,1.1682853396114432,[0.80019502 0.81258315 0.0238302  0.08742792 0.03564878 0.2273575 ],Approximate independent-band control: wavelength length scale set near zero.,
mogp_shuffled_wavelength_control_seed0,118689867,r,23,29,6,[ 2  6 11 16 18 21],4.046612585858495,0.6540834783557392,2.4989168117987117,0.40391813293294887,6.186691331863371,2.954176541927877,0.5,1.0,1.0,-0.6149278079336764,1.0795975787878092,[0.77321501 0.80570651 0.03073748 0.11111213 0.05278785 0.27688374],,0.0
mogp_shuffled_wavelength_control_seed1,118689867,r,23,29,6,[ 2  6 11 16 18 21],4.126190853483538,0.6669462936080843,2.3969793429505906,0.38744123706405176,6.186691331863371,2.8716474240597782,0.6666666666666666,1.0,1.0,-0.41021814761738046,0.9620575190479889,[0.78584345 0.7374814  0.0443961  0.06031845 0.41831378 0.33400821],,1.0
mogp_shuffled_wavelength_control_seed2,118689867,r,23,29,6,[ 2  6 11 16 18 21],4.128260677203675,0.6672808542979763,2.3982893903181863,0.3876529895658856,6.186691331863371,2.8723866081268845,0.6666666666666666,1.0,1.0,-0.41060682279858157,0.962220540041402,[0.78575219 0.73715875 0.04432652 0.06019679 0.41873975 0.33387735],,2.0
mogp_shuffled_wavelength_control_seed3,118689867,r,23,29,6,[ 2  6 11 16 18 21],4.096903843919363,0.6622124208490964,2.5349005589771587,0.4097344481890729,6.186691331863371,2.971506478494632,0.5,1.0,1.0,-0.6160559385789633,1.0935338956477452,[0.78156135 0.80832564 0.02953488 0.10945981 0.05166279 0.27440808],,3.0
mogp_shuffled_wavelength_control_seed4,118689867,r,23,29,6,[ 2  6 11 16 18 21],3.9487288541637713,0.6382618175609632,2.315872561969621,0.37433135706030174,6.186691331863371,2.8356392022942756,0.6666666666666666,1.0,1.0,-0.35951079240003586,0.9149058922273424,[0.79396785 0.75277783 0.05023539 0.09677178 0.38916128 0.3312952 ],,4.0
same_total_train_budget_existing,118689867,r,4,19,6,[ 2  6 11 16 18 21],3.0795290130616726,0.49776671372000525,2.019365274462004,0.32640472364632916,6.186691331863371,2.824376345827084,1.0,1.0,1.0,-0.24092184802422237,0.49584724993038726,[0.68542773 0.65089941 0.20727216 0.2890867  0.28434231 0.35411107],"Fixed-total-budget comparison, not an isolated cross-band covariance test.",
single_band_gp,25842167,r,20,0,6,[12 16 18 19 23 24],8.305661159472297,1.6948722271893144,4.6292961939215145,0.9446647774166212,4.900464487075797,3.5039024173654507,1.0,1.0,1.0,0.2076457163966554,0.5384250189944582,[0.48088523 0.7711395  0.2766197  0.40609197 0.81408661 0.68746135],,
mogp_target_only,25842167,r,20,0,6,[12 16 18 19 23 24],8.305660165334029,1.6948720243231838,4.629296666668664,0.9446648738864867,4.900464487075797,3.503902986743363,1.0,1.0,1.0,0.2076455694903981,0.5384249294881078,[0.48088518 0.77113942 0.27661969 0.40609197 0.81408657 0.68746125],,
mogp_real_wavelength,25842167,r,20,28,6,[12 16 18 19 23 24],9.452187563349506,1.9288350294708108,4.47011182962851,0.912181251678841,4.900464487075797,3.34038107457344,0.8333333333333334,1.0,1.0,0.2689681922809291,0.6158398843687768,[0.49476304 0.7549816  0.21306686 0.50666337 0.86655988 0.72758733],,
mogp_independent_band_control,25842167,r,20,28,6,[12 16 18 19 23 24],9.70680402525075,1.98079264748289,5.173604623418492,1.055737601417796,4.900464487075797,3.571769090099407,0.8333333333333334,1.0,1.0,0.2683257785409729,0.5786050246934838,[0.48257079 0.76365868 0.2894293  0.41674063 0.86429234 0.72608619],Approximate independent-band control: wavelength length scale set near zero.,
mogp_shuffled_wavelength_control_seed0,25842167,r,20,28,6,[12 16 18 19 23 24],8.683177051350068,1.7719089841892701,4.20682172116996,0.8584536694970016,4.900464487075797,3.315359006717704,0.8333333333333334,1.0,1.0,0.24189620302656936,0.6002419602719916,[0.48819164 0.76133183 0.21068843 0.49635939 0.84677127 0.71255504],,0.0
mogp_shuffled_wavelength_control_seed1,25842167,r,20,28,6,[12 16 18 19 23 24],9.815029263679502,2.0028773373554887,4.576976114860087,0.9339882223269121,4.900464487075797,3.367809546702192,1.0,1.0,1.0,0.22724975734372055,0.5441806006262877,[0.49223653 0.71711884 0.23134342 0.51790423 0.83258976 0.70323994],,1.0
mogp_shuffled_wavelength_control_seed2,25842167,r,20,28,6,[12 16 18 19 23 24],9.780070446333017,1.9957435610698562,4.462872603929107,0.910703998712618,4.900464487075797,3.2784055939593255,0.8333333333333334,1.0,1.0,0.29720406716070813,0.5942528028040363,[0.49076902 0.75010582 0.24576763 0.51667216 0.87523739 0.73437694],,2.0
mogp_shuffled_wavelength_control_seed3,25842167,r,20,28,6,[12 16 18 19 23 24],9.536734864912109,1.9460879453496183,4.368427630413637,0.8914313412401369,4.900464487075797,3.2689992608489518,0.8333333333333334,1.0,1.0,0.2918778473811805,0.5832757747049058,[0.49204398 0.75093682 0.24989786 0.5131711  0.86933864 0.72982716],,3.0
mogp_shuffled_wavelength_control_seed4,25842167,r,20,28,6,[12 16 18 19 23 24],7.48271158589477,1.5269392535399946,3.747673920398471,0.7647589183193493,4.900464487075797,3.2205644421442288,0.8333333333333334,1.0,1.0,0.2668169714889083,0.6112849690737543,[0.48959594 0.80376784 0.23202314 0.46448969 0.85213439 0.70799094],,4.0
same_total_train_budget_existing,25842167,r,6,14,6,[12 16 18 19 23 24],89.95016849114404,18.35543727097165,70.90917437857836,14.469888429064252,4.900464487075797,21.78319115889833,0.16666666666666666,0.16666666666666666,0.16666666666666666,-5.471503378566985,2.6232151183496004,"[2.79937935e-01 1.86883087e-07 8.05421205e-15 4.21461205e-17
 1.80660355e-05 1.03437840e-12]","Fixed-total-budget comparison, not an isolated cross-band covariance test.",
single_band_gp,31730775,r,20,0,6,[ 1  4  6 11 14 20],7.653558840306847,0.9558294067213327,3.491079799234195,0.43599021095199,8.007243537902788,3.1206384261180204,0.8333333333333334,1.0,1.0,0.010631559023394799,0.5711835739111975,[0.5573558  0.34800175 0.77973159 0.1547399  0.62355188 0.59500782],,
mogp_target_only,31730775,r,20,0,6,[ 1  4  6 11 14 20],7.6535580823572875,0.9558293120633451,3.4910800434740845,0.435990241454358,8.007243537902788,3.120638590077844,0.8333333333333334,1.0,1.0,0.010631372670367489,0.5711836680012781,[0.5573558  0.34800175 0.77973153 0.15473977 0.62355183 0.59500771],,
mogp_real_wavelength,31730775,r,20,30,6,[ 1  4  6 11 14 20],8.256756563110356,1.0311609137434727,3.5540796351488884,0.4438580665525446,8.007243537902788,3.127699026723237,1.0,1.0,1.0,0.05364219059810469,0.43674613856288,[0.58875365 0.30417547 0.77783777 0.32597118 0.59434711 0.52286855],,
mogp_independent_band_control,31730775,r,20,30,6,[ 1  4  6 11 14 20],7.370181759684874,0.9204393153271356,3.574682192475992,0.4464310565246343,8.007243537902788,3.1969211660717622,1.0,1.0,1.0,0.013477715586502811,0.48611831194371724,[0.56567296 0.3623346  0.73317731 0.19419227 0.6231511  0.57693395],Approximate independent-band control: wavelength length scale set near zero.,
mogp_shuffled_wavelength_control_seed0,31730775,r,20,30,6,[ 1  4  6 11 14 20],4.127901336969921,0.5155208927304685,7.442428344018826,0.929461968877258,8.007243537902788,4.135920880951159,1.0,1.0,1.0,0.08894026924758265,0.15694142102330333,[0.63166774 0.4921653  0.50140392 0.53290668 0.59779202 0.45353863],,0.0
mogp_shuffled_wavelength_control_seed1,31730775,r,20,30,6,[ 1  4  6 11 14 20],5.625179403099942,0.7025113419459272,14.426139683087307,1.8016361828886898,8.007243537902788,4.831900804545232,1.0,1.0,1.0,0.07177498000013695,0.10197797194052334,[0.56839117 0.48792168 0.50869894 0.56926648 0.5649251  0.47164665],,1.0
mogp_shuffled_wavelength_control_seed2,31730775,r,20,30,6,[ 1  4  6 11 14 20],5.49394259924127,0.686121581445019,14.539155494804243,1.8157503797633032,8.007243537902788,4.84032405225014,1.0,1.0,1.0,0.08377835789317213,0.09151617860125162,[0.57277166 0.49769272 0.51075968 0.56885    0.56457139 0.48485499],,2.0
mogp_shuffled_wavelength_control_seed3,31730775,r,20,30,6,[ 1  4  6 11 14 20],5.876081508340176,0.7338457336192382,14.72230976196587,1.8386239524596568,8.007243537902788,4.851097478327764,1.0,1.0,1.0,0.07885001733248119,0.09905953750676136,[0.57503094 0.49395216 0.51069188 0.5684738  0.56396555 0.47557537],,3.0
mogp_shuffled_wavelength_control_seed4,31730775,r,20,30,6,[ 1  4  6 11 14 20],3.703990871201821,0.462580019412267,8.000041450040278,0.9991005534141159,8.007243537902788,4.222056497025527,1.0,1.0,1.0,0.1104262044777839,0.1004921528699529,[0.57694519 0.50344443 0.52814303 0.57715627 0.59021434 0.48664418],,4.0
same_total_train_budget_existing,31730775,r,7,13,6,[ 1  4  6 11 14 20],26.921243200326316,3.3621112025496576,14.091480980201183,1.7598416875293323,8.007243537902788,4.62643327214951,0.8333333333333334,0.8333333333333334,1.0,-0.2699593273567797,1.135536649612408,[0.48981075 0.43349257 0.50666476 0.00381433 0.83746541 0.59504926],"Fixed-total-budget comparison, not an isolated cross-band covariance test.",
single_band_gp,85439795,r,19,0,5,[ 1  9 11 14 16],38.25653674845025,4.581116678025714,24.818465339380428,2.971944016700481,8.35091953277587,5.167725660038448,0.8,1.0,1.0,-0.6237647816195429,0.6065494016603592,[0.48792058 0.46960298 0.16277216 0.05174743 0.34420899],,
mogp_target_only,85439795,r,19,0,5,[ 1  9 11 14 16],38.25652415810094,4.581115170365479,24.81844424085782,2.971941490209533,8.35091953277587,5.1677242242550205,0.8,1.0,1.0,-0.6237626143558204,0.6065475578226949,[0.48792072 0.46960295 0.1627741  0.05174774 0.34420892],,
mogp_real_wavelength,85439795,r,19,26,5,[ 1  9 11 14 16],39.29334571472385,4.705271744088117,25.327294337303442,3.0328749113074704,8.35091953277587,5.188198046944035,0.8,1.0,1.0,-0.5943720502402023,0.5585877383951278,[0.48124929 0.45249574 0.17638262 0.06375982 0.36231103],,
mogp_independent_band_control,85439795,r,19,26,5,[ 1  9 11 14 16],38.26655294461083,4.582316090392373,25.315682826334093,3.0314844643125287,8.35091953277587,5.186136822743357,0.8,1.0,1.0,-0.5878389434411959,0.5709696858651184,[0.48863639 0.47145755 0.17551555 0.06303623 0.35318564],Approximate independent-band control: wavelength length scale set near zero.,
mogp_shuffled_wavelength_control_seed0,85439795,r,19,26,5,[ 1  9 11 14 16],39.432788443568896,4.721969633260413,25.081991148410932,3.0035005187115726,8.35091953277587,5.17682106262892,0.8,1.0,1.0,-0.5973399671936546,0.5499875713308323,[0.47480933 0.4453711  0.18075351 0.06395902 0.36268602],,0.0
mogp_shuffled_wavelength_control_seed1,85439795,r,19,26,5,[ 1  9 11 14 16],37.48298741024873,4.488486239525442,23.48739242705785,2.8125516399570154,8.35091953277587,5.140374861648132,0.8,1.0,1.0,-0.5399991827521189,0.49827395595232893,[0.48982032 0.38323537 0.250774   0.07405043 0.39775831],,1.0
mogp_shuffled_wavelength_control_seed2,85439795,r,19,26,5,[ 1  9 11 14 16],38.29097259933481,4.585240277917847,26.868425898409402,3.217421242409967,8.35091953277587,5.253031456936394,0.8,1.0,1.0,-0.5053466510383553,0.48964327576187555,[0.49019605 0.47559662 0.20823806 0.09564983 0.3738576 ],,2.0
mogp_shuffled_wavelength_control_seed3,85439795,r,19,26,5,[ 1  9 11 14 16],38.34094387433372,4.591224202778191,86.13628838011904,10.314587278927723,8.35091953277587,6.544803025534,1.0,1.0,1.0,-0.11087182471401191,0.10684853440079511,[0.4978867  0.49477168 0.4265777  0.38913371 0.47238158],,3.0
mogp_shuffled_wavelength_control_seed4,85439795,r,19,26,5,[ 1  9 11 14 16],38.33910844454404,4.5910044150311675,106.19195775861424,12.716199376826674,8.35091953277587,6.758525192319203,1.0,1.0,1.0,-0.08917546763833782,0.08593068653303998,[0.49830305 0.4957945  0.44078603 0.41044694 0.47778649],,4.0
same_total_train_budget_existing,85439795,r,5,14,5,[ 1  9 11 14 16],35.568118964433445,4.259185928547739,18.728146783012264,2.2426448619828783,8.35091953277587,14.508302071868176,0.6,0.8,0.8,-2.7044686754242013,3.905673768756369,"[3.66025053e-01 3.54835342e-01 7.81517126e-02 5.58408726e-26
 1.80277322e-01]","Fixed-total-budget comparison, not an isolated cross-band covariance test.",
single_band_gp,95373927,r,20,0,5,[ 2  9 11 14 17],4.256607914402439,0.8447604451512472,2.4439491920792777,0.48502273381638256,5.0388343095779415,2.8144461157906706,0.6,1.0,1.0,-0.15547264232091956,1.006853277282883,[0.05576797 0.56025182 0.77225422 0.83554872 0.14451281],,
mogp_target_only,95373927,r,20,0,5,[ 2  9 11 14 17],4.256608190069365,0.8447604998597191,2.443949332099508,0.48502276160460134,5.0388343095779415,2.8144461426564744,0.6,1.0,1.0,-0.15547262022995384,1.00685330538009,[0.05576798 0.56025183 0.77225423 0.83554874 0.14451279],,
mogp_real_wavelength,95373927,r,20,29,5,[ 2  9 11 14 17],3.992196057275576,0.7922856383046989,2.282389508682264,0.45295982531988427,5.0388343095779415,2.750777638100655,0.8,1.0,1.0,-0.14980445518980176,0.9662165052127005,[0.05959877 0.54416303 0.7818012  0.81334133 0.16593192],,
mogp_independent_band_control,95373927,r,20,29,5,[ 2  9 11 14 17],4.23460196340115,0.8403931749357014,2.4278080025484683,0.48181937594844715,5.0388343095779415,2.806639391717886,0.6,1.0,1.0,-0.15647944479116807,1.0018892011998495,[0.05669941 0.56347129 0.77087698 0.83224892 0.14368644],Approximate independent-band control: wavelength length scale set near zero.,
mogp_shuffled_wavelength_control_seed0,95373927,r,20,29,5,[ 2  9 11 14 17],3.5013600123779525,0.6948750042688405,2.0038111576957847,0.39767355594266923,5.0388343095779415,2.651020913917852,0.8,1.0,1.0,-0.11343372359864756,0.8971766097731051,[0.06362381 0.5653699  0.73980694 0.8119472  0.23130199],,0.0
mogp_shuffled_wavelength_control_seed1,95373927,r,20,29,5,[ 2  9 11 14 17],4.200916053592408,0.8337079164534548,2.489705773454247,0.4941035208722288,5.0388343095779415,2.9345442587214294,0.6,1.0,1.0,-0.1191045008249203,0.9678075298288189,[0.03908675 0.48657943 0.69618232 0.86473595 0.33878144],,1.0
mogp_shuffled_wavelength_control_seed2,95373927,r,20,29,5,[ 2  9 11 14 17],3.879120355574238,0.7698447929118665,2.195216478435923,0.43565958782633535,5.0388343095779415,2.716843716468001,0.8,1.0,1.0,-0.205414718816944,0.9215460412626136,[0.06003913 0.50435932 0.73728187 0.80056907 0.16797473],,2.0
mogp_shuffled_wavelength_control_seed3,95373927,r,20,29,5,[ 2  9 11 14 17],3.7874820501865183,0.751658383167547,2.1522652879523614,0.42713555471774134,5.0388343095779415,2.709912683473685,0.8,1.0,1.0,-0.24502202293733494,0.9072243934481075,[0.05663355 0.42309786 0.70300286 0.8159655  0.18926422],,3.0
mogp_shuffled_wavelength_control_seed4,95373927,r,20,29,5,[ 2  9 11 14 17],3.843721607577897,0.7628196069618037,2.2153859258289565,0.4396623881078796,5.0388343095779415,2.7522673616816986,0.6,1.0,1.0,-0.2052737088725946,0.9471501675397531,[0.05119559 0.41507668 0.72101229 0.84504123 0.21777196],,4.0
same_total_train_budget_existing,95373927,r,2,18,5,[ 2  9 11 14 17],5.563514474013018,1.1041272905992863,3.460748816179046,0.6868153631487284,5.0388343095779415,3.2277634516817444,0.6,1.0,1.0,-1.184905216153913,0.3678049515555584,[0.03646891 0.07620417 0.17411407 0.18635082 0.19193869],"Fixed-total-budget comparison, not an isolated cross-band covariance test.",
single_band_gp,130375489,r,16,0,4,[ 1  7 12 16],4.151957548957563,0.6773392895623764,2.373199320302832,0.3871574125336185,6.129804682731619,2.795512393494953,0.5,1.0,1.0,0.017545886912110925,0.9872768056494181,[0.91752991 0.30143887 0.10925161 0.66724606],,
mogp_target_only,130375489,r,16,0,4,[ 1  7 12 16],4.151958433599087,0.677339433880437,2.3731998367570024,0.3871574967865755,6.129804682731619,2.795512661684885,0.5,1.0,1.0,0.017546082746671104,0.987276910537366,[0.91752997 0.30143908 0.10925158 0.66724604],,
mogp_real_wavelength,130375489,r,16,24,4,[ 1  7 12 16],3.6057160846928507,0.5882269128167456,2.1652294697101975,0.3532297653479733,6.129804682731619,2.7604611184245775,0.5,1.0,1.0,0.039528388075363366,1.037926987794897,[0.94722262 0.15347811 0.22765684 0.62089353],,
mogp_independent_band_control,130375489,r,16,24,4,[ 1  7 12 16],4.273061921727698,0.6970959341927184,2.5097145126685776,0.4094281372029257,6.129804682731619,2.903219409938665,0.5,1.0,1.0,0.08025786610642861,1.1295423902425261,[0.96632292 0.25082468 0.13161614 0.61118499],Approximate independent-band control: wavelength length scale set near zero.,
mogp_shuffled_wavelength_control_seed0,130375489,r,16,24,4,[ 1  7 12 16],3.256658308384066,0.531282557429351,1.9270981356012469,0.3143816541218857,6.129804682731619,2.6452328844412483,0.75,1.0,1.0,-0.0005710858917210987,0.8679403083063814,[0.90754445 0.21640087 0.22122356 0.58877889],,0.0
mogp_shuffled_wavelength_control_seed1,130375489,r,16,24,4,[ 1  7 12 16],4.021018872445734,0.6559783028280521,2.4300130298915064,0.39642584970727357,6.129804682731619,2.926351888584616,0.75,1.0,1.0,0.1316506625321907,1.170971749885686,[0.97597014 0.16517489 0.21792788 0.61881979],,1.0
mogp_shuffled_wavelength_control_seed2,130375489,r,16,24,4,[ 1  7 12 16],3.2467281518648106,0.5296625781586852,1.9428482959513858,0.3169510933072008,6.129804682731619,2.6639468535504953,0.75,1.0,1.0,0.04193171967408342,0.8970889182670173,[0.92086422 0.19990028 0.25052144 0.60705269],,2.0
mogp_shuffled_wavelength_control_seed3,130375489,r,16,24,4,[ 1  7 12 16],3.3627963050504377,0.5485976273475451,1.9938267986238434,0.3252675903753815,6.129804682731619,2.674751533118438,0.75,1.0,1.0,0.03145981959277949,0.9056550941949387,[0.9189213  0.21281138 0.21839797 0.61879075],,3.0
mogp_shuffled_wavelength_control_seed4,130375489,r,16,24,4,[ 1  7 12 16],3.922585140662118,0.6399200861509506,2.3417613887429733,0.382028712161089,6.129804682731619,2.8652697217547143,0.75,1.0,1.0,0.02197278007706909,1.159018255330694,[0.97271368 0.1762134  0.18326043 0.49941342],,4.0
same_total_train_budget_existing,130375489,r,1,15,4,[ 1  7 12 16],3.931106108367935,0.6413101741140829,2.544542578307438,0.4151098950143899,6.129804682731619,3.021293810901013,0.75,1.0,1.0,-0.26901285786762846,0.5827268933543344,[0.12376656 0.39490514 0.44984986 0.68186068],"Fixed-total-budget comparison, not an isolated cross-band covariance test.",
single_band_gp,22540174,r,17,0,5,[14 15 17 18 19],5.718046541856036,0.8205235904213621,3.3651038918638507,0.482882940403066,6.968777751922595,3.19112820853567,0.6,1.0,1.0,0.17601819218494255,0.8418472374013322,[0.08811825 0.48592595 0.70827362 0.74169814 0.8578867 ],,
mogp_target_only,22540174,r,17,0,5,[14 15 17 18 19],5.718046286766834,0.8205235538167793,3.365103530425743,0.4828828885377145,6.968777751922595,3.1911280520598324,0.6,1.0,1.0,0.1760181944324664,0.8418472448720216,[0.08811829 0.48592567 0.70827367 0.74169823 0.85788672],,
mogp_real_wavelength,22540174,r,17,25,5,[14 15 17 18 19],3.9163232810652717,0.5619813718388148,2.3137912164520698,0.33202252946203153,6.968777751922595,2.8269657920539863,0.8,1.0,1.0,0.045981639087913126,0.7865240973525899,[0.67518844 0.80435172 0.14793032 0.22685867 0.76205772],,
mogp_independent_band_control,22540174,r,17,25,5,[14 15 17 18 19],6.177842474053261,0.8865030130066747,3.565993903389175,0.5117100918314355,6.968777751922595,3.227212141177147,0.6,1.0,1.0,0.2076009705108742,0.8309546408408116,[0.09462587 0.5117448  0.71759873 0.7461452  0.86064583],Approximate independent-band control: wavelength length scale set near zero.,
mogp_shuffled_wavelength_control_seed0,22540174,r,17,25,5,[14 15 17 18 19],4.657171820117558,0.6682910527362858,2.717453681224333,0.3899469574093711,6.968777751922595,2.9561582226026895,0.8,1.0,1.0,0.16250566626738072,0.8192956173933263,[0.73444822 0.86278226 0.20721193 0.20328659 0.77015989],,0.0
mogp_shuffled_wavelength_control_seed1,22540174,r,17,25,5,[14 15 17 18 19],4.327927208319298,0.621045377308134,2.5422521063483656,0.36480602436302284,6.968777751922595,2.913437417436835,0.8,1.0,1.0,0.06047565648004376,0.8114648717610872,[0.67955345 0.80042814 0.11121579 0.28997458 0.77825797],,1.0
mogp_shuffled_wavelength_control_seed2,22540174,r,17,25,5,[14 15 17 18 19],4.7292575507954755,0.6786351522676606,2.7878803132425163,0.4000529809511254,6.968777751922595,2.9630195903692256,0.6,1.0,1.0,0.07313865490826081,0.9568222596184167,[0.72788013 0.88081895 0.11745054 0.1697449  0.76521859],,2.0
mogp_shuffled_wavelength_control_seed3,22540174,r,17,25,5,[14 15 17 18 19],4.407455454185307,0.6324574568286881,2.555363069166737,0.3666874106383642,6.968777751922595,2.8852544041199386,0.6,1.0,1.0,-0.01496963611223714,0.8714098002150485,[0.68257701 0.80791227 0.12782478 0.15801076 0.76405486],,3.0
mogp_shuffled_wavelength_control_seed4,22540174,r,17,25,5,[14 15 17 18 19],4.652783304542322,0.6676613130987971,2.7147225156313337,0.38955504283120196,6.968777751922595,2.9548127988599613,0.8,1.0,1.0,0.16112643454178832,0.8205056851576116,[0.73383283 0.86296953 0.20645548 0.20251268 0.77001269],,4.0
same_total_train_budget_existing,22540174,r,6,11,5,[14 15 17 18 19],5.76604851753719,0.8274117388729196,4.547916321110337,0.6526131960307712,6.968777751922595,3.5524837520466783,0.8,1.0,1.0,-0.05360975255995766,0.5747051709425298,[0.11862408 0.50816904 0.62265881 0.6267472  0.60165931],"Fixed-total-budget comparison, not an isolated cross-band covariance test.",
single_band_gp,100826219,r,19,0,5,[ 7  8 19 20 23],14.333070401999038,1.997342652766146,6.10049187973419,0.8501160109104889,7.17606985569,3.4661240305680763,1.0,1.0,1.0,-0.32150755128904707,0.23102963294926573,[0.31449492 0.49979093 0.30935324 0.2932594  0.46720707],,
mogp_target_only,100826219,r,19,0,5,[ 7  8 19 20 23],14.333041647758588,1.9973386458039746,6.100484501538391,0.8501149827438256,7.17606985569,3.466123529323827,1.0,1.0,1.0,-0.32150700716567615,0.2310299497946172,[0.31449519 0.4997913  0.30935353 0.29325918 0.4672074 ],,
mogp_real_wavelength,100826219,r,19,27,5,[ 7  8 19 20 23],7.61605812835255,1.061313264991934,3.543917820159114,0.4938521908826034,7.17606985569,3.118823487576581,1.0,1.0,1.0,-0.3331025039992529,0.4208378373265197,[0.22908323 0.65261133 0.29853448 0.25322309 0.451045  ],,
mogp_independent_band_control,100826219,r,19,27,5,[ 7  8 19 20 23],15.289811695110384,2.130666507236812,6.4546932278135,0.8994746926404973,7.17606985569,3.503534106507947,1.0,1.0,1.0,-0.3203428970853498,0.2265897617556286,[0.31571653 0.4946767  0.30863059 0.29704606 0.46970612],Approximate independent-band control: wavelength length scale set near zero.,
mogp_shuffled_wavelength_control_seed0,100826219,r,19,27,5,[ 7  8 19 20 23],4.383025428610935,0.6107835509900419,6.939156020282823,0.9669855728593104,7.17606985569,4.1460813012209226,1.0,1.0,1.0,-0.14315426659252625,0.1962997935394233,[0.4790915  0.53233715 0.3110724  0.42039264 0.47974975],,0.0
mogp_shuffled_wavelength_control_seed1,100826219,r,19,27,5,[ 7  8 19 20 23],4.544672808110666,0.6333094436792773,6.956286847391553,0.9693727886268864,7.17606985569,4.14376076681784,1.0,1.0,1.0,-0.14211575457775355,0.20561621801493699,[0.47961785 0.54110992 0.30797366 0.41587863 0.48060081],,1.0
mogp_shuffled_wavelength_control_seed2,100826219,r,19,27,5,[ 7  8 19 20 23],4.274572615473722,0.5956704298362365,6.657709017197395,0.9277653577909935,7.17606985569,4.106511131886732,1.0,1.0,1.0,-0.14045639810738872,0.2037242054541946,[0.48930133 0.5365346  0.30963504 0.41386077 0.47900203],,2.0
mogp_shuffled_wavelength_control_seed3,100826219,r,19,27,5,[ 7  8 19 20 23],4.434734866491774,0.6179893668364188,6.786379839330155,0.9456958998175228,7.17606985569,4.150430543814376,1.0,1.0,1.0,-0.13596048502433444,0.2030597548400365,[0.48705838 0.53901783 0.31006772 0.42100079 0.47993199],,3.0
mogp_shuffled_wavelength_control_seed4,100826219,r,19,27,5,[ 7  8 19 20 23],3.2419769658913506,0.45177611576909954,2.926784659854655,0.4078534237698326,7.17606985569,3.151857228007413,1.0,1.0,1.0,-0.215437157059663,0.29860369238740664,[0.46135635 0.59458197 0.30849347 0.27898502 0.44688649],,4.0
same_total_train_budget_existing,100826219,r,6,13,5,[ 7  8 19 20 23],8.16244976861921,1.1374540567142188,7.000810107114683,0.9755771958607188,7.17606985569,4.035446235632401,1.0,1.0,1.0,-0.17753427388341106,0.15191904454126376,[0.38851405 0.53381922 0.46084702 0.37427395 0.39338911],"Fixed-total-budget comparison, not an isolated cross-band covariance test.",
single_band_gp,105385367,r,20,0,6,[ 6 12 13 14 20 25],1.4858673046998252,0.3085478007091454,1.0749257372237324,0.22321372244814452,4.8156794548034645,2.2355270381804866,1.0,1.0,1.0,0.01774948500615046,0.4880405501383075,[0.61683089 0.49153235 0.43058986 0.54216315 0.77474593 0.19626874],,
mogp_target_only,105385367,r,20,0,6,[ 6 12 13 14 20 25],1.485867243654514,0.3085477880327802,1.0749256939039695,0.2232137134525784,4.8156794548034645,2.235527003671495,1.0,1.0,1.0,0.017749468724218176,0.48804053617115284,[0.61683085 0.49153233 0.43058987 0.54216317 0.77474593 0.19626875],,
mogp_real_wavelength,105385367,r,20,28,6,[ 6 12 13 14 20 25],1.5003248550645716,0.3115499835787559,1.0732716963792255,0.22287025256813472,4.8156794548034645,2.22646776367719,1.0,1.0,1.0,0.016253506413149765,0.5021866927104945,[0.6201141  0.47809964 0.43060196 0.54436741 0.78319698 0.19133899],,
mogp_independent_band_control,105385367,r,20,28,6,[ 6 12 13 14 20 25],1.5003391473289627,0.31155295143916384,1.073277901816702,0.22287154115836064,4.8156794548034645,2.2264721880232106,1.0,1.0,1.0,0.0162549729412646,0.5021887040032404,[0.6201164  0.47809978 0.43060026 0.54436422 0.78320006 0.19134015],Approximate independent-band control: wavelength length scale set near zero.,
mogp_shuffled_wavelength_control_seed0,105385367,r,20,28,6,[ 6 12 13 14 20 25],1.4733249107028024,0.3059433096680084,1.0736211196236198,0.2229428120579583,4.8156794548034645,2.2381011792851795,1.0,1.0,1.0,0.0224458412020677,0.48146418770109534,[0.61185471 0.49880882 0.43317265 0.54601295 0.77308434 0.19966172],,0.0
mogp_shuffled_wavelength_control_seed1,105385367,r,20,28,6,[ 6 12 13 14 20 25],1.549115958716632,0.3216817010466603,1.0921531644257925,0.2267910841400396,4.8156794548034645,2.239447423065876,1.0,1.0,1.0,-0.0051168775587817445,0.5060088240158027,[0.64334605 0.46890847 0.41574355 0.51707897 0.77111972 0.18601619],,1.0
mogp_shuffled_wavelength_control_seed2,105385367,r,20,28,6,[ 6 12 13 14 20 25],1.5178615659889123,0.31519156958731975,1.0823157971279778,0.22474830546464367,4.8156794548034645,2.235506936443661,1.0,1.0,1.0,0.005097297685499343,0.49884715077206965,[0.63054655 0.47827429 0.42285052 0.52915886 0.77380883 0.18990929],,2.0
mogp_shuffled_wavelength_control_seed3,105385367,r,20,28,6,[ 6 12 13 14 20 25],1.5008500976602466,0.31165905283899314,1.0770508726258659,0.2236550174766194,4.8156794548034645,2.233225149215063,1.0,1.0,1.0,0.012288577699415068,0.49532375659995964,[0.62279891 0.48337607 0.42754836 0.53747574 0.77624557 0.19257177],,3.0
mogp_shuffled_wavelength_control_seed4,105385367,r,20,28,6,[ 6 12 13 14 20 25],1.5575511406510307,0.3234333088963034,1.0953189886455184,0.22744848342282784,4.8156794548034645,2.2413096353999697,1.0,1.0,1.0,-0.0074049011027514005,0.5072601092163198,[0.64658631 0.46699047 0.41391612 0.51399349 0.77017935 0.18546005],,4.0
same_total_train_budget_existing,105385367,r,4,16,6,[ 6 12 13 14 20 25],1.4548583628155585,0.302108638348923,7.512261104749716,1.55995870889133,4.8156794548034645,4.255128547420482,1.0,1.0,1.0,-0.0037586493463463446,0.04382268235879008,[0.51503958 0.48896803 0.48583943 0.49996877 0.52605118 0.4751345 ],"Fixed-total-budget comparison, not an isolated cross-band covariance test.",
single_band_gp,15406344,r,18,0,5,[ 0 13 15 17 19],2.5263016350900886,0.5023039496017835,1.9798738496565893,0.3936578437753845,5.0294281721115075,2.872811959680218,1.0,1.0,1.0,0.12202302166120713,0.3735963241323313,[0.61053751 0.70924366 0.53064321 0.28734303 0.60353011],,
mogp_target_only,15406344,r,18,0,5,[ 0 13 15 17 19],2.5263017397921934,0.5023039704196779,1.979874253272969,0.39365792402633265,5.0294281721115075,2.87281213721044,1.0,1.0,1.0,0.12202300110463608,0.37359632595537845,[0.61053751 0.70924374 0.53064319 0.28734305 0.60352998],,
mogp_real_wavelength,15406344,r,18,27,5,[ 0 13 15 17 19],2.6406256333310827,0.525034962816154,1.9308915951164374,0.3839187138258285,5.0294281721115075,2.786736435878567,1.0,1.0,1.0,-0.0650289001125498,0.49712397671376685,[0.56009215 0.71878039 0.59494068 0.25096003 0.26619204],,
mogp_independent_band_control,15406344,r,18,27,5,[ 0 13 15 17 19],2.455665254674752,0.4882593349859471,1.8553873597271848,0.3689062247703274,5.0294281721115075,2.807835933170235,1.0,1.0,1.0,0.12614406788809612,0.3932258035232244,[0.60886967 0.71668686 0.52576368 0.27729406 0.62080396],Approximate independent-band control: wavelength length scale set near zero.,
mogp_shuffled_wavelength_control_seed0,15406344,r,18,27,5,[ 0 13 15 17 19],2.736594433250633,0.5441164163403743,1.9804103371469561,0.3937645134547213,5.0294281721115075,2.821974344158529,1.0,1.0,1.0,-0.06378606574316996,0.491811768098062,[0.57174048 0.71773603 0.57442551 0.30645408 0.22434752],,0.0
mogp_shuffled_wavelength_control_seed1,15406344,r,18,27,5,[ 0 13 15 17 19],2.1896386960259084,0.4353653379856564,1.7502678726591552,0.3480053423099866,5.0294281721115075,2.7259343263519002,1.0,1.0,1.0,-0.06258425236510652,0.42778638749063863,[0.56887262 0.70359438 0.5175587  0.35356054 0.24525605],,1.0
mogp_shuffled_wavelength_control_seed2,15406344,r,18,27,5,[ 0 13 15 17 19],2.5972689025641302,0.5164143544123263,1.8914694547275932,0.3760804190853961,5.0294281721115075,2.7641763081475665,1.0,1.0,1.0,-0.10232722510305203,0.47929241891196744,[0.56525935 0.70721598 0.53701617 0.24052321 0.27108925],,2.0
mogp_shuffled_wavelength_control_seed3,15406344,r,18,27,5,[ 0 13 15 17 19],2.163307498029226,0.4301299121886064,1.763836998943568,0.35070328844224363,5.0294281721115075,2.7363468497195753,1.0,1.0,1.0,-0.06327854406809749,0.4223061031819941,[0.56096493 0.70290804 0.51939915 0.35627998 0.2473612 ],,3.0
mogp_shuffled_wavelength_control_seed4,15406344,r,18,27,5,[ 0 13 15 17 19],2.6344701368478347,0.5238110669233007,1.8734051401885992,0.3724886957481066,5.0294281721115075,2.75869921521621,1.0,1.0,1.0,-0.018615920945157172,0.46882511989246783,[0.59632467 0.71905819 0.58520086 0.25469153 0.31832457],,4.0
same_total_train_budget_existing,15406344,r,5,13,5,[ 0 13 15 17 19],2.5743700465503063,0.5118613803504241,1.4813876021551686,0.2945439424643849,5.0294281721115075,2.4007261345841444,0.6,1.0,1.0,0.015476968207096764,0.7592580737664307,[0.59154116 0.85067591 0.64078005 0.37335645 0.10915564],"Fixed-total-budget comparison, not an isolated cross-band covariance test.",
single_band_gp,61099873,r,16,0,5,[ 3  4  5  9 10],3.654555090308607,0.5359622747342718,2.059843321953484,0.30208829396444037,6.818679714202874,2.754487204910429,0.8,1.0,1.0,0.49426235106008526,0.5260844382754037,[0.92335056 0.57687205 0.52456292 0.76465969 0.52649309],,
mogp_target_only,61099873,r,16,0,5,[ 3  4  5  9 10],3.6545543831266816,0.5359621710218296,2.0598428758256966,0.3020882285371427,6.818679714202874,2.754487008548252,0.8,1.0,1.0,0.49426224414452513,0.5260841782669884,[0.92335049 0.5768722  0.52456304 0.76465955 0.52649298],,
mogp_real_wavelength,61099873,r,16,24,5,[ 3  4  5  9 10],4.845279466742402,0.7105890978645022,2.633445066900324,0.3862104068937314,6.818679714202874,2.825067722223925,0.4,1.0,1.0,-0.23226519167124918,0.9220629806340832,[0.87946765 0.15034306 0.15564113 0.71471904 0.19672388],,
mogp_independent_band_control,61099873,r,16,24,5,[ 3  4  5  9 10],4.686335166709742,0.6872789694093425,2.9470298190521778,0.4321994788688642,6.818679714202874,3.12333359363166,0.8,1.0,1.0,0.5996741207809688,0.42318702384132745,[0.89281215 0.62387017 0.56899326 0.83261533 0.61894949],Approximate independent-band control: wavelength length scale set near zero.,
mogp_shuffled_wavelength_control_seed0,61099873,r,16,24,5,[ 3  4  5  9 10],4.754952923516833,0.6973421722115163,2.5954382981009405,0.3806364878371994,6.818679714202874,2.8169726657682306,0.8,1.0,1.0,-0.22692318709471215,0.9076535797464027,[0.87495759 0.16022671 0.16464283 0.7163225  0.18736982],,0.0
mogp_shuffled_wavelength_control_seed1,61099873,r,16,24,5,[ 3  4  5  9 10],4.973366639715552,0.7293738448157856,2.660230507298417,0.3901386512930541,6.818679714202874,2.825968867349048,0.4,1.0,1.0,-0.19964854895393075,0.9191859929301959,[0.8904415  0.15523818 0.15159041 0.70678208 0.23352991],,1.0
mogp_shuffled_wavelength_control_seed2,61099873,r,16,24,5,[ 3  4  5  9 10],4.1949606362822776,0.6152159673293413,2.358768594982173,0.3459274659974142,6.818679714202874,2.7724432838601105,0.8,1.0,1.0,-0.09969606233301335,0.8601733034247853,[0.89636744 0.22831113 0.22818918 0.71789884 0.19850627],,2.0
mogp_shuffled_wavelength_control_seed3,61099873,r,16,24,5,[ 3  4  5  9 10],5.013416092662893,0.7352473356711956,2.714026979435635,0.39802822440574387,6.818679714202874,2.846148858618254,0.6,1.0,1.0,-0.20873571484046477,0.9320050717033269,[0.89630325 0.18732829 0.15187094 0.70213718 0.17910688],,3.0
mogp_shuffled_wavelength_control_seed4,61099873,r,16,24,5,[ 3  4  5  9 10],4.334299200809305,0.6356507978782515,2.3622190545288206,0.34643349644484245,6.818679714202874,2.7673887635057364,1.0,1.0,1.0,-0.16947400474847069,0.7854708244548233,[0.82598991 0.1687243  0.19606299 0.72709131 0.28269332],,4.0
same_total_train_budget_existing,61099873,r,3,13,5,[ 3  4  5  9 10],5.864669772160287,0.8600887588171292,3.1643503257612045,0.4640708257890549,6.818679714202874,3.0029103919707483,0.8,1.0,1.0,-0.2899436522198461,0.8516191266439067,[0.80114672 0.17844059 0.11252431 0.73428949 0.21571581],"Fixed-total-budget comparison, not an isolated cross-band covariance test.",
single_band_gp,106619084,r,15,0,4,[13 14 15 16],15.012786843709009,1.8702193809154353,11.219619921236188,1.3976852426965387,8.027286529541014,4.613712175711623,1.0,1.0,1.0,-0.31513410544078946,0.4270199870993052,[0.16178756 0.35133958 0.51459764 0.52858312],,
mogp_target_only,106619084,r,15,0,4,[13 14 15 16],15.012787776603558,1.8702194971308645,11.21962099793975,1.3976853768269897,8.027286529541014,4.613712286417497,1.0,1.0,1.0,-0.3151340732521329,0.4270199635436846,[0.16178758 0.35133959 0.51459765 0.52858313],,
mogp_real_wavelength,106619084,r,15,22,4,[13 14 15 16],20.2089890847685,2.5175367803800093,12.967722039566425,1.6154552340749566,8.027286529541014,6.537165463886159,0.5,0.75,0.75,-1.8077599587869757,1.740321488573661,[9.27617115e-07 8.78952772e-02 2.87698200e-01 2.91673686e-01],,
mogp_independent_band_control,106619084,r,15,22,4,[13 14 15 16],24.936684577746032,3.106489906144146,15.53532139559575,1.9353141735285775,8.027286529541014,4.842515723775518,0.75,1.0,1.0,-0.8201436331207446,0.6518061710952125,[0.03425665 0.16827444 0.35984764 0.44469104],Approximate independent-band control: wavelength length scale set near zero.,
mogp_shuffled_wavelength_control_seed0,106619084,r,15,22,4,[13 14 15 16],21.369160084842065,2.6620651955305146,13.844080176903669,1.724627634251801,8.027286529541014,7.470162217029324,0.5,0.75,0.75,-2.029148130600534,2.0302676169685583,[1.97510161e-08 7.41607139e-02 2.71935271e-01 2.83975262e-01],,0.0
mogp_shuffled_wavelength_control_seed1,106619084,r,15,22,4,[13 14 15 16],20.88627213661008,2.6019093824229445,13.452628616922258,1.675862518101924,8.027286529541014,7.030751452032058,0.5,0.75,0.75,-1.9096242516277373,1.9089358618684498,[1.20034183e-07 8.56454870e-02 2.85951410e-01 2.94636529e-01],,1.0
mogp_shuffled_wavelength_control_seed2,106619084,r,15,22,4,[13 14 15 16],25.619080829730198,3.1914994855920575,16.69406651826066,2.079664959862246,8.027286529541014,7.454426255201766,0.5,0.75,0.75,-2.0753360903800515,1.9398578973608178,[4.87121770e-08 4.02564877e-02 2.18867201e-01 3.27748539e-01],,2.0
mogp_shuffled_wavelength_control_seed3,106619084,r,15,22,4,[13 14 15 16],21.891152903162038,2.7270925016318976,14.132882662960974,1.7606052320358705,8.027286529541014,7.263093133468035,0.5,0.75,0.75,-1.9700919384961872,1.964221163033169,[5.26054621e-08 7.69133368e-02 2.74048692e-01 2.95936410e-01],,3.0
mogp_shuffled_wavelength_control_seed4,106619084,r,15,22,4,[13 14 15 16],21.37528289020884,2.6628279446044694,13.843423979769113,1.7245458884299545,8.027286529541014,7.439430221976591,0.5,0.75,0.75,-2.021467734382602,2.020930946295476,[2.25796178e-08 7.48113916e-02 2.72360783e-01 2.84362835e-01],,4.0
same_total_train_budget_existing,106619084,r,1,14,4,[13 14 15 16],58.08797445651501,7.236315066460744,44.96391757507717,5.601384404257478,8.027286529541014,8.766255143613547,0.0,0.25,0.5,-2.9436684154124073,1.044303965581326,[1.06265331e-05 1.80116857e-04 7.68146754e-03 6.27563939e-02],"Fixed-total-budget comparison, not an isolated cross-band covariance test.",
single_band_gp,38941537,r,18,0,5,[ 0  7  8 14 21],4.364527329404232,0.9026972043324473,2.5683429018497153,0.5311997800190874,4.83498487472534,2.834309210947626,0.4,1.0,1.0,-1.0332470741320268,0.33698632559734637,[0.11835631 0.08767266 0.09305012 0.20101125 0.3200545 ],,
mogp_target_only,38941537,r,18,0,5,[ 0  7  8 14 21],4.364527159410221,0.9026971691732864,2.5683427661604017,0.5311997519550258,4.83498487472534,2.834309158792889,0.4,1.0,1.0,-1.033247020582249,0.3369863788175802,[0.11835632 0.08767265 0.09305011 0.20101132 0.32005451],,
mogp_real_wavelength,38941537,r,18,27,5,[ 0  7  8 14 21],5.9039428445853055,1.22108817246728,2.99809929683067,0.6200845244631675,4.83498487472534,3.037083769646885,1.0,1.0,1.0,-0.440692027254837,0.42709695384798113,[0.29021663 0.16347135 0.22486293 0.45957333 0.57415528],,
mogp_independent_band_control,38941537,r,18,27,5,[ 0  7  8 14 21],4.99029139057374,1.0321214067618407,3.125482475747416,0.6464306625002555,4.83498487472534,3.1982607436635666,1.0,1.0,1.0,-0.5837805278595052,0.28896048897549576,[0.2806346  0.33032034 0.18687632 0.18783602 0.45083515],Approximate independent-band control: wavelength length scale set near zero.,
mogp_shuffled_wavelength_control_seed0,38941537,r,18,27,5,[ 0  7  8 14 21],5.343936101741578,1.105264285246632,3.1269811331582695,0.6467406236376083,4.83498487472534,3.1095755412527226,1.0,1.0,1.0,-0.6910724358001051,0.2937670277058599,[0.21556097 0.29592274 0.16807766 0.1650369  0.42223835],,0.0
mogp_shuffled_wavelength_control_seed1,38941537,r,18,27,5,[ 0  7  8 14 21],5.968470772352195,1.2344342178922008,3.0109869898779626,0.6227500329148408,4.83498487472534,3.0343220507640725,1.0,1.0,1.0,-0.44452698020579173,0.43078166496537906,[0.28939455 0.16060411 0.22297393 0.4616548  0.57258179],,1.0
mogp_shuffled_wavelength_control_seed2,38941537,r,18,27,5,[ 0  7  8 14 21],5.300441633943737,1.096268503682721,3.197382742063819,0.6613014983310475,4.83498487472534,3.189232161370275,1.0,1.0,1.0,-0.6080620701861246,0.3042837904068654,[0.27561659 0.30084944 0.17822814 0.18181551 0.46341596],,2.0
mogp_shuffled_wavelength_control_seed3,38941537,r,18,27,5,[ 0  7  8 14 21],5.916569186704278,1.2236996267832956,3.002278138872998,0.6209488171446551,4.83498487472534,3.036158581056686,1.0,1.0,1.0,-0.44830557965149503,0.42518615214424177,[0.28456149 0.16245749 0.22446836 0.45761231 0.56979936],,3.0
mogp_shuffled_wavelength_control_seed4,38941537,r,18,27,5,[ 0  7  8 14 21],5.901423657636274,1.2205671394104445,2.9936789194566864,0.6191702760242342,4.83498487472534,3.0341112790873357,1.0,1.0,1.0,-0.4480574694232837,0.4242374333569452,[0.28612279 0.16183254 0.2245172  0.46077748 0.56628166],,4.0
same_total_train_budget_existing,38941537,r,4,14,5,[ 0  7  8 14 21],4.847247011612754,1.0025361272486113,3.302883961324723,0.683121880812988,4.83498487472534,3.288884155191822,0.8,1.0,1.0,-0.45817467036706666,0.5379880804398052,[0.11614285 0.28496311 0.21193652 0.47913054 0.62696826],"Fixed-total-budget comparison, not an isolated cross-band covariance test.",
single_band_gp,60299807,r,18,0,5,[ 1  9 12 17 20],1.6327062239637762,0.2955548788912658,1.1706563837906052,0.21191393813305867,5.52420663833618,2.346232408837785,1.0,1.0,1.0,-0.009597019371620252,0.4546819066075879,[0.5059887  0.62958451 0.69746712 0.45722967 0.21085324],,
mogp_target_only,60299807,r,18,0,5,[ 1  9 12 17 20],1.632706229441036,0.2955548798827674,1.1706563405543353,0.21191393030636557,5.52420663833618,2.346232349730503,1.0,1.0,1.0,-0.009596931897577154,0.45468196765677926,[0.50598872 0.62958473 0.69746702 0.45722975 0.21085321],,
mogp_real_wavelength,60299807,r,18,25,5,[ 1  9 12 17 20],1.5590591639420635,0.2822231799083519,1.0825674033293393,0.1959679414989072,5.52420663833618,2.2636032410964337,1.0,1.0,1.0,-0.30071737764107986,0.3363092953141926,[0.40526903 0.43256779 0.45019774 0.49520874 0.16932339],,
mogp_independent_band_control,60299807,r,18,25,5,[ 1  9 12 17 20],1.6341087250515935,0.29580876169827097,1.1952870285100972,0.21637261361933816,5.52420663833618,2.377856347655407,1.0,1.0,1.0,0.0107289383235194,0.4334002890469278,[0.4952623  0.55739159 0.74654329 0.47890826 0.24522406],Approximate independent-band control: wavelength length scale set near zero.,
mogp_shuffled_wavelength_control_seed0,60299807,r,18,25,5,[ 1  9 12 17 20],1.5963550290764656,0.2889745321976709,1.0979076891368518,0.19874486256863255,5.52420663833618,2.2713606528157815,1.0,1.0,1.0,-0.3335721920631248,0.32153722135819407,[0.4203436  0.44374161 0.4302961  0.43085346 0.16464754],,0.0
mogp_shuffled_wavelength_control_seed1,60299807,r,18,25,5,[ 1  9 12 17 20],1.5306826550698358,0.27708642259096555,1.0736855681953976,0.19436013865672083,5.52420663833618,2.2606171452368127,1.0,1.0,1.0,-0.2958470914827056,0.32495080524290626,[0.40631738 0.44344061 0.43797167 0.49441535 0.17622631],,1.0
mogp_shuffled_wavelength_control_seed2,60299807,r,18,25,5,[ 1  9 12 17 20],1.6300321970871325,0.29507082261826423,1.1115423115441865,0.20121302194426396,5.52420663833618,2.2814168829456234,0.8,1.0,1.0,-0.31255015642306666,0.3518616622754167,[0.40372155 0.42976191 0.46200799 0.48252921 0.15796385],,2.0
mogp_shuffled_wavelength_control_seed3,60299807,r,18,25,5,[ 1  9 12 17 20],1.5382378271467978,0.278454070937885,1.076575198959364,0.19488322386209914,5.52420663833618,2.2610799182867867,1.0,1.0,1.0,-0.29662775723813983,0.3352668545934576,[0.42771426 0.48627926 0.40360059 0.47116122 0.1710172 ],,3.0
mogp_shuffled_wavelength_control_seed4,60299807,r,18,25,5,[ 1  9 12 17 20],1.5930796784188186,0.288381623410567,1.0968103611335671,0.19854622264164837,5.52420663833618,2.2732272094200416,1.0,1.0,1.0,-0.29459391925278755,0.3507762975128665,[0.40161855 0.42543345 0.48388769 0.49166314 0.16490423],,4.0
same_total_train_budget_existing,60299807,r,5,13,5,[ 1  9 12 17 20],5.105133242402497,0.9241387183047333,3.662209469983823,0.6629385375574642,5.52420663833618,3.4491561175272594,1.0,1.0,1.0,-0.14814408260944906,0.40500805218563424,[0.55942317 0.68675092 0.26780854 0.34955439 0.35535199],"Fixed-total-budget comparison, not an isolated cross-band covariance test.",
single_band_gp,105699563,r,17,0,5,[ 5  8 10 17 20],11.194724628818415,1.4217208261558172,8.07554817752514,1.0255879807044406,7.8740667104721025,4.192174200424394,0.8,1.0,1.0,-0.4895553772799531,0.456358106523316,[0.59177107 0.36837743 0.11985409 0.30171986 0.25831484],,
mogp_target_only,105699563,r,17,0,5,[ 5  8 10 17 20],11.19472261358972,1.4217205702234292,8.07555080407683,1.0255883142743463,7.8740667104721025,4.192175021154633,0.8,1.0,1.0,-0.4895567867142704,0.4563603835197379,[0.59177105 0.36837742 0.11985255 0.30172002 0.25831495],,
mogp_real_wavelength,105699563,r,17,25,5,[ 5  8 10 17 20],8.499323186739488,1.079407058545215,6.125223417980318,0.7778983393465649,7.8740667104721025,3.937571575935673,0.8,1.0,1.0,-0.40859568576382577,0.69744384925256,[0.59520017 0.42564938 0.07343757 0.63048276 0.16380636],,
mogp_independent_band_control,105699563,r,17,25,5,[ 5  8 10 17 20],12.10704522876804,1.537584792451186,8.09197323561698,1.027673949581234,7.8740667104721025,4.157224399651325,0.8,1.0,1.0,-0.5704035659338069,0.5110550948585906,[0.60700724 0.34771281 0.10055793 0.26088479 0.20809658],Approximate independent-band control: wavelength length scale set near zero.,
mogp_shuffled_wavelength_control_seed0,105699563,r,17,25,5,[ 5  8 10 17 20],11.232175522851582,1.4264770589145972,7.443738964186946,0.9453487299373724,7.8740667104721025,4.091290894755292,0.6,1.0,1.0,-0.4783251925764846,0.7345854888369038,[0.58215388 0.43549943 0.08804824 0.61074301 0.08612231],,0.0
mogp_shuffled_wavelength_control_seed1,105699563,r,17,25,5,[ 5  8 10 17 20],11.528772800617862,1.4641446693974778,7.562090921292517,0.9603793312082721,7.8740667104721025,4.1112767502227525,0.6,1.0,1.0,-0.5108936850475935,0.7981000432012335,[0.59565767 0.41645315 0.07276361 0.63217829 0.07108866],,1.0
mogp_shuffled_wavelength_control_seed2,105699563,r,17,25,5,[ 5  8 10 17 20],8.528563259220848,1.083120523715947,5.958904283784063,0.7567759460126275,7.8740667104721025,3.9068618949926885,0.6,1.0,1.0,-0.5579760680217764,0.674355561871345,[0.62002063 0.41061877 0.05766767 0.41359625 0.14085189],,2.0
mogp_shuffled_wavelength_control_seed3,105699563,r,17,25,5,[ 5  8 10 17 20],9.734313549761028,1.2362498195265343,6.802107738227771,0.8638620916408186,7.8740667104721025,4.03890632118094,0.6,1.0,1.0,-0.5142403655275891,0.6990241302000894,[0.59778566 0.41491943 0.07299616 0.53561109 0.10758725],,3.0
mogp_shuffled_wavelength_control_seed4,105699563,r,17,25,5,[ 5  8 10 17 20],12.242239034061628,1.5547542945985053,7.9289400150253915,1.0069688645741737,7.8740667104721025,4.135757885605795,0.6,1.0,1.0,-0.46109887657023163,0.800907481124918,[0.58138499 0.45383511 0.08738914 0.66958475 0.0698764 ],,4.0
same_total_train_budget_existing,105699563,r,5,12,5,[ 5  8 10 17 20],19.591909037502475,2.488156343842788,11.397044602199752,1.4474152964747264,7.8740667104721025,4.486768446635383,0.8,1.0,1.0,-0.4096969329851342,0.5202877572441387,[0.54005638 0.45625594 0.43007926 0.08363698 0.3149026 ],"Fixed-total-budget comparison, not an isolated cross-band covariance test.",
single_band_gp,7779381,r,18,0,5,[12 14 15 18 20],2.724985416768006,0.6280083840642201,2.3398210029747966,0.5392422278797192,4.339090824127197,2.981326800796746,1.0,1.0,1.0,-0.29990435244923674,0.13341431970607875,[0.431486   0.44581576 0.36979532 0.3619737  0.30674223],,
mogp_target_only,7779381,r,18,0,5,[12 14 15 18 20],2.724982903726138,0.6280078049009875,2.3398203275845146,0.5392420722272313,4.339090824127197,2.981326752736591,1.0,1.0,1.0,-0.2999032624811516,0.13341420246198818,[0.43148587 0.44581589 0.36979757 0.3619737  0.30674205],,
mogp_real_wavelength,7779381,r,18,26,5,[12 14 15 18 20],2.0893947685800693,0.48152824019311663,2.3462858644604463,0.5407321394182614,4.339090824127197,3.0373392393642704,1.0,1.0,1.0,-0.16258458377273327,0.09129596975966649,[0.41333387 0.4377051  0.41751519 0.40499853 0.5045992 ],,
mogp_independent_band_control,7779381,r,18,26,5,[12 14 15 18 20],2.2954615020612366,0.5290190030818186,2.592330145742519,0.5974362489321626,4.339090824127197,3.1075703430756727,1.0,1.0,1.0,-0.23389935387375846,0.11523743320511273,[0.44454423 0.44962394 0.41086102 0.4090452  0.32704228],Approximate independent-band control: wavelength length scale set near zero.,
mogp_shuffled_wavelength_control_seed0,7779381,r,18,26,5,[12 14 15 18 20],2.056330019069249,0.47390803797772013,2.345385078575631,0.540524541577763,4.339090824127197,3.0369555577470737,1.0,1.0,1.0,-0.16154921820595283,0.08878598850673708,[0.4140056  0.43853877 0.41720882 0.40727035 0.50310909],,0.0
mogp_shuffled_wavelength_control_seed1,7779381,r,18,26,5,[12 14 15 18 20],2.0957692134152572,0.4829973140368221,2.3429922055177466,0.5399730728127906,4.339090824127197,3.0336990804742663,1.0,1.0,1.0,-0.14602490168521381,0.12493014248236856,[0.41256737 0.4377794  0.41703905 0.4049099  0.53885735],,1.0
mogp_shuffled_wavelength_control_seed2,7779381,r,18,26,5,[12 14 15 18 20],1.8505902186843828,0.4264926210795845,2.319894679254272,0.5346499470245396,4.339090824127197,3.0337472650684854,1.0,1.0,1.0,-0.14945138405415792,0.089689698803232,[0.41206052 0.4383535  0.41697072 0.42694898 0.50954669],,2.0
mogp_shuffled_wavelength_control_seed3,7779381,r,18,26,5,[12 14 15 18 20],2.0907327061632897,0.4818365853367077,2.34237621123036,0.539831108905522,4.339090824127197,3.034249917636692,1.0,1.0,1.0,-0.14530391536853557,0.12487087059977536,[0.41313986 0.43748734 0.41729362 0.40541016 0.53922781],,3.0
mogp_shuffled_wavelength_control_seed4,7779381,r,18,26,5,[12 14 15 18 20],2.087946383290102,0.4811944409368499,2.35310716174129,0.5423041962286224,4.339090824127197,3.0386952368126305,1.0,1.0,1.0,-0.14333014360022994,0.12579510069173866,[0.41337352 0.43786966 0.41810383 0.4062751  0.54081275],,4.0
same_total_train_budget_existing,7779381,r,5,13,5,[12 14 15 18 20],2.2208887516009876,0.5118327413779629,3.473154881951076,0.8004337827267528,4.339090824127197,3.5333136113970367,1.0,1.0,1.0,0.08299053395507042,0.2748326931698986,[0.50485457 0.42941191 0.51424863 0.47326442 0.72973051],"Fixed-total-budget comparison, not an isolated cross-band covariance test.",
single_band_gp,14569980,r,24,0,6,[ 0  1  4  8 10 28],4.9953125518683805,0.8977115835200332,10.150344768790907,1.824126514817858,5.564496040344238,4.366218738195777,1.0,1.0,1.0,0.009166526143918932,0.2735005396140931,[0.50277202 0.52177961 0.68483704 0.49567101 0.49441424 0.32168765],,
mogp_target_only,14569980,r,24,0,6,[ 0  1  4  8 10 28],4.995302557053733,0.8977097873439598,10.15033867971653,1.824125420545469,5.564496040344238,4.366218899982714,1.0,1.0,1.0,0.009165920547004788,0.27349991228956866,[0.502772   0.52177962 0.68483596 0.49567113 0.49441424 0.32168733],,
mogp_real_wavelength,14569980,r,24,26,6,[ 0  1  4  8 10 28],4.564536727913048,0.8202965182864378,3.8515045902635543,0.6921569468895313,5.564496040344238,3.5718017210957975,1.0,1.0,1.0,0.016606717943414322,0.37551074131104906,[0.32926432 0.47993487 0.71851045 0.54310936 0.6328091  0.33211074],,
mogp_independent_band_control,14569980,r,24,26,6,[ 0  1  4  8 10 28],4.621295527924384,0.8304966872864367,7.500644075241009,1.3479467000891234,5.564496040344238,4.112380543600374,1.0,1.0,1.0,0.012035133550222695,0.3182863286267126,[0.49949213 0.52475745 0.7171012  0.49406206 0.49031875 0.30023984],Approximate independent-band control: wavelength length scale set near zero.,
mogp_shuffled_wavelength_control_seed0,14569980,r,24,26,6,[ 0  1  4  8 10 28],4.438256532679882,0.7976026041713774,3.741243093180401,0.6723417657331922,5.564496040344238,3.5429139004052765,1.0,1.0,1.0,0.024215791325185615,0.37878169006496687,[0.33057256 0.47968725 0.72483623 0.54366841 0.63682419 0.33637888],,0.0
mogp_shuffled_wavelength_control_seed1,14569980,r,24,26,6,[ 0  1  4  8 10 28],4.412754490691454,0.7930196119644406,3.83714341973227,0.6895760895347661,5.564496040344238,3.5749697894508707,1.0,1.0,1.0,0.02537447022130133,0.3639034156755539,[0.32959205 0.48016387 0.7148373  0.54263019 0.63675457 0.3514522 ],,1.0
mogp_shuffled_wavelength_control_seed2,14569980,r,24,26,6,[ 0  1  4  8 10 28],4.766059401745459,0.8565123179511895,3.9097183090182646,0.7026185804916839,5.564496040344238,3.57850355323689,1.0,1.0,1.0,0.01371721023755417,0.38380862616515465,[0.32581116 0.48013694 0.71707945 0.54687856 0.63740963 0.32279876],,2.0
mogp_shuffled_wavelength_control_seed3,14569980,r,24,26,6,[ 0  1  4  8 10 28],4.4414038907721105,0.7981682183922176,3.841054750435717,0.6902789978799403,5.564496040344238,3.5733301537896924,1.0,1.0,1.0,0.02625911224547788,0.36859343714631443,[0.32463615 0.47998768 0.71621477 0.54656651 0.63825756 0.35200345],,3.0
mogp_shuffled_wavelength_control_seed4,14569980,r,24,26,6,[ 0  1  4  8 10 28],4.5723689365034295,0.8217040507087084,3.8183215570214926,0.6861935976479333,5.564496040344238,3.5593933901222012,1.0,1.0,1.0,0.01985374008523048,0.38040023716305577,[0.32365507 0.47944202 0.7188514  0.54755035 0.63902589 0.3348408 ],,4.0
same_total_train_budget_existing,14569980,r,11,13,6,[ 0  1  4  8 10 28],5.095453356944956,0.9157079670829875,8.27803087015596,1.487651498022066,5.564496040344238,4.178518450436723,1.0,1.0,1.0,0.11492299066737684,0.33149494498568577,[0.49463239 0.52441924 0.78115466 0.38736869 0.47467332 0.5852555 ],"Fixed-total-budget comparison, not an isolated cross-band covariance test.",
single_band_gp,26677569,r,20,0,5,[ 8  9 12 17 18],2.9893079218907115,0.4601905498882076,2.05768459665327,0.3167713165632799,6.495804667472839,2.865317875521704,1.0,1.0,1.0,0.29292969681980513,0.421710551141812,[0.53037251 0.66305939 0.39070143 0.84106472 0.59726061],,
mogp_target_only,26677569,r,20,0,5,[ 8  9 12 17 18],2.989308236988873,0.46019059839615656,2.057684583506166,0.3167713145393422,6.495804667472839,2.8653178869874187,1.0,1.0,1.0,0.29292960117343086,0.42171025409570523,[0.53037251 0.66305945 0.39070148 0.84106453 0.59726063],,
mogp_real_wavelength,26677569,r,20,28,5,[ 8  9 12 17 18],3.396224620485777,0.5228335509366635,2.843704499978146,0.43777555600120516,6.495804667472839,3.197717249921509,1.0,1.0,1.0,0.29794343429933645,0.39110324375305294,[0.52001285 0.58442632 0.43314196 0.83644855 0.66082494],,
mogp_independent_band_control,26677569,r,20,28,5,[ 8  9 12 17 18],2.825681641161188,0.4350010177046327,2.6207135506072623,0.4034470992839811,6.495804667472839,3.153167970488494,1.0,1.0,1.0,0.21525833134842828,0.35173001740497306,[0.50668135 0.59251915 0.42539419 0.80444175 0.5619959 ],Approximate independent-band control: wavelength length scale set near zero.,
mogp_shuffled_wavelength_control_seed0,26677569,r,20,28,5,[ 8  9 12 17 18],4.047620558982361,0.6231130346715101,4.92041883715943,0.7574764157854049,6.495804667472839,3.7137041092694845,1.0,1.0,1.0,0.28889686126024083,0.2824350509112592,[0.5656305  0.54642582 0.49013204 0.78242828 0.65796115],,0.0
mogp_shuffled_wavelength_control_seed1,26677569,r,20,28,5,[ 8  9 12 17 18],3.611986730577863,0.5560491602625558,3.43153629828887,0.5282696253894427,6.495804667472839,3.386679401676312,1.0,1.0,1.0,0.30254415811945057,0.3358521477795117,[0.53069508 0.56977701 0.47950031 0.81674885 0.65845873],,1.0
mogp_shuffled_wavelength_control_seed2,26677569,r,20,28,5,[ 8  9 12 17 18],3.3456249965504856,0.5150439657312055,4.752622647900675,0.7316449448825035,6.495804667472839,3.7013495118880875,1.0,1.0,1.0,0.18828469348722826,0.22555082073228458,[0.57545433 0.54846811 0.47527182 0.72844408 0.53317903],,2.0
mogp_shuffled_wavelength_control_seed3,26677569,r,20,28,5,[ 8  9 12 17 18],3.9388424022999393,0.6063671252344364,4.628768391551768,0.7125781375061833,6.495804667472839,3.648179950278096,1.0,1.0,1.0,0.24580910652177285,0.2320324034530311,[0.63966057 0.56246512 0.49003806 0.73851303 0.54001729],,3.0
mogp_shuffled_wavelength_control_seed4,26677569,r,20,28,5,[ 8  9 12 17 18],3.340109294048282,0.514194848064564,2.7681591752060806,0.42614569201370694,6.495804667472839,3.172503286539752,0.8,1.0,1.0,0.3088984497155558,0.3938944285270536,[0.51556558 0.58805827 0.44572534 0.8428447  0.66025634],,4.0
same_total_train_budget_existing,26677569,r,4,16,5,[ 8  9 12 17 18],3.57029194687569,0.5496304352798057,9.276418065505572,1.4280629637705096,6.495804667472839,4.4737869404816095,1.0,1.0,1.0,0.03305940397246787,0.09179624406438863,[0.52279514 0.54765985 0.44460757 0.53932234 0.51154641],"Fixed-total-budget comparison, not an isolated cross-band covariance test.",
single_band_gp,76485976,r,20,0,5,[ 8 12 17 19 21],3.167406276532378,0.6145136459425488,2.3055551306037865,0.4473045026544447,5.154330253601074,2.9681244049092568,1.0,1.0,1.0,0.03626393799073354,0.4817472357634343,[0.38810828 0.57916194 0.43914295 0.81413671 0.31765057],,
mogp_target_only,76485976,r,20,0,5,[ 8 12 17 19 21],3.1674067512743433,0.61451373804801,2.3055549373964257,0.44730446516997024,5.154330253601074,2.9681242703553607,1.0,1.0,1.0,0.03626401659984561,0.4817473848284359,[0.38810823 0.57916205 0.43914295 0.81413679 0.31765056],,
mogp_real_wavelength,76485976,r,20,28,5,[ 8 12 17 19 21],2.2206976811215524,0.43084117079421935,1.6049864080123384,0.31138602476840016,5.154330253601074,2.6349463674913887,1.0,1.0,1.0,0.28833705569437557,0.38623209004114706,[0.3518246  0.57571439 0.65682397 0.7860497  0.66805284],,
mogp_independent_band_control,76485976,r,20,28,5,[ 8 12 17 19 21],2.9150589653973222,0.5655553334714467,1.9372199465411786,0.3758431942128154,5.154330253601074,2.796025055153881,0.8,1.0,1.0,0.15767261345559563,0.4748097507267599,[0.37281955 0.63023463 0.43924531 0.8422374  0.47188593],Approximate independent-band control: wavelength length scale set near zero.,
mogp_shuffled_wavelength_control_seed0,76485976,r,20,28,5,[ 8 12 17 19 21],2.4874941623854387,0.4826027902747501,1.672025284953992,0.324392346374358,5.154330253601074,2.639290304217734,1.0,1.0,1.0,0.30945322177716467,0.4548814683273492,[0.35460374 0.60339227 0.52616172 0.82262751 0.74761386],,0.0
mogp_shuffled_wavelength_control_seed1,76485976,r,20,28,5,[ 8 12 17 19 21],2.1609297814647657,0.4192455033231585,1.5896271624332936,0.30840615253993475,5.154330253601074,2.633335218980739,1.0,1.0,1.0,0.26952895541937844,0.3830695633026882,[0.35270989 0.56747559 0.613133   0.78010182 0.68993893],,1.0
mogp_shuffled_wavelength_control_seed2,76485976,r,20,28,5,[ 8 12 17 19 21],1.9863014250495286,0.38536557172715086,1.5194571228688059,0.2947923489782667,5.154330253601074,2.6009772476570054,1.0,1.0,1.0,0.25424035675244283,0.3600473869680587,[0.35449631 0.57707929 0.59254001 0.73224571 0.72450629],,2.0
mogp_shuffled_wavelength_control_seed3,76485976,r,20,28,5,[ 8 12 17 19 21],2.0780982078628636,0.40317521493912806,1.5444635865906053,0.2996438936972588,5.154330253601074,2.615398893316144,1.0,1.0,1.0,0.2560634090890782,0.3514205661681648,[0.35588562 0.59785875 0.59648283 0.74939602 0.68621246],,3.0
mogp_shuffled_wavelength_control_seed4,76485976,r,20,28,5,[ 8 12 17 19 21],2.1514012892509276,0.4173968650433003,1.5876866290367357,0.3080296664978923,5.154330253601074,2.6326195585011667,1.0,1.0,1.0,0.2693199081864135,0.38197178684301725,[0.35224099 0.56652347 0.61584044 0.7775766  0.6913703 ],,4.0
same_total_train_budget_existing,76485976,r,5,15,5,[ 8 12 17 19 21],2.332592807445115,0.45255012633609354,1.3563796202627159,0.26315341732615616,5.154330253601074,2.304309716121503,0.8,1.0,1.0,0.3971387682327019,0.6006945735333514,[0.30588676 0.46810559 0.74577502 0.78162203 0.87167277],"Fixed-total-budget comparison, not an isolated cross-band covariance test.",
single_band_gp,84724459,r,23,0,6,[ 6 11 14 23 26 27],2.5642359272435833,0.40672169523154417,1.6352981630023837,0.25937989324575084,6.30464506149292,2.6040675510098725,0.8333333333333334,1.0,1.0,-0.427385564053577,0.41936276916612997,[0.5518091  0.53738294 0.29125628 0.28961225 0.14391832 0.26720973],,
mogp_target_only,84724459,r,23,0,6,[ 6 11 14 23 26 27],2.564236619425913,0.40672180502080635,1.6352981468264736,0.25937989068003775,6.30464506149292,2.6040673358273563,0.8333333333333334,1.0,1.0,-0.4273857285957483,0.41936270408519244,[0.55180912 0.53738296 0.29125618 0.28961198 0.1439185  0.26720947],,
mogp_real_wavelength,84724459,r,23,28,6,[ 6 11 14 23 26 27],2.7892937232655854,0.4424188350113225,1.6460080869780196,0.2610786286814773,6.30464506149292,2.5474019718783887,0.8333333333333334,1.0,1.0,-0.4882093980413402,0.4719279483124438,[0.53462223 0.5397264  0.29267488 0.1259413  0.16827137 0.3215028 ],,
mogp_independent_band_control,84724459,r,23,28,6,[ 6 11 14 23 26 27],2.6519231270222448,0.420630043587938,1.6710606571752924,0.26505229729452695,6.30464506149292,2.6163135678278024,0.8333333333333334,1.0,1.0,-0.43852475154819087,0.4258307121950307,[0.54954677 0.53781572 0.29340556 0.27979034 0.13986637 0.26019319],Approximate independent-band control: wavelength length scale set near zero.,
mogp_shuffled_wavelength_control_seed0,84724459,r,23,28,6,[ 6 11 14 23 26 27],2.742221075461595,0.43495249117358653,1.612844973549661,0.2558185207602701,6.30464506149292,2.5217419786246746,0.8333333333333334,1.0,1.0,-0.5093543801279373,0.4641351797164247,[0.50090806 0.54246381 0.28923754 0.11984844 0.16833632 0.31813282],,0.0
mogp_shuffled_wavelength_control_seed1,84724459,r,23,28,6,[ 6 11 14 23 26 27],2.5434299044944813,0.4034215851466514,1.5313026501709628,0.24288483098338848,6.30464506149292,2.4975627248044123,1.0,1.0,1.0,-0.4574197788949932,0.42722368128011334,[0.52101167 0.55039587 0.29096845 0.17459621 0.16777399 0.31769314],,1.0
mogp_shuffled_wavelength_control_seed2,84724459,r,23,28,6,[ 6 11 14 23 26 27],2.723791402185539,0.4320293015100447,1.6031298634465327,0.25427757594761674,6.30464506149292,2.5091796849411026,0.8333333333333334,1.0,1.0,-0.5223228360507988,0.4717692160549724,[0.49485904 0.55374181 0.28601717 0.12178524 0.15886695 0.29948623],,2.0
mogp_shuffled_wavelength_control_seed3,84724459,r,23,28,6,[ 6 11 14 23 26 27],2.4860636229743105,0.39432253500811965,1.5034554515481104,0.2384678973810616,6.30464506149292,2.4783135779539296,1.0,1.0,1.0,-0.48553139114978067,0.4062441991728926,[0.48908918 0.5417521  0.28587456 0.18683195 0.16001461 0.2941925 ],,3.0
mogp_shuffled_wavelength_control_seed4,84724459,r,23,28,6,[ 6 11 14 23 26 27],2.7614852802598797,0.4380080485618914,1.6198914882249944,0.2569361910821684,6.30464506149292,2.514380338305268,0.6666666666666666,1.0,1.0,-0.5349997841500826,0.4662452427626181,[0.4787901  0.55704915 0.2851831  0.12642397 0.15279028 0.28610858],,4.0
same_total_train_budget_existing,84724459,r,7,16,6,[ 6 11 14 23 26 27],5.920070521200722,0.939001397137949,3.28855491018165,0.5216082552001636,6.30464506149292,3.409155505600815,0.3333333333333333,0.8333333333333334,0.8333333333333334,-1.232214370171459,0.9420087918709652,[0.00060853 0.34446491 0.30956295 0.15388501 0.11593149 0.14788374],"Fixed-total-budget comparison, not an isolated cross-band covariance test.",
single_band_gp,78480403,r,19,0,5,[ 5  9 11 19 21],3.2301120650577517,0.7453562185738135,1.9799562684998644,0.45687972661846066,4.33364877700805,2.766318634027344,0.8,1.0,1.0,0.28516556585321035,0.6078185230536475,[0.31099553 0.55798715 0.71329546 0.46781864 0.90159734],,
mogp_target_only,78480403,r,19,0,5,[ 5  9 11 19 21],3.230111519710576,0.7453560927336257,1.9799560106823217,0.4568796671264354,4.33364877700805,2.766318552499211,0.8,1.0,1.0,0.28516559681226156,0.6078183998455032,[0.31099556 0.55798715 0.71329545 0.46781875 0.9015973 ],,
mogp_real_wavelength,78480403,r,19,26,5,[ 5  9 11 19 21],3.484216482008498,0.8039914310762397,1.9871794461045766,0.4585464924263024,4.33364877700805,2.704377385087857,0.8,1.0,1.0,0.3561743481297276,0.6413889336202758,[0.30048171 0.57821001 0.52785406 0.73604299 0.9200638 ],,
mogp_independent_band_control,78480403,r,19,26,5,[ 5  9 11 19 21],3.179667718799719,0.7337160629327605,1.9399822949285457,0.44765563495154975,4.33364877700805,2.740881732667728,0.8,1.0,1.0,0.2991742674754154,0.6023533964271331,[0.3071566  0.55388315 0.73152675 0.49159445 0.8975927 ],Approximate independent-band control: wavelength length scale set near zero.,
mogp_shuffled_wavelength_control_seed0,78480403,r,19,26,5,[ 5  9 11 19 21],3.4741714359302462,0.801673512251912,1.9803323630710252,0.4569665113558755,4.33364877700805,2.7010663883764963,0.8,1.0,1.0,0.3484975322517691,0.6440928005912102,[0.30078599 0.53980345 0.54575675 0.741312   0.91959418],,0.0
mogp_shuffled_wavelength_control_seed1,78480403,r,19,26,5,[ 5  9 11 19 21],3.418099482802159,0.7887347726324083,1.9501410851668992,0.4499998005175851,4.33364877700805,2.6914182811798617,0.8,1.0,1.0,0.34078748715650314,0.6406022323723491,[0.30253728 0.53809086 0.54699141 0.7254652  0.92046563],,1.0
mogp_shuffled_wavelength_control_seed2,78480403,r,19,26,5,[ 5  9 11 19 21],3.452834474495111,0.7967499564833094,1.9703403577475753,0.45466083181477795,4.33364877700805,2.701774390279847,0.8,1.0,1.0,0.3440836824188455,0.6394264287670657,[0.30113624 0.54786617 0.54502483 0.7268871  0.91995296],,2.0
mogp_shuffled_wavelength_control_seed3,78480403,r,19,26,5,[ 5  9 11 19 21],3.42418467737612,0.7901389460869452,1.959214106290147,0.45209342221839854,4.33364877700805,2.696847594280924,0.8,1.0,1.0,0.3558114634401347,0.6392127100852036,[0.30174177 0.55120038 0.55827151 0.72927655 0.92110528],,3.0
mogp_shuffled_wavelength_control_seed4,78480403,r,19,26,5,[ 5  9 11 19 21],3.421901484498435,0.789612093774917,1.957342274752849,0.4516614925365958,4.33364877700805,2.695710978775943,0.8,1.0,1.0,0.3632541839425222,0.6371166093905017,[0.30583659 0.55237099 0.56234985 0.73196448 0.92170132],,4.0
same_total_train_budget_existing,78480403,r,4,15,5,[ 5  9 11 19 21],3.6637784138353013,0.8454257837583167,2.1416682059423233,0.4941951496634507,4.33364877700805,2.6762817228147346,0.6,1.0,1.0,0.5588660142453193,0.847065596998231,[0.16735453 0.63510247 0.90884401 0.77614262 0.90669987],"Fixed-total-budget comparison, not an isolated cross-band covariance test.",
single_band_gp,92798777,r,17,0,5,[ 0  2  6 11 12],77.56561660387688,0.9652246961475621,41.70086749216853,0.5189246075329506,80.36016578674315,5.683850119449535,0.4,1.0,1.0,0.842997143604269,0.8796388934194412,[0.97455554 0.53176374 0.84672004 0.34803124 0.93955401],,
mogp_target_only,92798777,r,17,0,5,[ 0  2  6 11 12],77.56562096545521,0.9652247504229396,41.700861934832005,0.5189245383775865,80.36016578674315,5.683846035232176,0.4,1.0,1.0,0.8429944702799765,0.8796355405047502,[0.97455473 0.53176408 0.84672005 0.34803096 0.93955402],,
mogp_real_wavelength,92798777,r,17,25,5,[ 0  2  6 11 12],64.67936443354763,0.8048684793059206,28.066369692527577,0.349257239799742,80.36016578674315,4.847206690061794,0.4,1.0,1.0,0.4495284759393021,1.1174891259200523,[0.876851   0.55421277 0.78175974 0.06220641 0.95639517],,
mogp_independent_band_control,92798777,r,17,25,5,[ 0  2  6 11 12],77.78850963819896,0.967998371788222,41.754339115764914,0.519590007150695,80.36016578674315,5.686054763773177,0.6,1.0,1.0,0.8261727025706154,0.864020306991421,[0.97459517 0.54637047 0.83610387 0.34444948 0.93097108],Approximate independent-band control: wavelength length scale set near zero.,
mogp_shuffled_wavelength_control_seed0,92798777,r,17,25,5,[ 0  2  6 11 12],64.52949663345788,0.8030035279506998,27.732046819944458,0.3450969338905888,80.36016578674315,4.821161028337318,0.4,1.0,1.0,0.45071838854535357,1.1074877051518506,[0.87361278 0.5515726  0.78998024 0.0643819  0.95476866],,0.0
mogp_shuffled_wavelength_control_seed1,92798777,r,17,25,5,[ 0  2  6 11 12],64.86342708031037,0.8071589505233544,28.785410687524102,0.3582049689135008,80.36016578674315,5.0156878959434374,0.6,1.0,1.0,0.6024613657892356,0.9011161287000701,[0.92975264 0.58359466 0.66960738 0.21335201 0.95383883],,1.0
mogp_shuffled_wavelength_control_seed2,92798777,r,17,25,5,[ 0  2  6 11 12],64.71145744849815,0.8052678440239538,28.04575969510133,0.3490007694798457,80.36016578674315,4.915242409518398,0.4,1.0,1.0,0.34221863639128347,1.2324901470769103,[0.8622243  0.5534357  0.79558419 0.02647806 0.94472283],,2.0
mogp_shuffled_wavelength_control_seed3,92798777,r,17,25,5,[ 0  2  6 11 12],64.47845656662105,0.8023683865676883,27.620119369222266,0.3437041113444131,80.36016578674315,4.835626420020878,0.4,1.0,1.0,0.5264722188976105,0.9835064005533944,[0.89461138 0.57373455 0.72971485 0.12792672 0.95722335],,3.0
mogp_shuffled_wavelength_control_seed4,92798777,r,17,25,5,[ 0  2  6 11 12],64.7221085332316,0.8054003858701431,28.249170641623657,0.35153201048129074,80.36016578674315,4.892833325643587,0.4,1.0,1.0,0.41415166378166857,1.1251641765889926,[0.87638628 0.55540848 0.74279817 0.05688123 0.95579263],,4.0
same_total_train_budget_existing,92798777,r,3,14,5,[ 0  2  6 11 12],68.87962162485448,0.8571363803261018,37.267974030325675,0.46376178627139786,80.36016578674315,5.616664058082421,0.8,1.0,1.0,0.428361327341114,0.6176220863881801,[0.44498327 0.63126119 0.72609148 0.43120608 0.93539539],"Fixed-total-budget comparison, not an isolated cross-band covariance test.",
single_band_gp,107165985,r,23,0,6,[ 2  6 17 18 21 22],14.637734608304239,2.441576786724056,8.025087062643337,1.33858597712747,5.995197319984422,4.184170025092355,0.6666666666666666,0.6666666666666666,1.0,-0.9337595222327781,1.121760050070986,[0.47571967 0.60352536 0.36512879 0.28191206 0.00216668 0.02121034],,
mogp_target_only,107165985,r,23,0,6,[ 2  6 17 18 21 22],14.6377363009392,2.4415770690558745,8.025087983434563,1.3385861307156135,5.995197319984422,4.184170339026811,0.6666666666666666,0.6666666666666666,1.0,-0.9337600023508931,1.1217600995700736,[0.47571903 0.60352534 0.36512878 0.28191204 0.00216667 0.02121032],,
mogp_real_wavelength,107165985,r,23,28,6,[ 2  6 17 18 21 22],12.741985361656878,2.125365468653163,6.864265026558006,1.1449606510325572,5.995197319984422,4.071894093289605,0.6666666666666666,0.6666666666666666,0.8333333333333334,-1.0367389243426979,1.1062435944977058,[0.37623384 0.4642514  0.37610488 0.33629563 0.00115431 0.02119672],,
mogp_independent_band_control,107165985,r,23,28,6,[ 2  6 17 18 21 22],13.517451349765006,2.254713336074171,7.337463459684351,1.2238902354765893,5.995197319984422,3.9734537510341066,0.6666666666666666,0.8333333333333334,1.0,-0.8376498160531926,0.9618642103629435,[0.46605419 0.59595449 0.36313729 0.2686484  0.00626694 0.04272907],Approximate independent-band control: wavelength length scale set near zero.,
mogp_shuffled_wavelength_control_seed0,107165985,r,23,28,6,[ 2  6 17 18 21 22],13.464833416972969,2.2459366553439737,7.297861684462259,1.2172846521890994,5.995197319984422,4.240765528452996,0.6666666666666666,0.6666666666666666,0.8333333333333334,-1.0881975603528182,1.2124255554034642,[0.3835907  0.48550157 0.37762794 0.34493215 0.00056013 0.0129544 ],,0.0
mogp_shuffled_wavelength_control_seed1,107165985,r,23,28,6,[ 2  6 17 18 21 22],12.487414553814894,2.0829030117473,6.688430953901585,1.1156314958318942,5.995197319984422,3.9983025376981836,0.6666666666666666,0.8333333333333334,1.0,-0.9991437955042327,1.0646957530303323,[0.37441428 0.46159362 0.37621719 0.35238744 0.00160497 0.02636892],,1.0
mogp_shuffled_wavelength_control_seed2,107165985,r,23,28,6,[ 2  6 17 18 21 22],12.202111713427735,2.0353144462406854,6.5111005776349025,1.0860527569177358,5.995197319984422,3.939479562418692,0.6666666666666666,0.8333333333333334,1.0,-0.9729586038782401,1.0300168855611926,[0.38058491 0.45158559 0.37726829 0.3568647  0.00205343 0.03124522],,2.0
mogp_shuffled_wavelength_control_seed3,107165985,r,23,28,6,[ 2  6 17 18 21 22],12.96529784225783,2.1626140309075796,7.00153943210216,1.1678580467674002,5.995197319984422,4.107571791599093,0.6666666666666666,0.6666666666666666,0.8333333333333334,-1.0510374462274605,1.1187171412087116,[0.38070087 0.46551281 0.37582495 0.32298986 0.00104266 0.01958458],,3.0
mogp_shuffled_wavelength_control_seed4,107165985,r,23,28,6,[ 2  6 17 18 21 22],12.504371053081158,2.0857313588994013,6.6958040557996155,1.116861330565349,5.995197319984422,4.005979505647187,0.6666666666666666,0.8333333333333334,1.0,-1.0066509007509277,1.0714661071529048,[0.37245455 0.45431847 0.37750011 0.3558492  0.00149114 0.0256716 ],,4.0
same_total_train_budget_existing,107165985,r,8,15,6,[ 2  6 17 18 21 22],14.460581259973406,2.4120275761016954,8.017644523536749,1.337344560255038,5.995197319984422,4.098282647587454,0.6666666666666666,0.8333333333333334,1.0,-0.8766852563758715,1.0206429532283812,[0.30119512 0.71083663 0.36974557 0.27567388 0.00525257 0.03530608],"Fixed-total-budget comparison, not an isolated cross-band covariance test.",
single_band_gp,4532322,r,18,0,5,[ 2  7  9 11 15],5.933769966398798,0.7595777947702418,3.4821127680844386,0.44574285024535426,7.811931848526001,3.1925442626200855,0.6,1.0,1.0,-0.568770012487437,0.8654453107619849,[0.26554187 0.04127034 0.61527711 0.10145725 0.69104878],,
mogp_target_only,4532322,r,18,0,5,[ 2  7  9 11 15],5.9337700548955965,0.7595778060986558,3.482112600516973,0.4457428287951587,7.811931848526001,3.1925440602997526,0.6,1.0,1.0,-0.5687699688336637,0.8654453469364916,[0.26554184 0.04127035 0.61527714 0.10145724 0.69104885],,
mogp_real_wavelength,4532322,r,18,26,5,[ 2  7  9 11 15],4.67999113235047,0.5990824322454269,2.7051846850832235,0.34628882298731944,7.811931848526001,2.948227664233378,0.6,1.0,1.0,-0.47410519338532814,0.8410493651997656,[0.34867749 0.05996496 0.59790724 0.09912854 0.72974252],,
mogp_independent_band_control,4532322,r,18,26,5,[ 2  7  9 11 15],5.767561473436759,0.7383015603912385,3.3242537813916315,0.4255354303966272,7.811931848526001,3.152336665796194,0.6,1.0,1.0,-0.603907488168847,0.8807320257101978,[0.27109936 0.03365561 0.61235104 0.09566512 0.67030173],Approximate independent-band control: wavelength length scale set near zero.,
mogp_shuffled_wavelength_control_seed0,4532322,r,18,26,5,[ 2  7  9 11 15],4.741992900166608,0.6070192357171361,2.757850093564355,0.35303048554945105,7.811931848526001,2.9688574006404957,0.6,1.0,1.0,-0.49684803658173243,0.8513731231503088,[0.30551032 0.05652576 0.62131364 0.09940679 0.72072897],,0.0
mogp_shuffled_wavelength_control_seed1,4532322,r,18,26,5,[ 2  7  9 11 15],5.208808710709686,0.6667760051814217,2.9655612587420794,0.3796194483316746,7.811931848526001,3.030859684442945,0.6,1.0,1.0,-0.537417347005852,0.8816404721607519,[0.32797302 0.04011742 0.56137654 0.09987878 0.73746122],,1.0
mogp_shuffled_wavelength_control_seed2,4532322,r,18,26,5,[ 2  7  9 11 15],5.672306390420302,0.7261080230097737,3.2251298035622433,0.41284663846251796,7.811931848526001,3.0905855018374764,0.6,1.0,1.0,-0.49476169234335926,0.9514684467530126,[0.30208955 0.03757831 0.69774044 0.09728187 0.72687282],,2.0
mogp_shuffled_wavelength_control_seed3,4532322,r,18,26,5,[ 2  7  9 11 15],5.580347786718675,0.7143364656684257,3.15884603406715,0.4043616989135893,7.811931848526001,3.069477200232385,0.6,1.0,1.0,-0.4674990056728511,0.9420576921086494,[0.33942931 0.03995276 0.68056834 0.09910717 0.74057776],,3.0
mogp_shuffled_wavelength_control_seed4,4532322,r,18,26,5,[ 2  7  9 11 15],5.159653173261562,0.6604836387858548,2.916784637201414,0.3733755866996932,7.811931848526001,3.0142841653901455,0.6,1.0,1.0,-0.5257614579242537,0.8685952785338659,[0.37018763 0.04034225 0.56154474 0.10021362 0.7172616 ],,4.0
same_total_train_budget_existing,4532322,r,4,14,5,[ 2  7  9 11 15],6.883901902826969,0.8812035276684936,4.77010150675759,0.6106173990314111,7.811931848526001,3.6655911284039804,0.8,1.0,1.0,-0.4942135520062922,0.7615870606229428,[0.32593659 0.02829534 0.44257332 0.36455041 0.64703312],"Fixed-total-budget comparison, not an isolated cross-band covariance test.",
single_band_gp,30398950,r,16,0,4,[ 7  8  9 17],139.33002049646248,18.777786873302787,96.64896988338492,13.02557590623867,7.419938325881958,7.542745885263845,0.25,0.25,0.75,-2.2360959343198017,1.1487583700706672,[0.00445073 0.00345035 0.00044442 0.38077937],,
mogp_target_only,30398950,r,16,0,4,[ 7  8  9 17],139.33002867267413,18.777787975227263,96.64897175433006,13.025576158389706,7.419938325881958,7.542744762706925,0.25,0.25,0.75,-2.2360958273616163,1.1487577244474305,[0.00445074 0.00345035 0.00044442 0.38077898],,
mogp_real_wavelength,30398950,r,16,24,4,[ 7  8  9 17],47.898012171354516,6.4553113607802395,54.08487485580457,7.289127278477192,7.419938325881958,6.2088433788318795,1.0,1.0,1.0,-0.19834210298660918,0.13474325213056532,[0.43898909 0.43133298 0.33828345 0.48018005],,
mogp_independent_band_control,30398950,r,16,24,4,[ 7  8  9 17],1.3441494621580863,0.18115372434693605,67.79759370967689,9.137217956810746,7.419938325881958,6.501090094487536,1.0,1.0,1.0,-0.004376962316307221,0.007163767007777403,[0.49802796 0.50044554 0.50086847 0.49367369],Approximate independent-band control: wavelength length scale set near zero.,
mogp_shuffled_wavelength_control_seed0,30398950,r,16,24,4,[ 7  8  9 17],54.24097811334339,7.310165628215802,55.043581934220484,7.418334158145152,7.419938325881958,6.212048843403161,1.0,1.0,1.0,-0.22489206801418915,0.1516728610991076,[0.43006518 0.42104459 0.31928292 0.478295  ],,0.0
mogp_shuffled_wavelength_control_seed1,30398950,r,16,24,4,[ 7  8  9 17],46.88241570826075,6.318437384408873,53.86381995338879,7.259335265025449,7.419938325881958,6.206852075246506,1.0,1.0,1.0,-0.19461013594233337,0.13142086597739266,[0.44012397 0.43266916 0.34156575 0.48005751],,1.0
mogp_shuffled_wavelength_control_seed2,30398950,r,16,24,4,[ 7  8  9 17],50.524353309322585,6.809268634091658,54.04116192563644,7.283235999028729,7.419938325881958,6.200317103124716,1.0,1.0,1.0,-0.21282314503054148,0.1460786958251667,[0.43561182 0.42727819 0.32588651 0.47823664],,2.0
mogp_shuffled_wavelength_control_seed3,30398950,r,16,24,4,[ 7  8  9 17],48.94084097535609,6.59585549446448,54.161143926669425,7.299406214435301,7.419938325881958,6.206778035485836,1.0,1.0,1.0,-0.20367640577904314,0.13926829551919512,[0.43782312 0.4299092  0.33346502 0.47956538],,3.0
mogp_shuffled_wavelength_control_seed4,30398950,r,16,24,4,[ 7  8  9 17],52.82728394977937,7.119639224696676,54.611455415079234,7.3600955987175185,7.419938325881958,6.205866941809998,1.0,1.0,1.0,-0.22041114258341107,0.14698022356346285,[0.43140938 0.42266401 0.32349878 0.47773571],,4.0
same_total_train_budget_existing,30398950,r,7,9,4,[ 7  8  9 17],19.16377559714973,2.582740550592361,11.217491997476811,1.5118039402495254,7.419938325881958,4.532818084415091,1.0,1.0,1.0,-0.24887923266535075,0.40016620450378737,[0.54939675 0.49861239 0.1809883  0.4189537 ],"Fixed-total-budget comparison, not an isolated cross-band covariance test.",
single_band_gp,115190109,r,16,0,4,[ 0  9 10 13],15.158383334476254,0.9131662512867872,7.47270226662016,0.4501680268417346,16.599806785583496,3.7657662490090527,0.75,0.75,1.0,-0.8331554234165413,1.0335066357380707,[0.00844284 0.22995129 0.6984111  0.23445218],,
mogp_target_only,115190109,r,16,0,4,[ 0  9 10 13],15.158388688848635,0.9131665738430946,7.472705539699457,0.4501682240174813,16.599806785583496,3.76576717431657,0.75,0.75,1.0,-0.833155873871655,1.0335071500740591,[0.0084428  0.22995116 0.69841101 0.23445232],,
mogp_real_wavelength,115190109,r,16,24,4,[ 0  9 10 13],9.208229604209725,0.5547190833695025,4.629577511981849,0.27889345772400903,16.599806785583496,3.2627496363336057,0.25,1.0,1.0,-0.6328707911156651,0.8656035448360249,[0.11870357 0.12695587 0.80645985 0.14140786],,
mogp_independent_band_control,115190109,r,16,24,4,[ 0  9 10 13],11.993700570429874,0.7225204922774218,5.711094793053521,0.3440458594984045,16.599806785583496,3.459865452817757,0.75,1.0,1.0,-0.5321887905871273,0.7224061320706434,[0.06138836 0.31068465 0.69063478 0.27783936],Approximate independent-band control: wavelength length scale set near zero.,
mogp_shuffled_wavelength_control_seed0,115190109,r,16,24,4,[ 0  9 10 13],8.502336181976002,0.5121948882778601,4.378740595875246,0.2637826242458478,16.599806785583496,3.2526122112939726,0.25,1.0,1.0,-0.6152827423383042,0.8367825637724007,[0.14250727 0.13566121 0.79776164 0.13015917],,0.0
mogp_shuffled_wavelength_control_seed1,115190109,r,16,24,4,[ 0  9 10 13],5.680949133578033,0.34222983477806446,3.385055555551765,0.2039213828977575,16.599806785583496,3.1683880529270922,0.5,1.0,1.0,-0.576179174911531,0.7812342877845,[0.29184978 0.08216837 0.74975276 0.14921485],,1.0
mogp_shuffled_wavelength_control_seed2,115190109,r,16,24,4,[ 0  9 10 13],5.017546435499686,0.30226535165802626,3.241506586371096,0.1952737539804536,16.599806785583496,3.1692025293926975,0.5,1.0,1.0,-0.5475686486256558,0.7805885246536829,[0.34816898 0.08091082 0.74215345 0.1466216 ],,2.0
mogp_shuffled_wavelength_control_seed3,115190109,r,16,24,4,[ 0  9 10 13],4.867649453629238,0.29323530788663554,3.153035725900865,0.18994412203876945,16.599806785583496,3.133055939234693,0.75,1.0,1.0,-0.4790176682958338,0.7600338224055317,[0.35272198 0.10317839 0.76256341 0.16132806],,3.0
mogp_shuffled_wavelength_control_seed4,115190109,r,16,24,4,[ 0  9 10 13],8.830376207611154,0.5319565656197943,4.426363066850359,0.26665148119040405,16.599806785583496,3.2491445253700553,0.25,1.0,1.0,-0.6368459154144076,0.7505526122195237,[0.14422109 0.1273165  0.74556938 0.15689962],,4.0
same_total_train_budget_existing,115190109,r,2,14,4,[ 0  9 10 13],10.88858155169183,0.6559462825283173,6.40898461954235,0.38608790465611853,16.599806785583496,3.7690609729688926,0.25,1.0,1.0,-0.7814099810179194,1.192359862224402,[0.05279578 0.25057573 0.86804648 0.02547888],"Fixed-total-budget comparison, not an isolated cross-band covariance test.",
single_band_gp,33037345,r,20,0,5,[ 7  8 12 17 22],3.4338109701214665,0.5147477197494462,2.0833865770390485,0.3123114519753307,6.6708619356155205,2.7624661542776012,0.6,1.0,1.0,0.17283008307383105,0.9064345811641943,[0.44745272 0.46725411 0.1195922  0.76963226 0.93546958],,
mogp_target_only,33037345,r,20,0,5,[ 7  8 12 17 22],3.4338107762784906,0.5147476906912859,2.083386525749328,0.31231144428671104,6.6708619356155205,2.7624662512589317,0.6,1.0,1.0,0.17283001161295336,0.9064344811444474,[0.44745289 0.46725431 0.11959217 0.76963185 0.93546961],,
mogp_real_wavelength,33037345,r,20,27,5,[ 7  8 12 17 22],3.615067351850373,0.5419190783352362,2.4393791197141974,0.36567675110924264,6.6708619356155205,2.975222870499793,0.6,1.0,1.0,-0.08531091155875395,0.8801142680926943,[0.46850254 0.48672185 0.10593052 0.305253   0.92557217],,
mogp_independent_band_control,33037345,r,20,27,5,[ 7  8 12 17 22],3.6832596220128293,0.5521414859971877,2.4272016978423787,0.36385128657567106,6.6708619356155205,2.9670784188934194,0.6,1.0,1.0,0.08880744131109486,0.8752942717310752,[0.54113392 0.56472095 0.09487239 0.51429862 0.9269273 ],Approximate independent-band control: wavelength length scale set near zero.,
mogp_shuffled_wavelength_control_seed0,33037345,r,20,27,5,[ 7  8 12 17 22],3.6258377518158826,0.5435336223131302,2.223208399788599,0.33327153540968374,6.6708619356155205,2.8279937673552658,0.6,1.0,1.0,0.0441171252219704,0.8922848742051785,[0.39388586 0.40465276 0.10382707 0.73068989 0.91562855],,0.0
mogp_shuffled_wavelength_control_seed1,33037345,r,20,27,5,[ 7  8 12 17 22],4.271628223514629,0.6403412729483339,2.8597663205663513,0.4286951743519304,6.6708619356155205,3.106882023341614,0.6,1.0,1.0,-0.1667638993715948,0.877291521246239,[0.38840245 0.39954767 0.09592481 0.34533288 0.92032522],,1.0
mogp_shuffled_wavelength_control_seed2,33037345,r,20,27,5,[ 7  8 12 17 22],4.983759142014526,0.747093732431546,3.9874802587528864,0.5977458831015308,6.6708619356155205,3.457639147605943,0.8,1.0,1.0,-0.05079142029564623,0.594082750783053,[0.42975741 0.42540313 0.24374926 0.39366575 0.85885625],,2.0
mogp_shuffled_wavelength_control_seed3,33037345,r,20,27,5,[ 7  8 12 17 22],3.3064544611673017,0.49565625747914915,2.05146529397219,0.3075262707836122,6.6708619356155205,2.787393223439332,0.6,1.0,1.0,0.1024178832781593,0.8669736683532054,[0.4905576  0.51425427 0.11479153 0.56877913 0.93676722],,3.0
mogp_shuffled_wavelength_control_seed4,33037345,r,20,27,5,[ 7  8 12 17 22],3.6592948415335393,0.5485490296233955,2.3703049722113843,0.35532214503742027,6.6708619356155205,2.9341436593601715,0.6,1.0,1.0,-0.1057478441137513,0.9071849884149772,[0.46067565 0.48099268 0.09888305 0.28452669 0.92989953],,4.0
same_total_train_budget_existing,33037345,r,3,17,5,[ 7  8 12 17 22],12.008732835799508,1.8001770913118833,7.251564288334956,1.0870505728231437,6.6708619356155205,11.227660963566825,0.4,0.6,0.8,1.737887132401402,3.9075468101335056,[0.26235766 0.18028842 0.07586894 1.         0.99623954],"Fixed-total-budget comparison, not an isolated cross-band covariance test.",
single_band_gp,43128900,r,18,0,5,[ 5 10 12 18 22],2.190663974950038,0.26902768579542385,1.504905994556158,0.18481217643812195,8.142894172668457,2.537156789996968,1.0,1.0,1.0,-0.036397411951795695,0.44078938179758287,[0.27950278 0.58828054 0.36777717 0.74866621 0.43906352],,
mogp_target_only,43128900,r,18,0,5,[ 5 10 12 18 22],2.1906641493993977,0.26902770721893204,1.504905860812454,0.18481216001353123,8.142894172668457,2.5371567703482967,1.0,1.0,1.0,-0.03639760606410146,0.44078929933946803,[0.27950276 0.58828058 0.36777702 0.74866605 0.43906346],,
mogp_real_wavelength,43128900,r,18,26,5,[ 5 10 12 18 22],2.027010531225827,0.24892998585557793,1.368546208331988,0.16806631393116953,8.142894172668457,2.451152504249542,1.0,1.0,1.0,-0.036554968055083945,0.45910385798624165,[0.23368398 0.60687231 0.37987004 0.72703804 0.48993172],,
mogp_independent_band_control,43128900,r,18,26,5,[ 5 10 12 18 22],2.3010895878695705,0.28258866430969404,1.4499565012127427,0.178064023732435,8.142894172668457,2.484210174867743,1.0,1.0,1.0,-0.06634523465100979,0.44470353087874115,[0.28285735 0.59500872 0.31680758 0.73053343 0.44607545],Approximate independent-band control: wavelength length scale set near zero.,
mogp_shuffled_wavelength_control_seed0,43128900,r,18,26,5,[ 5 10 12 18 22],1.6173667419364834,0.1986230826092716,1.3224962074904831,0.1624110763872418,8.142894172668457,2.461091581140894,1.0,1.0,1.0,0.031128631030463472,0.37783739076335204,[0.26217058 0.60688304 0.44550457 0.64654229 0.61107894],,0.0
mogp_shuffled_wavelength_control_seed1,43128900,r,18,26,5,[ 5 10 12 18 22],1.873593270038459,0.23008935524756738,1.4462608307965878,0.17761017153470418,8.142894172668457,2.536437250512168,1.0,1.0,1.0,0.011875228919399466,0.40939062919783553,[0.2503836  0.60244209 0.42451455 0.69404253 0.56198407],,1.0
mogp_shuffled_wavelength_control_seed2,43128900,r,18,26,5,[ 5 10 12 18 22],1.7720704016296145,0.21762169126273936,1.4312858168694977,0.17577114309966035,8.142894172668457,2.5365295725775376,1.0,1.0,1.0,0.019624863527286394,0.3878528354848099,[0.28558635 0.58878833 0.42232571 0.72065181 0.52041242],,2.0
mogp_shuffled_wavelength_control_seed3,43128900,r,18,26,5,[ 5 10 12 18 22],1.6680872865910448,0.20485189310085386,1.336778477509179,0.16416503139584726,8.142894172668457,2.4658212766057668,1.0,1.0,1.0,0.04528175191270025,0.39036045071847236,[0.26495826 0.59903919 0.43750576 0.65337954 0.64301019],,3.0
mogp_shuffled_wavelength_control_seed4,43128900,r,18,26,5,[ 5 10 12 18 22],1.8373930809318517,0.22564373820539668,1.3885681516220048,0.17052513789049598,8.142894172668457,2.490857755200122,1.0,1.0,1.0,0.015028896700678307,0.4361483154177419,[0.24706821 0.58264731 0.43876503 0.73995756 0.52436221],,4.0
same_total_train_budget_existing,43128900,r,4,14,5,[ 5 10 12 18 22],4.018893153725994,0.49354603762570914,2.8503541268451045,0.3500418974389093,8.142894172668457,3.218205735904226,0.8,1.0,1.0,0.30766937324589183,0.409987461270457,[0.43036864 0.5974049  0.50598847 0.66880342 0.84507195],"Fixed-total-budget comparison, not an isolated cross-band covariance test.",
single_band_gp,64432366,r,18,0,5,[ 0  8 12 15 17],3.0393737757832464,0.5323695505162045,1.6927781195372726,0.2965030276309102,5.709142780303948,2.481086748358507,0.8,1.0,1.0,-0.18531035182040131,0.7442443574737816,[0.11177921 0.64045162 0.82060158 0.30123117 0.32064537],,
mogp_target_only,64432366,r,18,0,5,[ 0  8 12 15 17],3.0393738774547727,0.5323695683247495,1.6927781879466681,0.29650303961333874,5.709142780303948,2.481086773080505,0.8,1.0,1.0,-0.18531040500160137,0.7442443812747374,[0.11177921 0.64045162 0.82060158 0.30123115 0.32064529],,
mogp_real_wavelength,64432366,r,18,24,5,[ 0  8 12 15 17],3.036014242282298,0.5317811025424494,1.6990589269317184,0.2976031590580158,5.709142780303948,2.498028357948576,0.8,1.0,1.0,-0.16921919114931833,0.7294339149590989,[0.11607054 0.64592057 0.81470948 0.29772106 0.34827439],,
mogp_independent_band_control,64432366,r,18,24,5,[ 0  8 12 15 17],3.0334817220942965,0.5313375122723412,1.6976491971138343,0.2973562341041072,5.709142780303948,2.4974572405435227,0.8,1.0,1.0,-0.1691686761073306,0.7288283038227481,[0.1161106  0.64589235 0.81434413 0.29814963 0.34836815],Approximate independent-band control: wavelength length scale set near zero.,
mogp_shuffled_wavelength_control_seed0,64432366,r,18,24,5,[ 0  8 12 15 17],3.039386902825304,0.532371849817967,1.6927855113710124,0.2965043223670946,5.709142780303948,2.481089505159445,0.8,1.0,1.0,-0.18531075940726197,0.7442479639830282,[0.11177906 0.64045186 0.82060373 0.30122897 0.32064401],,0.0
mogp_shuffled_wavelength_control_seed1,64432366,r,18,24,5,[ 0  8 12 15 17],3.0393818448795566,0.5323709638801053,1.692783033899055,0.2965038884189429,5.709142780303948,2.481088594176141,0.8,1.0,1.0,-0.18531065761271961,0.7442467652902052,[0.1117795  0.64045179 0.82060327 0.30122903 0.320644  ],,1.0
mogp_shuffled_wavelength_control_seed2,64432366,r,18,24,5,[ 0  8 12 15 17],3.039385487721557,0.5323716019517284,1.6927848085784518,0.2965041992676053,5.709142780303948,2.481089275134422,0.8,1.0,1.0,-0.18531113500375693,0.7442475613920179,[0.11177904 0.64045185 0.82060333 0.30122891 0.32064399],,2.0
mogp_shuffled_wavelength_control_seed3,64432366,r,18,24,5,[ 0  8 12 15 17],3.0364055922117563,0.5318496504741649,1.6961907770148397,0.2971007806752622,5.709142780303948,2.4916547858895335,0.8,1.0,1.0,-0.17515783146937208,0.7346932971065631,[0.11439031 0.64399864 0.81675498 0.29912919 0.33811546],,3.0
mogp_shuffled_wavelength_control_seed4,64432366,r,18,24,5,[ 0  8 12 15 17],3.0273215888394427,0.5302585178432465,1.6992834217364965,0.2976424810391638,5.709142780303948,2.5060723813448567,0.8,1.0,1.0,-0.15978647044118338,0.7193222473716322,[0.11906564 0.64858902 0.81036548 0.2969943  0.3643127 ],,4.0
same_total_train_budget_existing,64432366,r,3,15,5,[ 0  8 12 15 17],3.5057010522076526,0.6140503376972845,1.9777195100306586,0.3464126903348119,5.709142780303948,2.620924339608717,0.8,1.0,1.0,-0.5314540285570256,0.7389671468939681,[0.06792662 0.48866016 0.73036698 0.17500098 0.20703083],"Fixed-total-budget comparison, not an isolated cross-band covariance test.",
single_band_gp,85083186,r,16,0,5,[ 0  5  8 14 15],2.1452929634612388,0.3187011982628993,2.7562191449925315,0.4094593881327177,6.7313614606857195,3.110218941765668,1.0,1.0,1.0,0.061930421646913,0.17889288756528257,[0.40671831 0.53946333 0.58951737 0.48879625 0.59806777],,
mogp_target_only,85083186,r,16,0,5,[ 0  5  8 14 15],2.1452904890813733,0.3187008306730915,2.756219138424362,0.40945938715696123,6.7313614606857195,3.110218993598271,1.0,1.0,1.0,0.06193063231690461,0.17889269027799934,[0.4067186  0.53946334 0.58951746 0.48879627 0.59806779],,
mogp_real_wavelength,85083186,r,16,23,5,[ 0  5  8 14 15],4.806870690855956,0.7141008128786898,2.872483899981411,0.4267314891286187,6.7313614606857195,3.0180969093523418,0.6,1.0,1.0,0.28858664062040046,0.7135627777297426,[0.86216548 0.56592954 0.87174496 0.34295921 0.29340468],,
mogp_independent_band_control,85083186,r,16,23,5,[ 0  5  8 14 15],2.1772507718196197,0.3234487977708189,3.5449873005588146,0.526637489497955,6.7313614606857195,3.4170049635984,1.0,1.0,1.0,-0.025308378730049617,0.12835587694199305,[0.43145235 0.53367253 0.43784888 0.48657382 0.56029496],Approximate independent-band control: wavelength length scale set near zero.,
mogp_shuffled_wavelength_control_seed0,85083186,r,16,23,5,[ 0  5  8 14 15],4.199167707919755,0.6238214560969347,2.5914633391198842,0.3849835362809195,6.7313614606857195,2.96421827168573,0.6,1.0,1.0,0.4526950307608515,0.49195457983970636,[0.85463507 0.56462549 0.85024846 0.46613    0.53655099],,0.0
mogp_shuffled_wavelength_control_seed1,85083186,r,16,23,5,[ 0  5  8 14 15],4.094895138159318,0.6083308944372412,2.5853904523072493,0.3840813581928606,6.7313614606857195,2.9693288154800017,1.0,1.0,1.0,0.15940361918421722,0.6539864844437439,[0.83889135 0.56545551 0.78080448 0.31726385 0.25550732],,1.0
mogp_shuffled_wavelength_control_seed2,85083186,r,16,23,5,[ 0  5  8 14 15],3.914887109094913,0.5815891973651502,2.483021380275948,0.3688735770286512,6.7313614606857195,2.955021074666885,0.8,1.0,1.0,0.4187566287294679,0.4821575534653798,[0.62189138 0.5619829  0.91390849 0.51212382 0.5916204 ],,2.0
mogp_shuffled_wavelength_control_seed3,85083186,r,16,23,5,[ 0  5  8 14 15],4.60227954689565,0.6837070886439693,2.7794237101305916,0.4129066202080691,6.7313614606857195,3.016908903869117,0.8,1.0,1.0,0.3081915741841173,0.6613730339361713,[0.76477866 0.56583313 0.91361108 0.37567971 0.3471371 ],,3.0
mogp_shuffled_wavelength_control_seed4,85083186,r,16,23,5,[ 0  5  8 14 15],4.481908804661292,0.6658250089283904,2.7387180631190757,0.40685945616120345,6.7313614606857195,3.0140812795996084,0.8,1.0,1.0,0.18862214093826052,0.7034463915266205,[0.87168862 0.57048197 0.78716037 0.31451232 0.24749074],,4.0
same_total_train_budget_existing,85083186,r,3,13,5,[ 0  5  8 14 15],4.561354974193412,0.6776274013561514,2.7347830239044244,0.40627487320014366,6.7313614606857195,2.957665882712147,0.4,0.8,1.0,1.3140865705158569,0.4255319955115678,[0.98080664 0.93177647 0.8621573  0.83876272 0.82410681],"Fixed-total-budget comparison, not an isolated cross-band covariance test.",
single_band_gp,108913976,r,17,0,5,[ 3  7 11 17 19],1.8397875379378,0.3682840413959884,1.2085583357454055,0.24192616754542642,4.99556682109832,2.3313524517492197,1.0,1.0,1.0,-0.4339970833937038,0.24759695360384268,[0.32085571 0.49818504 0.34690189 0.22322938 0.29284294],,
mogp_target_only,108913976,r,17,0,5,[ 3  7 11 17 19],1.839787640057456,0.3682840618380443,1.208558377552307,0.2419261759142268,4.99556682109832,2.331352478352605,1.0,1.0,1.0,-0.43399708152201233,0.2475969689832591,[0.32085578 0.49818503 0.34690189 0.22322936 0.29284292],,
mogp_real_wavelength,108913976,r,17,25,5,[ 3  7 11 17 19],4.696831623636563,0.9401999396344622,5.951972108658824,1.1914508046456738,4.99556682109832,3.8975202451793662,1.0,1.0,1.0,-0.0044778868816311,0.10726740207176473,[0.44419082 0.49962005 0.57192396 0.47180935 0.50333635],,
mogp_independent_band_control,108913976,r,17,25,5,[ 3  7 11 17 19],4.696567624043583,0.9401470928600252,5.952011003911002,1.1914585905994144,4.99556682109832,3.8975324963726434,1.0,1.0,1.0,-0.004473755942117508,0.10725952548631218,[0.44419903 0.49962209 0.57192111 0.47180984 0.50333667],Approximate independent-band control: wavelength length scale set near zero.,
mogp_shuffled_wavelength_control_seed0,108913976,r,17,25,5,[ 3  7 11 17 19],1.4836506841226118,0.29699346185432823,9.362375370200889,1.874136750740627,4.99556682109832,4.490345960520786,1.0,1.0,1.0,-0.013023175156977412,0.028288369010515912,[0.48182933 0.50777347 0.5017605  0.48067275 0.50199982],,0.0
mogp_shuffled_wavelength_control_seed1,108913976,r,17,25,5,[ 3  7 11 17 19],1.3567690079303272,0.27159460708245103,10.440541710919334,2.089961376719987,4.99556682109832,4.625395676898193,1.0,1.0,1.0,-0.017718461122216887,0.017818935746031172,[0.48661055 0.49867298 0.49470262 0.48296432 0.50171415],,1.0
mogp_shuffled_wavelength_control_seed2,108913976,r,17,25,5,[ 3  7 11 17 19],1.3574649958651142,0.2717339281964931,10.369585155241158,2.0757574718941125,4.99556682109832,4.618599880476699,1.0,1.0,1.0,-0.0178789477066396,0.01791701946286353,[0.48650062 0.49860295 0.49465914 0.48285663 0.50172533],,2.0
mogp_shuffled_wavelength_control_seed3,108913976,r,17,25,5,[ 3  7 11 17 19],3.225818370496312,0.6457362069249806,7.390493430802509,1.4794103843410593,4.99556682109832,4.173657357415753,1.0,1.0,1.0,0.0013228150050037155,0.07025824570142723,[0.46441065 0.52277211 0.53859459 0.47468886 0.50216397],,3.0
mogp_shuffled_wavelength_control_seed4,108913976,r,17,25,5,[ 3  7 11 17 19],1.5233640044580947,0.30494317442102986,9.58581346301731,1.9188640261066077,4.99556682109832,4.510429385882116,1.0,1.0,1.0,-0.011604768412774382,0.02927474138508888,[0.48187203 0.50923187 0.50287975 0.48095327 0.50192755],,4.0
same_total_train_budget_existing,108913976,r,3,14,5,[ 3  7 11 17 19],2.2202256292470475,0.44443918152993717,1.5186689122157495,0.3040033226663669,4.99556682109832,2.5971440860787496,1.0,1.0,1.0,-0.2369973047606801,0.35261026319410854,[0.38864521 0.65954842 0.30382723 0.27865804 0.41562115],"Fixed-total-budget comparison, not an isolated cross-band covariance test.",
single_band_gp,109187160,r,21,0,6,[ 3  4 13 18 23 24],3.3091148881852908,0.5208511921770094,1.9812198824522493,0.3118419192468566,6.3532827377319325,2.72018659948032,0.6666666666666666,1.0,1.0,-0.013786247441376511,0.7439410984907697,[0.49367726 0.11101344 0.62905976 0.2521095  0.84865119 0.67800399],,
mogp_target_only,109187160,r,21,0,6,[ 3  4 13 18 23 24],3.309115370050853,0.5208512680221404,1.9812201262379627,0.31184195761847067,6.3532827377319325,2.7201866591568327,0.6666666666666666,1.0,1.0,-0.013786220515938549,0.7439412826644505,[0.49367728 0.11101338 0.6290598  0.25210947 0.84865125 0.67800405],,
mogp_real_wavelength,109187160,r,21,23,6,[ 3  4 13 18 23 24],2.880156848968994,0.4533336493689852,1.7455820239578104,0.2747527689254025,6.3532827377319325,2.6263374917416913,0.8333333333333334,1.0,1.0,-0.02974928226894878,0.6846150280525534,[0.50899698 0.10091796 0.68193365 0.31708674 0.79355781 0.60226281],,
mogp_independent_band_control,109187160,r,21,23,6,[ 3  4 13 18 23 24],3.36937512723762,0.5303360902273425,2.0208980977001656,0.31808722846507675,6.3532827377319325,2.7414546223259513,0.6666666666666666,1.0,1.0,-0.02976345734339758,0.7369106085088307,[0.48186452 0.11638882 0.62053317 0.23796038 0.84527387 0.6735559 ],Approximate independent-band control: wavelength length scale set near zero.,
mogp_shuffled_wavelength_control_seed0,109187160,r,21,23,6,[ 3  4 13 18 23 24],2.6280326820323694,0.4136495714923203,1.6307996385977457,0.2566861425688615,6.3532827377319325,2.5898422648365433,1.0,1.0,1.0,0.010861610394844817,0.5740613720175965,[0.61320814 0.18444551 0.75785479 0.2648596  0.65695801 0.57960097],,0.0
mogp_shuffled_wavelength_control_seed1,109187160,r,21,23,6,[ 3  4 13 18 23 24],2.7137561080345467,0.4271423483040729,1.7049794768305457,0.268361970844573,6.3532827377319325,2.6383366810118787,1.0,1.0,1.0,0.010419142585413904,0.576468567574287,[0.57626846 0.17699324 0.69777268 0.27086368 0.73277488 0.60565564],,1.0
mogp_shuffled_wavelength_control_seed2,109187160,r,21,23,6,[ 3  4 13 18 23 24],2.612405152836402,0.41118981488442435,1.6288770587215204,0.2563835305247277,6.3532827377319325,2.5836882828715217,0.8333333333333334,1.0,1.0,0.03202306234581756,0.6145548040709812,[0.5827648  0.13719885 0.68174841 0.33258101 0.76602943 0.62192051],,2.0
mogp_shuffled_wavelength_control_seed3,109187160,r,21,23,6,[ 3  4 13 18 23 24],2.848381953149577,0.44833231429055287,1.7210098570391985,0.27088513577684475,6.3532827377319325,2.6134128843177193,1.0,1.0,1.0,-0.01468485275207613,0.6214141785729246,[0.63610695 0.20212009 0.77597838 0.18977685 0.63974415 0.56362008],,3.0
mogp_shuffled_wavelength_control_seed4,109187160,r,21,23,6,[ 3  4 13 18 23 24],2.7471414268925214,0.4323971622697257,1.695042168819257,0.26679784904777787,6.3532827377319325,2.6203842752361006,1.0,1.0,1.0,-0.05352632447418549,0.5912549763830961,[0.63355188 0.20861286 0.73991885 0.18042891 0.59966159 0.56630537],,4.0
same_total_train_budget_existing,109187160,r,6,15,6,[ 3  4 13 18 23 24],5.606115157815919,0.8823966112072095,3.2606125445177674,0.5132169744552842,6.3532827377319325,3.1447330039058734,0.6666666666666666,1.0,1.0,0.2079584254916987,0.826252708141985,[0.30946307 0.09770201 0.74294579 0.72123683 0.85148201 0.77580334],"Fixed-total-budget comparison, not an isolated cross-band covariance test.",
single_band_gp,110721898,r,20,0,5,[ 9 10 11 17 23],2.30107523513853,0.43321208351504953,1.86508821968022,0.3511309588008322,5.311659860610956,2.8003293058470553,1.0,1.0,1.0,0.24531392277833844,0.42748390911246265,[0.6926285  0.44428142 0.503432   0.45644795 0.83251753],,
mogp_target_only,110721898,r,20,0,5,[ 9 10 11 17 23],2.301075156562953,0.43321206872201323,1.8650876123171258,0.3511308444555786,5.311659860610956,2.800328878582343,1.0,1.0,1.0,0.24531406272571318,0.42748399954007865,[0.69262873 0.44428136 0.5034321  0.45644793 0.83251753],,
mogp_real_wavelength,110721898,r,20,24,5,[ 9 10 11 17 23],1.9161775807015442,0.3607493007809318,1.3927516175418162,0.2622064767117109,5.311659860610956,2.514954949914199,1.0,1.0,1.0,0.2622657471125972,0.3704721683934821,[0.66977928 0.39131761 0.49377946 0.64686703 0.78425044],,
mogp_independent_band_control,110721898,r,20,24,5,[ 9 10 11 17 23],2.075492354527399,0.39074270736316924,1.6795602185656893,0.31620251722453163,5.311659860610956,2.7010773123028735,1.0,1.0,1.0,0.30036876856580064,0.35051943652165307,[0.70514732 0.46320472 0.52847612 0.54750626 0.80624475],Approximate independent-band control: wavelength length scale set near zero.,
mogp_shuffled_wavelength_control_seed0,110721898,r,20,24,5,[ 9 10 11 17 23],2.717109961374008,0.5115368891601959,2.1377078618465424,0.40245571402244484,5.311659860610956,2.917178109295855,0.8,1.0,1.0,0.2569491705298485,0.4736081122413202,[0.68402677 0.41544287 0.46551999 0.50992964 0.860144  ],,0.0
mogp_shuffled_wavelength_control_seed1,110721898,r,20,24,5,[ 9 10 11 17 23],5.239482659606818,0.986411554410821,3.462890236782747,0.6519412627420084,5.311659860610956,3.3317442379404447,0.6,1.0,1.0,-0.05998875524589407,0.7620328121447014,[0.59260967 0.13029425 0.27016053 0.53999939 0.86491902],,1.0
mogp_shuffled_wavelength_control_seed2,110721898,r,20,24,5,[ 9 10 11 17 23],5.332014954509966,1.0038321531184544,3.501120324188458,0.6591386527121774,5.311659860610956,3.3369997161898213,0.6,1.0,1.0,-0.07219199914591448,0.7761655121528387,[0.59397424 0.12318892 0.26098776 0.53858071 0.86518095],,2.0
mogp_shuffled_wavelength_control_seed3,110721898,r,20,24,5,[ 9 10 11 17 23],5.203064312041454,0.9795552517632387,3.450628453671019,0.6496327973218755,5.311659860610956,3.33043523268755,0.6,1.0,1.0,-0.05701689200289484,0.7561028662060182,[0.59246456 0.13359569 0.27218154 0.53816253 0.86455226],,3.0
mogp_shuffled_wavelength_control_seed4,110721898,r,20,24,5,[ 9 10 11 17 23],5.335479381095906,1.0044843836220736,3.519358715255069,0.6625723046298876,5.311659860610956,3.3453184616056335,0.6,1.0,1.0,-0.07058618108507905,0.7693654075629899,[0.59260066 0.12608444 0.26372221 0.53559006 0.8644447 ],,4.0
same_total_train_budget_existing,110721898,r,6,14,5,[ 9 10 11 17 23],3.648349996282383,0.6868568568061026,2.729469983204684,0.5138638494993419,5.311659860610956,3.1321497484678877,1.0,1.0,1.0,0.32926117934967697,0.41307871345827185,[0.807017   0.66460438 0.71699062 0.36552274 0.54938107],"Fixed-total-budget comparison, not an isolated cross-band covariance test.",
single_band_gp,22254809,r,18,0,5,[ 1 11 12 14 18],8.003866647082909,0.5179833645067305,4.458307177936867,0.28852666515551006,15.45197625160201,3.3801599201036416,0.6,1.0,1.0,-0.2817437740901945,1.1243120297575342,[0.66214124 0.03308753 0.20081247 0.92645771 0.2739264 ],,
mogp_target_only,22254809,r,18,0,5,[ 1 11 12 14 18],8.003865657801638,0.5179833004837697,4.458306545633188,0.28852662423493985,15.45197625160201,3.3801597061715576,0.6,1.0,1.0,-0.28174330007926873,1.1243118877176124,[0.66214125 0.0330876  0.2008126  0.92645779 0.27392652],,
mogp_real_wavelength,22254809,r,18,25,5,[ 1 11 12 14 18],3.6515557174869917,0.23631642050371454,2.213498703576385,0.14325020097975472,15.45197625160201,2.871970839231781,0.8,1.0,1.0,0.022047487650217423,0.6094931681139346,[0.65385529 0.25572759 0.4277325  0.84458171 0.32266578],,
mogp_independent_band_control,22254809,r,18,25,5,[ 1 11 12 14 18],7.716706688205031,0.4993993365350266,4.234799858499506,0.27406202219994064,15.45197625160201,3.304926514678563,0.6,1.0,1.0,-0.2577056005650776,1.0229596410418138,[0.66149441 0.05198762 0.22330643 0.90736542 0.26016918],Approximate independent-band control: wavelength length scale set near zero.,
mogp_shuffled_wavelength_control_seed0,22254809,r,18,25,5,[ 1 11 12 14 18],18.335907591900575,1.1866383492531947,9.595995614320005,0.6210206033241297,15.45197625160201,4.12263385167467,1.0,1.0,1.0,0.12382544832200496,0.4888696386845575,[0.57455391 0.64082962 0.54310295 0.76443015 0.22410272],,0.0
mogp_shuffled_wavelength_control_seed1,22254809,r,18,25,5,[ 1 11 12 14 18],22.53095788689442,1.458127913221358,10.614293940195491,0.6869214505228763,15.45197625160201,4.112728497819376,1.0,1.0,1.0,0.38756194132972166,0.2784501178558424,[0.57485054 0.66834954 0.55292838 0.81743967 0.60834114],,1.0
mogp_shuffled_wavelength_control_seed2,22254809,r,18,25,5,[ 1 11 12 14 18],24.30965300568599,1.573239086693888,11.55210032827844,0.7476131298791477,15.45197625160201,4.205053540094294,1.0,1.0,1.0,0.3802591810992427,0.2449140502465764,[0.55925153 0.69538039 0.57450738 0.78814179 0.59994802],,2.0
mogp_shuffled_wavelength_control_seed3,22254809,r,18,25,5,[ 1 11 12 14 18],19.77455976575818,1.279743085529789,9.063343078608481,0.5865491203863857,15.45197625160201,3.8460274077658783,0.8,1.0,1.0,0.11817428266533911,0.9220949076933267,[0.59947255 0.3675662  0.31815981 0.9679441  0.24154069],,3.0
mogp_shuffled_wavelength_control_seed4,22254809,r,18,25,5,[ 1 11 12 14 18],31.37523011696032,2.0304995041464315,13.821531048153357,0.8944830630787687,15.45197625160201,4.2160757308666,0.8,1.0,1.0,0.20357760126091812,0.7863849217854013,[0.57025204 0.55980477 0.44275352 0.94700115 0.21709041],,4.0
same_total_train_budget_existing,22254809,r,3,15,5,[ 1 11 12 14 18],18.269429138148443,1.1823360870266888,10.02325065446503,0.6486711143777387,15.45197625160201,4.103224139897801,0.8,1.0,1.0,0.5768341418683028,0.6201317735010757,[0.63974129 0.80699798 0.83714744 0.88645361 0.29765165],"Fixed-total-budget comparison, not an isolated cross-band covariance test.",
single_band_gp,33266451,r,17,0,5,[ 1  3  8 13 19],6.118332292233955,0.8252390249740199,3.4978476098869193,0.471788751120092,7.414012312889071,3.133311991251808,0.8,1.0,1.0,-0.07457354633591405,0.7370175752961199,[0.79358754 0.55140889 0.09219305 0.65058685 0.35176614],,
mogp_target_only,33266451,r,17,0,5,[ 1  3  8 13 19],6.1183328605219165,0.8252391016245484,3.4978476830640277,0.47178876099020084,7.414012312889071,3.1333120368917986,0.8,1.0,1.0,-0.07457357863554051,0.7370176453475925,[0.79358751 0.55140894 0.09219302 0.65058688 0.35176612],,
mogp_real_wavelength,33266451,r,17,24,5,[ 1  3  8 13 19],5.225324885467996,0.7047904245294957,3.371874548245826,0.4547975382214983,7.414012312889071,3.1207871911522806,0.8,1.0,1.0,-0.16516014978097537,0.7464438285785343,[0.76305075 0.54190489 0.07708169 0.61908288 0.29969449],,
mogp_independent_band_control,33266451,r,17,24,5,[ 1  3  8 13 19],5.521702890331112,0.744765810643688,3.4697172472490827,0.4679945353229409,7.414012312889071,3.1418174593864667,0.8,1.0,1.0,-0.09096296654204186,0.7261571245081446,[0.79266249 0.54681395 0.09286633 0.62472584 0.3509591 ],Approximate independent-band control: wavelength length scale set near zero.,
mogp_shuffled_wavelength_control_seed0,33266451,r,17,24,5,[ 1  3  8 13 19],2.670999034178637,0.36026363613332196,4.3651773572661225,0.5887739557266952,7.414012312889071,3.394383809440363,1.0,1.0,1.0,0.08118002074005688,0.3981152478845148,[0.77555145 0.53872561 0.49393597 0.52221385 0.31238957],,0.0
mogp_shuffled_wavelength_control_seed1,33266451,r,17,24,5,[ 1  3  8 13 19],3.338600321996672,0.45030951947471154,4.364999541385604,0.588749971968237,7.414012312889071,3.3103510383325636,1.0,1.0,1.0,-0.10257864348244568,0.5389128530795108,[0.7584287  0.53586325 0.1923271  0.52416119 0.31015362],,1.0
mogp_shuffled_wavelength_control_seed2,33266451,r,17,24,5,[ 1  3  8 13 19],3.253334777334612,0.4388089255906377,4.0978381486391715,0.5527153146906951,7.414012312889071,3.245313107304159,0.8,1.0,1.0,-0.14366335353890985,0.6305066447536678,[0.76067111 0.54654156 0.11757723 0.51911765 0.34293659],,2.0
mogp_shuffled_wavelength_control_seed3,33266451,r,17,24,5,[ 1  3  8 13 19],3.4422098540685173,0.46428434547975106,4.13869883566097,0.5582265932396616,7.414012312889071,3.2586332543431213,0.8,1.0,1.0,-0.14269920008434128,0.6562255296622382,[0.77574386 0.54959799 0.11295126 0.52268329 0.32926373],,3.0
mogp_shuffled_wavelength_control_seed4,33266451,r,17,24,5,[ 1  3  8 13 19],2.5313534631777515,0.3414282788250915,4.2882750967779275,0.5784013993776178,7.414012312889071,3.3923345072110935,1.0,1.0,1.0,0.08036634465462571,0.3704879395247303,[0.74173314 0.55215639 0.53381437 0.52269905 0.30161262],,4.0
same_total_train_budget_existing,33266451,r,3,14,5,[ 1  3  8 13 19],16.23030357129043,2.1891390095312446,9.351631132237022,1.2613455086902743,7.414012312889071,4.587980783247174,0.6,0.8,1.0,0.46432808371720613,1.2863785490045192,[0.61488722 0.54520722 0.99780828 0.14493431 0.54983588],"Fixed-total-budget comparison, not an isolated cross-band covariance test.",
single_band_gp,103854959,r,16,0,4,[ 1 16 18 19],7.994123398157056,0.8620710920647117,7.782247411173708,0.8392227878312379,9.273160266876197,4.072622334887315,1.0,1.0,1.0,-0.01042140506567664,0.5226643575879081,[0.29896049 0.79601301 0.35923909 0.50747421],,
mogp_target_only,103854959,r,16,0,4,[ 1 16 18 19],7.994123963977891,0.8620711530817565,7.782249242419217,0.8392229853092774,9.273160266876197,4.072622926347071,1.0,1.0,1.0,-0.010421499207520139,0.5226635802322277,[0.29896084 0.79601262 0.35923907 0.50747422],,
mogp_real_wavelength,103854959,r,16,23,4,[ 1 16 18 19],7.749057704077501,0.8356436728217884,7.668791230939965,0.8269878887279614,9.273160266876197,4.005437669809987,0.75,1.0,1.0,-0.0237293125449173,0.6611479444504547,[0.23018142 0.8466159  0.34426706 0.50883608],,
mogp_independent_band_control,103854959,r,16,23,4,[ 1 16 18 19],7.853682955763665,0.8469262613541884,8.310563439365879,0.8961953854125954,9.273160266876197,4.150212261794612,1.0,1.0,1.0,-0.017922306385652374,0.459393377105433,[0.31128542 0.76135093 0.37733235 0.50891982],Approximate independent-band control: wavelength length scale set near zero.,
mogp_shuffled_wavelength_control_seed0,103854959,r,16,23,4,[ 1 16 18 19],5.331013936146569,0.5748864230449023,18.551044017374757,2.0005093715072775,9.273160266876197,5.2530750519647755,1.0,1.0,1.0,0.002356953662458911,0.07608245229371655,[0.4605363  0.53938406 0.4851519  0.51868587],,0.0
mogp_shuffled_wavelength_control_seed1,103854959,r,16,23,4,[ 1 16 18 19],6.609356479066743,0.7127404562040642,12.025421182738683,1.296798592567583,9.273160266876197,4.725991098902735,1.0,1.0,1.0,-0.04584513347626764,0.20385225234508567,[0.36205536 0.57701696 0.46422675 0.5259578 ],,1.0
mogp_shuffled_wavelength_control_seed2,103854959,r,16,23,4,[ 1 16 18 19],5.813415709797408,0.626907714575254,12.178771780653749,1.3133356299422991,9.273160266876197,4.754888296770714,1.0,1.0,1.0,-0.002905437047509351,0.14415776575034228,[0.42507545 0.57642542 0.46847161 0.52537928],,2.0
mogp_shuffled_wavelength_control_seed3,103854959,r,16,23,4,[ 1 16 18 19],5.167575572180615,0.5572615401287991,18.60870425112004,2.0067273416583213,9.273160266876197,5.256069669762374,1.0,1.0,1.0,0.007002396492381649,0.07120330275740248,[0.46715979 0.54011756 0.48526975 0.51859304],,3.0
mogp_shuffled_wavelength_control_seed4,103854959,r,16,23,4,[ 1 16 18 19],5.071539278289674,0.5469051685006733,18.9835893633997,2.0471542405245855,9.273160266876197,5.2759372703223,1.0,1.0,1.0,0.0066305298502217485,0.06840603160467777,[0.46842815 0.53831311 0.48565541 0.51815489],,4.0
same_total_train_budget_existing,103854959,r,3,13,4,[ 1 16 18 19],6.313310135529324,0.6808153804998409,20.221696335672654,2.1806693461240734,9.273160266876197,5.218439540126056,1.0,1.0,1.0,0.02525095017638014,0.1309038703802734,[0.44090447 0.58527882 0.49422652 0.51943512],"Fixed-total-budget comparison, not an isolated cross-band covariance test.",
single_band_gp,125554681,r,17,0,5,[ 0 13 14 15 20],3.7430802969392474,0.7521626923826292,2.4173394253520977,0.48575835577513465,4.976423764228819,2.971823728079676,0.4,1.0,1.0,-0.2567584408074531,1.3899576370031068,[0.81963767 0.96113819 0.25935661 0.07971629 0.02809789],,
mogp_target_only,125554681,r,17,0,5,[ 0 13 14 15 20],3.743080305378478,0.7521626940784717,2.417339425483229,0.48575835580148524,4.976423764228819,2.9718237100508786,0.4,1.0,1.0,-0.2567584259729626,1.3899576212918334,[0.81963767 0.96113819 0.25935661 0.07971628 0.0280979 ],,
mogp_real_wavelength,125554681,r,17,24,5,[ 0 13 14 15 20],3.9987300205843392,0.8035348696241928,2.412155027213896,0.4847165638410418,4.976423764228819,2.8949697530564307,1.0,1.0,1.0,-0.04561492933822027,0.7490898034483837,[0.82719251 0.78128567 0.32477186 0.21808626 0.23740424],,
mogp_independent_band_control,125554681,r,17,24,5,[ 0 13 14 15 20],3.9986842682506745,0.8035256758063364,2.4121249296243947,0.48471051580515756,4.976423764228819,2.894958566266742,1.0,1.0,1.0,-0.045600835027058494,0.7490875962871084,[0.82719757 0.78128884 0.32475333 0.21807039 0.23744914],Approximate independent-band control: wavelength length scale set near zero.,
mogp_shuffled_wavelength_control_seed0,125554681,r,17,24,5,[ 0 13 14 15 20],3.975361638438072,0.7988390512507171,2.378357029867385,0.4779249401876352,4.976423764228819,2.855898843920664,1.0,1.0,1.0,-0.06371226265253864,0.799995893070607,[0.82771864 0.80575067 0.31395234 0.19896362 0.21299106],,0.0
mogp_shuffled_wavelength_control_seed1,125554681,r,17,24,5,[ 0 13 14 15 20],3.7986935881051216,0.7633380451662145,2.468808971773673,0.4961010333404066,4.976423764228819,3.0242751559445797,0.4,0.8,1.0,-0.3496789360787408,1.4123831166760827,[0.79867132 0.95489375 0.23752719 0.06553243 0.01992204],,1.0
mogp_shuffled_wavelength_control_seed2,125554681,r,17,24,5,[ 0 13 14 15 20],4.004069464747989,0.8046078176721525,2.4225729014262596,0.48681000979860845,4.976423764228819,2.905695899873625,1.0,1.0,1.0,-0.04130511876399874,0.7373561879027484,[0.82701303 0.77541632 0.32747155 0.22278143 0.24320885],,2.0
mogp_shuffled_wavelength_control_seed3,125554681,r,17,24,5,[ 0 13 14 15 20],3.928784235927411,0.7894794378581709,2.349876694651398,0.472201887536712,4.976423764228819,2.8080064317707008,0.8,1.0,1.0,-0.09952423743434498,0.9076874247050635,[0.82783162 0.85147376 0.29550989 0.16481331 0.16507735],,3.0
mogp_shuffled_wavelength_control_seed4,125554681,r,17,24,5,[ 0 13 14 15 20],4.1865020922631855,0.8412672012291852,2.586382534284246,0.5197271488162845,4.976423764228819,2.9477915624553948,0.8,1.0,1.0,-0.24553013114530636,0.7952740400670238,[0.83124029 0.66448132 0.2418417  0.13379442 0.21115197],,4.0
same_total_train_budget_existing,125554681,r,3,14,5,[ 0 13 14 15 20],3.7552909114992974,0.7546163850620633,2.426863885079382,0.4876722723100864,4.976423764228819,2.9802568405753873,0.4,1.0,1.0,-0.2632285440158563,1.3945541653818132,[0.81713906 0.96140052 0.25834688 0.07901203 0.02695028],"Fixed-total-budget comparison, not an isolated cross-band covariance test.",
single_band_gp,10777360,r,16,0,5,[ 0  4  7 12 18],6.295794459941406,0.7491644633727221,9.64599341541911,1.1478194732593803,8.403754806518553,4.059016311120605,1.0,1.0,1.0,-0.20437890141966938,0.4852464757771793,[0.24546287 0.54916006 0.67277524 0.47087151 0.20295659],,
mogp_target_only,10777360,r,16,0,5,[ 0  4  7 12 18],6.29579270099563,0.7491642540679749,9.645991211214461,1.147819210971308,8.403754806518553,4.059014389089716,1.0,1.0,1.0,-0.2043816806414409,0.48524929456677696,[0.24545864 0.54916001 0.67277529 0.4708715  0.20295647],,
mogp_real_wavelength,10777360,r,16,24,5,[ 0  4  7 12 18],4.451040064360578,0.5296489684477745,7.485902637304086,0.8907807057266218,8.403754806518553,3.886895051605567,1.0,1.0,1.0,-0.21589991552505022,0.5144624816603319,[0.21732246 0.52236878 0.6981198  0.47828876 0.20642663],,
mogp_independent_band_control,10777360,r,16,24,5,[ 0  4  7 12 18],6.410440392012919,0.7628066905332036,8.454377610700153,1.0060238316499113,8.403754806518553,3.9400529217650684,1.0,1.0,1.0,-0.18333207723893924,0.5411432465876647,[0.22650035 0.56752967 0.71735412 0.47127338 0.20066257],Approximate independent-band control: wavelength length scale set near zero.,
mogp_shuffled_wavelength_control_seed0,10777360,r,16,24,5,[ 0  4  7 12 18],4.525250948243333,0.5384796501598578,10.753746945943096,1.279635971482857,8.403754806518553,4.3456802689495735,1.0,1.0,1.0,-0.22156318633788766,0.3511399532439659,[0.31719678 0.48488254 0.5701899  0.50213308 0.21870758],,0.0
mogp_shuffled_wavelength_control_seed1,10777360,r,16,24,5,[ 0  4  7 12 18],8.627790734067476,1.0266590271500002,16.607149924412656,1.976158313368563,8.403754806518553,4.895745317734768,0.8,1.0,1.0,-0.3548100056644027,0.6151790385687007,[0.37824352 0.4897397  0.54207181 0.50386573 0.0601428 ],,1.0
mogp_shuffled_wavelength_control_seed2,10777360,r,16,24,5,[ 0  4  7 12 18],4.3747318538996955,0.5205687165582629,11.400173271878298,1.35655710266981,8.403754806518553,4.43963742605696,1.0,1.0,1.0,-0.1815393991732019,0.2833448939493785,[0.34426098 0.48614017 0.55445628 0.50470953 0.26735885],,2.0
mogp_shuffled_wavelength_control_seed3,10777360,r,16,24,5,[ 0  4  7 12 18],4.51918859943743,0.5377582644286605,9.516732319959903,1.132438123084939,8.403754806518553,4.207917712453994,1.0,1.0,1.0,-0.27033194615002026,0.43813267605255934,[0.27525248 0.48761027 0.59400392 0.49725319 0.16989856],,3.0
mogp_shuffled_wavelength_control_seed4,10777360,r,16,24,5,[ 0  4  7 12 18],4.307948653701946,0.5126218878209527,8.853206298669829,1.053482223422636,8.403754806518553,4.092564186175247,1.0,1.0,1.0,-0.26090655693764603,0.45170630334073597,[0.2575272  0.49291969 0.62208487 0.48767637 0.17986971],,4.0
same_total_train_budget_existing,10777360,r,4,12,5,[ 0  4  7 12 18],18.39422533963221,2.1888103309920863,10.62718296461934,1.2645755628634165,8.403754806518553,4.348904197019927,1.0,1.0,1.0,-0.07686974673705475,0.5503015891853771,[0.54195931 0.38666042 0.77730047 0.48638758 0.17601319],"Fixed-total-budget comparison, not an isolated cross-band covariance test.",
single_band_gp,27655935,r,16,0,5,[11 16 18 19 20],120.27165960206014,17.990455215157716,76.3901413428805,11.426577310529764,6.685303854942269,8.70250639820192,0.0,0.4,0.6,-2.1714498774482958,2.219485829387546,"[8.02830430e-02 9.59955004e-01 2.60209076e-03 1.11931748e-05
 1.51984501e-05]",,
mogp_target_only,27655935,r,16,0,5,[11 16 18 19 20],120.2716652427502,17.990456058902474,76.3901449128406,11.426577844530938,6.685303854942269,8.70250733509096,0.0,0.4,0.6,-2.1714503271518195,2.2194859931217166,"[8.02827885e-02 9.59955015e-01 2.60209817e-03 1.11931353e-05
 1.51983973e-05]",,
mogp_real_wavelength,27655935,r,16,24,5,[11 16 18 19 20],47.09879473364672,7.0451240146441245,25.356093604255836,3.792810940898482,6.685303854942269,4.8661682045160495,0.0,1.0,1.0,-1.2520536421026573,0.33722894025581734,[0.10149479 0.02879419 0.1461831  0.15109378 0.15776858],,
mogp_independent_band_control,27655935,r,16,24,5,[11 16 18 19 20],139.02745530875748,20.79598150291675,91.0457470879084,13.618789671108317,6.685303854942269,11.35847910786173,0.0,0.2,0.4,-2.61416342794881,2.881971542838577,"[7.25864366e-02 9.89569096e-01 9.96076393e-04 2.46864980e-08
 3.73372870e-08]",Approximate independent-band control: wavelength length scale set near zero.,
mogp_shuffled_wavelength_control_seed0,27655935,r,16,24,5,[11 16 18 19 20],48.323633041961855,7.228337573053985,26.045000638574567,3.8958589173654663,6.685303854942269,4.870969339979514,0.0,1.0,1.0,-1.2774558025963254,0.24958393927078706,[0.10486597 0.03872557 0.13010021 0.12801214 0.1344607 ],,0.0
mogp_shuffled_wavelength_control_seed1,27655935,r,16,24,5,[11 16 18 19 20],59.119457573428605,8.843196787491289,28.76571196957239,4.302827903372957,6.685303854942269,4.982154595811203,0.6,0.8,1.0,-0.8406462658639929,0.7913190321839417,[0.15859623 0.01030527 0.32193179 0.41253645 0.41893654],,1.0
mogp_shuffled_wavelength_control_seed2,27655935,r,16,24,5,[11 16 18 19 20],50.72747592650288,7.587908796247368,27.933267302204666,4.178309304752743,6.685303854942269,4.997058886855689,0.0,0.8,1.0,-1.366678847437523,0.3642338354097032,[0.09827717 0.01847094 0.12932985 0.11934648 0.12553944],,2.0
mogp_shuffled_wavelength_control_seed3,27655935,r,16,24,5,[11 16 18 19 20],167.0999613497727,24.99511839334574,111.60043336748845,16.69339730683822,6.685303854942269,18.590557299511783,0.0,0.2,0.4,-3.6112550503629577,4.104789438405567,"[6.55782575e-02 9.98277608e-01 1.39160192e-04 9.57064119e-16
 1.50818415e-15]",,3.0
mogp_shuffled_wavelength_control_seed4,27655935,r,16,24,5,[11 16 18 19 20],58.66786496243117,8.775646737292211,28.454136076606034,4.256221810407411,6.685303854942269,4.974156916505278,0.6,0.8,1.0,-0.8144574234032357,0.8171903955747044,[0.15749988 0.00994955 0.33871939 0.43298404 0.43860259],,4.0
same_total_train_budget_existing,27655935,r,3,13,5,[11 16 18 19 20],92.65744073938473,13.859869760577228,57.15753559945506,8.549728903825367,6.685303854942269,33.46434994784056,0.2,0.4,0.4,4.567266415800377,6.283297301965544,[0.07026927 0.34533859 1.         0.99999644 0.99996732],"Fixed-total-budget comparison, not an isolated cross-band covariance test.",
single_band_gp,92053866,r,14,0,4,[ 0  4  8 10],22.40868939249803,1.2085356085821266,17.24989596213913,0.9303138237777248,18.542018318176215,5.021608300493892,0.5,1.0,1.0,0.9009788851887166,0.6256989008243131,[0.94175061 0.61989487 0.59776755 0.93076298],,
mogp_target_only,92053866,r,14,0,4,[ 0  4  8 10],22.408694578115295,1.2085358882505626,17.24989305119871,0.9303136667861627,18.542018318176215,5.021607169281663,0.5,1.0,1.0,0.9009775125329027,0.6256974214576538,[0.94175048 0.61989489 0.59776766 0.93076235],,
mogp_real_wavelength,92053866,r,14,21,4,[ 0  4  8 10],23.347439256533857,1.259163854543657,15.943974700705404,0.859883451041356,18.542018318176215,4.937176591579263,0.5,1.0,1.0,1.0439869959784631,0.613936251900926,[0.96072802 0.68548404 0.65106489 0.93888291],,
mogp_independent_band_control,92053866,r,14,21,4,[ 0  4  8 10],23.60075662684023,1.2728256558621278,16.101552894853654,0.8683818890994061,18.542018318176215,4.960536271010819,0.5,1.0,1.0,1.0812618381789554,0.6216425819879468,[0.96298049 0.68064301 0.67573739 0.94666744],Approximate independent-band control: wavelength length scale set near zero.,
mogp_shuffled_wavelength_control_seed0,92053866,r,14,21,4,[ 0  4  8 10],23.579638946988904,1.2716867464139248,16.1051788392351,0.8685774419415632,18.542018318176215,4.960917147514816,0.5,1.0,1.0,1.0786472302748769,0.6221531814037375,[0.96276342 0.67967585 0.67443078 0.94651029],,0.0
mogp_shuffled_wavelength_control_seed1,92053866,r,14,21,4,[ 0  4  8 10],23.64144312682979,1.275019942335768,16.093821749401663,0.8679649363535222,18.542018318176215,4.959746954761067,0.5,1.0,1.0,1.0865562327653557,0.6206089783175913,[0.96341691 0.68257851 0.67839672 0.94698426],,1.0
mogp_shuffled_wavelength_control_seed2,92053866,r,14,21,4,[ 0  4  8 10],23.500163643320388,1.2674005191917992,16.124731413910858,0.8696319428238425,18.542018318176215,4.962672068668087,0.5,1.0,1.0,1.068289567658465,0.6240132671561905,[0.96187831 0.67590017 0.66928738 0.94586699],,2.0
mogp_shuffled_wavelength_control_seed3,92053866,r,14,21,4,[ 0  4  8 10],23.43746337977936,1.2640189960768338,16.143920991590083,0.8706668667113038,18.542018318176215,4.964247456491698,0.5,1.0,1.0,1.0600425604089714,0.6253827152310224,[0.96115137 0.67290363 0.66523182 0.94533749],,3.0
mogp_shuffled_wavelength_control_seed4,92053866,r,14,21,4,[ 0  4  8 10],23.307948150490137,1.2570340375320423,15.939815700533826,0.8596591496681069,18.542018318176215,4.938066026611532,0.5,1.0,1.0,1.0479973445976787,0.6121860671383358,[0.96072973 0.68033648 0.65999852 0.93962972],,4.0
same_total_train_budget_existing,92053866,r,1,13,4,[ 0  4  8 10],38.80116741240362,2.0926075439353835,26.39099610700352,1.4233076277965477,18.542018318176215,5.664372743338323,0.25,0.5,1.0,1.7471189220136014,0.5807534569425656,[0.98422177 0.94209359 0.99145354 0.81089366],"Fixed-total-budget comparison, not an isolated cross-band covariance test.",
single_band_gp,4766293,r,19,0,5,[ 4 13 15 20 23],3.3992301022557925,0.7351761450183859,1.9201395728486914,0.41528251003877614,4.6236947774887085,2.5832493374950394,0.6,1.0,1.0,-0.07952703181663387,0.8597557430650122,[0.31020221 0.8480798  0.39496071 0.08614143 0.75826338],,
mogp_target_only,4766293,r,19,0,5,[ 4 13 15 20 23],3.3992308135565334,0.7351762988565554,1.920139991349819,0.41528260055104993,4.6236947774887085,2.583249538337589,0.6,1.0,1.0,-0.07952675925655195,0.8597559900641157,[0.31020229 0.84807997 0.39496099 0.08614138 0.75826339],,
mogp_real_wavelength,4766293,r,19,24,5,[ 4 13 15 20 23],3.306956943155162,0.7152195597459585,1.8490965862399675,0.3999175281298038,4.6236947774887085,2.531803375881439,0.8,1.0,1.0,-0.08488280055251199,0.8473818299982642,[0.30470415 0.82855771 0.36892736 0.0940991  0.78484075],,
mogp_independent_band_control,4766293,r,19,24,5,[ 4 13 15 20 23],3.2087740813308776,0.6939848402090407,1.8073206194566018,0.39088233683933205,4.6236947774887085,2.523383633560494,0.8,1.0,1.0,-0.15398895998667547,0.8224977278964193,[0.2658969  0.8093299  0.3659618  0.09045119 0.74551594],Approximate independent-band control: wavelength length scale set near zero.,
mogp_shuffled_wavelength_control_seed0,4766293,r,19,24,5,[ 4 13 15 20 23],2.8158248325210984,0.6089988565487604,1.5398906138017672,0.33304331014646604,4.6236947774887085,2.3664647661536407,0.8,1.0,1.0,-0.03406796918665152,0.7527919522235249,[0.44604737 0.77470408 0.33774343 0.11757443 0.7929543 ],,0.0
mogp_shuffled_wavelength_control_seed1,4766293,r,19,24,5,[ 4 13 15 20 23],2.9647798542557453,0.6412144393030246,1.6472689571605268,0.3562668031593592,4.6236947774887085,2.431854996589771,0.8,1.0,1.0,-0.14406791788344708,0.7770599336813623,[0.30135405 0.77075761 0.33560159 0.10464738 0.76999508],,1.0
mogp_shuffled_wavelength_control_seed2,4766293,r,19,24,5,[ 4 13 15 20 23],3.326248125830713,0.7193918037205119,1.855441385264056,0.40128976382645476,4.6236947774887085,2.5315442331475966,0.8,1.0,1.0,-0.08047467321611276,0.8511134879794182,[0.31654315 0.82626579 0.35534407 0.09416845 0.79444732],,2.0
mogp_shuffled_wavelength_control_seed3,4766293,r,19,24,5,[ 4 13 15 20 23],2.975482108838893,0.6435290935131713,1.656275978508139,0.3582148169840313,4.6236947774887085,2.4371604533856317,0.8,1.0,1.0,-0.15544217666655008,0.7794377975833947,[0.28964334 0.77046857 0.33535426 0.10323631 0.76587378],,3.0
mogp_shuffled_wavelength_control_seed4,4766293,r,19,24,5,[ 4 13 15 20 23],3.0884767023516235,0.6679672536752272,1.717610016681436,0.37147997420675993,4.6236947774887085,2.4655332652589594,0.8,1.0,1.0,-0.1300894179758215,0.8041117512913106,[0.30304898 0.78899978 0.33995325 0.09904878 0.77691928],,4.0
same_total_train_budget_existing,4766293,r,5,14,5,[ 4 13 15 20 23],4.032717497818846,0.8721850580303998,2.33864682356393,0.5057961081146736,4.6236947774887085,2.7757325514880202,0.4,1.0,1.0,-0.724425221985929,0.8008532990724188,[0.06823575 0.49424389 0.13775202 0.06842453 0.67705014],"Fixed-total-budget comparison, not an isolated cross-band covariance test.",
single_band_gp,31151787,r,20,0,5,[ 0 11 13 15 21],5.020879993426786,0.7480803523883043,2.8441800593308435,0.4237654004528103,6.711685419082642,2.9671598051734787,0.6,1.0,1.0,-0.5240456002747294,0.9878978190727497,[0.027163   0.14338054 0.20954264 0.78086605 0.65621011],,
mogp_target_only,31151787,r,20,0,5,[ 0 11 13 15 21],5.020879697585864,0.7480803083098196,2.8441798183113973,0.4237653645423897,6.711685419082642,2.9671597705341446,0.6,1.0,1.0,-0.5240454795981402,0.9878978932735868,[0.02716298 0.14338063 0.20954274 0.78086619 0.65620999],,
mogp_real_wavelength,31151787,r,20,26,5,[ 0 11 13 15 21],4.597750739059306,0.6850366863123525,2.619581592341043,0.39030160515167434,6.711685419082642,2.8821433800873733,0.8,1.0,1.0,-0.42214688803699796,0.9455743912458757,[0.04351377 0.16239865 0.23466193 0.8047612  0.67365605],,
mogp_independent_band_control,31151787,r,20,26,5,[ 0 11 13 15 21],4.852978944197372,0.7230641249065992,2.701018653694377,0.4024352282684242,6.711685419082642,2.9187861871214316,0.8,1.0,1.0,-0.45173478184397375,0.9490098583787692,[0.02965654 0.1907929  0.25043341 0.77557422 0.66201372],Approximate independent-band control: wavelength length scale set near zero.,
mogp_shuffled_wavelength_control_seed0,31151787,r,20,26,5,[ 0 11 13 15 21],4.496640356109549,0.6699718588306771,2.5517128172526826,0.3801895735455153,6.711685419082642,2.9228126829959846,0.6,1.0,1.0,-0.12195934342884471,0.9336805689776801,[0.04418879 0.40215002 0.39174589 0.84501242 0.72624827],,0.0
mogp_shuffled_wavelength_control_seed1,31151787,r,20,26,5,[ 0 11 13 15 21],4.320250107024271,0.6436907925900326,2.4220844858236044,0.36087574649091,6.711685419082642,2.8367846384249984,0.6,1.0,1.0,-0.22403783231495145,0.9392465880194137,[0.04409146 0.29995702 0.33843118 0.84822718 0.69050616],,1.0
mogp_shuffled_wavelength_control_seed2,31151787,r,20,26,5,[ 0 11 13 15 21],4.835665203250036,0.7204844835994978,2.785855641238256,0.4150754195537116,6.711685419082642,3.0299694670977937,0.8,1.0,1.0,0.0012061121734057156,0.969579906072432,[0.03699401 0.61649794 0.44159813 0.83582127 0.74726665],,2.0
mogp_shuffled_wavelength_control_seed3,31151787,r,20,26,5,[ 0 11 13 15 21],4.945713023033421,0.7368809344031212,2.8645133934561295,0.42679494264015333,6.711685419082642,3.068840719184462,0.8,1.0,1.0,-0.01439621228504311,0.9535306983291021,[0.036479   0.65575859 0.43674673 0.81599978 0.71877116],,3.0
mogp_shuffled_wavelength_control_seed4,31151787,r,20,26,5,[ 0 11 13 15 21],5.185536086261099,0.7726131012513786,3.014073815752183,0.44907852909532653,6.711685419082642,3.097200041647144,0.8,1.0,1.0,0.05371476745012109,0.9921279737399082,[0.03760116 0.68003351 0.43640071 0.82823506 0.78608113],,4.0
same_total_train_budget_existing,31151787,r,10,10,5,[ 0 11 13 15 21],7.738573540440857,1.1530000375820015,4.707552664781892,0.7013965004076911,6.711685419082642,3.629522800601552,0.4,0.8,1.0,-1.1368977130690396,1.029089284070807,[0.03253999 0.01232996 0.03562494 0.5909449  0.49234635],"Fixed-total-budget comparison, not an isolated cross-band covariance test.",
single_band_gp,78466781,r,19,0,5,[ 3 13 19 22 23],1.2220844165127684,0.34548414416948997,1.0003928169582328,0.28281176940816444,3.53730970621109,2.146867573877441,1.0,1.0,1.0,-0.10496926132790443,0.471421112442448,[0.22970178 0.39471169 0.72904091 0.36193851 0.58916968],,
mogp_target_only,78466781,r,19,0,5,[ 3 13 19 22 23],1.2220843964759345,0.3454841385050626,1.0003928208971873,0.28281177052170975,3.53730970621109,2.1468675961732933,1.0,1.0,1.0,-0.10496926424443553,0.4714210791568013,[0.22970179 0.3947117  0.72904088 0.36193852 0.58916969],,
mogp_real_wavelength,78466781,r,19,23,5,[ 3 13 19 22 23],1.1532804759381536,0.3260332206459423,1.0080033100329155,0.28496326127819205,3.53730970621109,2.2002619763879427,1.0,1.0,1.0,-0.02613485083341015,0.35844412082241317,[0.36984505 0.40263604 0.71275116 0.36946918 0.58704069],,
mogp_independent_band_control,78466781,r,19,23,5,[ 3 13 19 22 23],1.2676971585319976,0.35837889916907023,1.04934325586818,0.2966500937211292,3.53730970621109,2.218434557292967,1.0,1.0,1.0,-0.048386053699906215,0.4369268579369748,[0.28803939 0.4001763  0.74662906 0.37612138 0.58778316],Approximate independent-band control: wavelength length scale set near zero.,
mogp_shuffled_wavelength_control_seed0,78466781,r,19,23,5,[ 3 13 19 22 23],1.1404625652938565,0.32240958808083486,1.0002093856290573,0.28275991323937794,3.53730970621109,2.192236114341579,1.0,1.0,1.0,-0.029943759283642485,0.3541336803999835,[0.36921108 0.40211346 0.70754559 0.36908559 0.5871239 ],,0.0
mogp_shuffled_wavelength_control_seed1,78466781,r,19,23,5,[ 3 13 19 22 23],1.149404623955882,0.3249375145008269,1.0055176317969678,0.28426055825176966,3.53730970621109,2.1975388145796457,1.0,1.0,1.0,-0.026977288123249787,0.3577609503971467,[0.36890591 0.40257291 0.71177169 0.36992121 0.5870851 ],,1.0
mogp_shuffled_wavelength_control_seed2,78466781,r,19,23,5,[ 3 13 19 22 23],1.1409634071619676,0.32255117643744147,1.0003526654140038,0.282800418537711,3.53730970621109,2.192265687932376,1.0,1.0,1.0,-0.030226659584119447,0.35452432134520034,[0.36855637 0.40206816 0.70764842 0.36913299 0.58712913],,2.0
mogp_shuffled_wavelength_control_seed3,78466781,r,19,23,5,[ 3 13 19 22 23],1.140918934436709,0.3225386039660007,1.0003834758152013,0.28280912866030594,3.53730970621109,2.192341667498614,1.0,1.0,1.0,-0.030108271663079146,0.3544169655513033,[0.36880289 0.40208649 0.70764504 0.36909892 0.58712564],,3.0
mogp_shuffled_wavelength_control_seed4,78466781,r,19,23,5,[ 3 13 19 22 23],1.1409614397509737,0.32255062024893744,1.0003877940689694,0.2828103494337544,3.53730970621109,2.192329279868756,1.0,1.0,1.0,-0.030202507163038024,0.35446891707593947,[0.36864931 0.40207546 0.70762551 0.36910637 0.58712627],,4.0
same_total_train_budget_existing,78466781,r,0,19,5,[ 3 13 19 22 23],1.0130621922924345,0.28639341093419646,1.0558476152897063,0.2984888808112462,3.53730970621109,2.305071957973875,1.0,1.0,1.0,-0.06510340518996424,0.25923200501653487,[0.36207785 0.46022118 0.60239773 0.36811721 0.58104033],"Fixed-total-budget comparison, not an isolated cross-band covariance test.",
single_band_gp,82866974,r,17,0,5,[ 0 10 12 16 18],5.996598343424826,0.8451767301598219,3.5064974206867676,0.49421519578336315,7.09508216381073,3.2681845631771695,0.8,0.8,1.0,0.11225020574806184,1.074962393194219,[0.8103893  0.71657182 0.73606629 0.02156178 0.69163088],,
mogp_target_only,82866974,r,17,0,5,[ 0 10 12 16 18],5.996597769183115,0.8451766492246476,3.50649715346981,0.4942151581210851,7.09508216381073,3.2681844707661454,0.8,0.8,1.0,0.11225026424391257,1.0749622624016701,[0.81038925 0.71657182 0.7360663  0.02156179 0.69163092],,
mogp_real_wavelength,82866974,r,17,24,5,[ 0 10 12 16 18],5.3281658379011985,0.7509660515389254,3.831067088932844,0.5399609194765405,7.09508216381073,3.4868941223621497,1.0,1.0,1.0,0.2911099934594038,0.4179054128321084,[0.79335028 0.71812203 0.59262083 0.33651415 0.59788666],,
mogp_independent_band_control,82866974,r,17,24,5,[ 0 10 12 16 18],4.046982958407396,0.5703926839705241,3.775905933121579,0.5321863575281784,7.09508216381073,3.54417808610267,1.0,1.0,1.0,0.23110192310105301,0.3737155226341998,[0.80114897 0.57777702 0.59755037 0.36961352 0.57903798],Approximate independent-band control: wavelength length scale set near zero.,
mogp_shuffled_wavelength_control_seed0,82866974,r,17,24,5,[ 0 10 12 16 18],5.3749705342133245,0.7575628315664856,4.0520441493299275,0.5711060218580466,7.09508216381073,3.564321661146316,1.0,1.0,1.0,0.38737656687710187,0.29007264912910563,[0.79387841 0.71173398 0.59715749 0.6379803  0.4838118 ],,0.0
mogp_shuffled_wavelength_control_seed1,82866974,r,17,24,5,[ 0 10 12 16 18],4.885573970460212,0.6885859610449101,3.9818131364985505,0.5612074736510085,7.09508216381073,3.571023741167491,1.0,1.0,1.0,0.3070902874908722,0.3294431960251815,[0.79182263 0.70677454 0.59155175 0.47487948 0.50405898],,1.0
mogp_shuffled_wavelength_control_seed2,82866974,r,17,24,5,[ 0 10 12 16 18],5.160162079789337,0.7272871491339914,3.977339790307842,0.5605769881841135,7.09508216381073,3.5516133163752577,1.0,1.0,1.0,0.3744340042907919,0.2855395902315076,[0.79176542 0.70977602 0.59266342 0.61625733 0.49074933],,2.0
mogp_shuffled_wavelength_control_seed3,82866974,r,17,24,5,[ 0 10 12 16 18],4.606940325791103,0.6493145843031,3.689534281345206,0.5200129041724271,7.09508216381073,3.4892301478643626,1.0,1.0,1.0,0.3120293270364355,0.3304679627049741,[0.7930735  0.70060643 0.5874076  0.55510731 0.44330781],,3.0
mogp_shuffled_wavelength_control_seed4,82866974,r,17,24,5,[ 0 10 12 16 18],5.258879383124792,0.7412006318895504,4.131295468525911,0.5822759163520405,7.09508216381073,3.596444516663079,1.0,1.0,1.0,0.3802094568610049,0.271422400197942,[0.79229423 0.70684943 0.59441031 0.60692884 0.51284676],,4.0
same_total_train_budget_existing,82866974,r,4,13,5,[ 0 10 12 16 18],7.415571897729515,1.0451706867544788,4.825953163440975,0.6801828438374252,7.09508216381073,3.716027852797891,0.2,0.8,1.0,1.464505045616071,0.4942866862247719,[0.89237146 0.90097169 0.78209316 0.9863102  0.9649167 ],"Fixed-total-budget comparison, not an isolated cross-band covariance test.",
single_band_gp,98363779,r,16,0,5,[ 3  8 13 16 19],3.040919042050905,0.5573441519725225,2.5483641605425964,0.4670679627882729,5.456088542938232,3.083575888248239,0.8,1.0,1.0,-0.3187087839086451,0.42544629998137745,[0.4295612  0.13688573 0.44375765 0.57196835 0.35883569],,
mogp_target_only,98363779,r,16,0,5,[ 3  8 13 16 19],3.0409177165235515,0.5573439090279033,2.548362797144572,0.46706771290266097,5.456088542938232,3.083575405614262,0.8,1.0,1.0,-0.3187086153024409,0.42544630782420517,[0.42956126 0.13688571 0.44375769 0.5719683  0.35883599],,
mogp_real_wavelength,98363779,r,16,24,5,[ 3  8 13 16 19],4.963217865680586,0.9096659313024594,2.83808234043601,0.5201679404762071,5.456088542938232,3.004436874928776,0.8,1.0,1.0,-0.6404487529612957,0.6187601193142083,[0.06008668 0.24282678 0.25495746 0.65388038 0.24578722],,
mogp_independent_band_control,98363779,r,16,24,5,[ 3  8 13 16 19],3.2925417917134245,0.603461942708927,2.3371504271389973,0.4283563964818626,5.456088542938232,2.9758933516801522,0.8,1.0,1.0,-0.38491564213075247,0.4683615426997058,[0.37516409 0.13401755 0.43116882 0.6175861  0.26614287],Approximate independent-band control: wavelength length scale set near zero.,
mogp_shuffled_wavelength_control_seed0,98363779,r,16,24,5,[ 3  8 13 16 19],4.969297802900914,0.9107802712132728,2.8877179179288004,0.5292652227329318,5.456088542938232,3.0436356547506285,0.8,1.0,1.0,-0.6575939320727777,0.6509684465510727,[0.04922236 0.19318417 0.31172626 0.64462907 0.25810344],,0.0
mogp_shuffled_wavelength_control_seed1,98363779,r,16,24,5,[ 3  8 13 16 19],4.8754480426426605,0.8935793479658446,2.7884515264692715,0.511071531285602,5.456088542938232,2.9904951279609198,0.8,1.0,1.0,-0.6469765282915821,0.6532069145468551,[0.05003495 0.25745249 0.26090412 0.66190295 0.23691842],,1.0
mogp_shuffled_wavelength_control_seed2,98363779,r,16,24,5,[ 3  8 13 16 19],4.984480196839996,0.9135629228912286,2.8302785210663837,0.5187376448884042,5.456088542938232,2.9954266481131646,0.8,1.0,1.0,-0.649338926849566,0.627751942298392,[0.05526494 0.24068688 0.25256944 0.65008216 0.25273745],,2.0
mogp_shuffled_wavelength_control_seed3,98363779,r,16,24,5,[ 3  8 13 16 19],4.963341875169433,0.909688659945492,2.8355002448389364,0.5196946901657048,5.456088542938232,3.0088697900284953,0.8,1.0,1.0,-0.6487455849888066,0.6432073693079493,[0.04973621 0.23588367 0.2740023  0.64901677 0.25507016],,3.0
mogp_shuffled_wavelength_control_seed4,98363779,r,16,24,5,[ 3  8 13 16 19],4.9507415037159985,0.9073792451780681,2.8611042747308977,0.5243874347372899,5.456088542938232,3.023897401945411,0.8,1.0,1.0,-0.6485616181569346,0.6296526925229712,[0.05685219 0.2050981  0.29205736 0.65016783 0.24955557],,4.0
same_total_train_budget_existing,98363779,r,5,11,5,[ 3  8 13 16 19],8.949798497790674,1.640332341998797,7.33215465233995,1.3438481788991299,5.456088542938232,4.059919333693444,1.0,1.0,1.0,-0.1702445506575176,0.4467970224589307,[0.17189185 0.54217914 0.45386666 0.64869488 0.39114597],"Fixed-total-budget comparison, not an isolated cross-band covariance test.",
single_band_gp,110339223,r,17,0,5,[ 0  4 11 15 16],107.58858685293835,12.473119497490673,48.83733876597277,5.661882734830023,8.625635862350464,5.990515090048259,0.8,0.8,0.8,-0.579362682638046,1.6501400692021788,"[8.14462794e-01 7.05725418e-05 4.89169142e-01 5.27561196e-01
 4.89185404e-01]",,
mogp_target_only,110339223,r,17,0,5,[ 0  4 11 15 16],107.5885808022196,12.47311879600978,48.83733898805012,5.661882760576224,8.625635862350464,5.990514093753953,0.8,0.8,0.8,-0.5793630833973376,1.650137948352331,"[8.14461234e-01 7.05733754e-05 4.89169167e-01 5.27561318e-01
 4.89185618e-01]",,
mogp_real_wavelength,110339223,r,17,25,5,[ 0  4 11 15 16],36.11774583605668,4.187256036822157,18.340081589567543,2.1262295188716576,8.625635862350464,4.68930879885868,0.8,1.0,1.0,-0.218947031596536,0.8054485497410739,[0.79495356 0.04892391 0.49695045 0.49945685 0.39971625],,
mogp_independent_band_control,110339223,r,17,25,5,[ 0  4 11 15 16],87.22719168056653,10.112552056747425,40.39959171237055,4.683665338657336,8.625635862350464,5.461108886698702,0.8,0.8,1.0,-0.3962393178163989,1.2214625242211448,[0.78474405 0.00288617 0.49850686 0.51532663 0.48254924],Approximate independent-band control: wavelength length scale set near zero.,
mogp_shuffled_wavelength_control_seed0,110339223,r,17,25,5,[ 0  4 11 15 16],44.636363266806605,5.174849017408359,22.015044605421053,2.5522807775265868,8.625635862350464,4.848751339972679,0.8,1.0,1.0,-0.24452766545933863,0.8988621977449723,[0.79402441 0.02815696 0.49484041 0.51060556 0.4411088 ],,0.0
mogp_shuffled_wavelength_control_seed1,110339223,r,17,25,5,[ 0  4 11 15 16],21.520092070418055,2.4948992067181797,13.971868866727656,1.619807407789222,8.625635862350464,4.632219900246798,1.0,1.0,1.0,-0.03185421109338097,0.4849033511827925,[0.76085846 0.20659199 0.50259611 0.51179806 0.46568568],,1.0
mogp_shuffled_wavelength_control_seed2,110339223,r,17,25,5,[ 0  4 11 15 16],14.526122216578788,1.6840639285485044,13.682167244960056,1.5862212900361992,8.625635862350464,4.7121138702961485,1.0,1.0,1.0,0.00042263924851871916,0.3751247923348964,[0.73492461 0.29752825 0.51919668 0.50563068 0.43786208],,2.0
mogp_shuffled_wavelength_control_seed3,110339223,r,17,25,5,[ 0  4 11 15 16],22.660661060866378,2.627129341243882,14.180420559257547,1.6439855316815355,8.625635862350464,4.629700440550503,1.0,1.0,1.0,-0.06254291379722413,0.5283104228723214,[0.78050232 0.18791533 0.50257326 0.48732831 0.43027167],,3.0
mogp_shuffled_wavelength_control_seed4,110339223,r,17,25,5,[ 0  4 11 15 16],12.386187115926287,1.4359738010724559,12.355919500192751,1.4324647709885814,8.625635862350464,4.6107115402061405,1.0,1.0,1.0,-0.00257412018819278,0.357555233623838,[0.72983364 0.32798903 0.52172645 0.5064353  0.40116749],,4.0
same_total_train_budget_existing,110339223,r,1,16,5,[ 0  4 11 15 16],106.27573692225805,12.320916233681372,52.52033886195028,6.088865760168853,8.625635862350464,6.857456885456747,0.8,0.8,0.8,-0.9062131815455272,1.7368515952382173,"[5.02493434e-01 6.14378679e-06 5.53806860e-01 4.65255892e-01
 4.15671878e-01]","Fixed-total-budget comparison, not an isolated cross-band covariance test.",
single_band_gp,21400791,r,19,0,5,[ 2  5  8 13 16],8.622138193669981,1.1295597038208733,4.375517569513572,0.573223047330799,7.633185005187905,4.139589527636536,0.8,0.8,0.8,-0.9631952473647749,1.5038374741358398,"[5.13596177e-01 4.48539319e-01 3.90469805e-05 3.07483873e-01
 3.94526565e-01]",,
mogp_target_only,21400791,r,19,0,5,[ 2  5  8 13 16],8.622137512759071,1.1295596146168372,4.375517191286336,0.5732229977804166,7.633185005187905,4.139588643243856,0.8,0.8,0.8,-0.9631950707520381,1.5038369102343767,"[5.13595933e-01 4.48539394e-01 3.90471888e-05 3.07483865e-01
 3.94526585e-01]",,
mogp_real_wavelength,21400791,r,19,25,5,[ 2  5  8 13 16],7.968290374257757,1.043901119760899,4.211708254480736,0.5517628947311302,7.633185005187905,4.47106213419633,0.8,0.8,0.8,-1.2906328223097894,1.5823146930001233,"[3.32483355e-01 2.78667582e-01 4.22222873e-06 3.19957303e-01
 3.04367102e-01]",,
mogp_independent_band_control,21400791,r,19,25,5,[ 2  5  8 13 16],8.518841893740467,1.1160271744953938,4.251845450817917,0.5570211448992974,7.633185005187905,3.6858962655626777,0.8,0.8,0.8,-0.7963133893068625,1.219135829028495,[0.50055074 0.47237614 0.00066221 0.30983311 0.41812544],Approximate independent-band control: wavelength length scale set near zero.,
mogp_shuffled_wavelength_control_seed0,21400791,r,19,25,5,[ 2  5  8 13 16],8.815155148524529,1.154846259134725,4.585057154333544,0.6006741813826474,7.633185005187905,4.754384074477935,0.8,0.8,0.8,-1.2728095305154745,1.7390048443661072,"[4.72356119e-01 2.55295915e-01 1.12379258e-06 3.16836320e-01
 3.33439812e-01]",,0.0
mogp_shuffled_wavelength_control_seed1,21400791,r,19,25,5,[ 2  5  8 13 16],8.426187781290793,1.1038888452937956,4.443432643691913,0.5821203915104806,7.633185005187905,4.801488702375219,0.8,0.8,0.8,-1.3621666103121304,1.721475457763579,"[3.20629141e-01 2.68752510e-01 7.81638058e-07 3.14093768e-01
 3.29588075e-01]",,1.0
mogp_shuffled_wavelength_control_seed2,21400791,r,19,25,5,[ 2  5  8 13 16],8.045210983464164,1.0539782512799343,4.261359039546761,0.5582674907853697,7.633185005187905,4.359537463688787,0.8,0.8,0.8,-1.2524386025214107,1.5153931956231976,"[3.29174114e-01 2.66605721e-01 9.34406251e-06 3.10876301e-01
 3.35963562e-01]",,2.0
mogp_shuffled_wavelength_control_seed3,21400791,r,19,25,5,[ 2  5  8 13 16],8.48445743935518,1.1115225732887002,4.469188655131661,0.5854946070472772,7.633185005187905,4.766801044468977,0.8,0.8,0.8,-1.3555397385274746,1.7025059224660632,"[3.24660745e-01 2.71636165e-01 9.73667656e-07 3.12448453e-01
 3.20112095e-01]",,3.0
mogp_shuffled_wavelength_control_seed4,21400791,r,19,25,5,[ 2  5  8 13 16],7.630239734150428,0.9996141491349319,4.0301584597539275,0.52797861666065,7.633185005187905,3.9619308821150847,0.8,0.8,0.8,-1.1149209521492707,1.3221246913749354,"[3.70353532e-01 2.68623977e-01 8.75802686e-05 3.18199003e-01
 3.43995763e-01]",,4.0
same_total_train_budget_existing,21400791,r,5,14,5,[ 2  5  8 13 16],14.114913222455982,1.8491512013481608,7.2287262140366835,0.9470131025415562,7.633185005187905,4.17183677910411,0.8,0.8,0.8,-0.920531500540881,1.1702704952575,[0.45057516 0.20827671 0.0006764  0.35930834 0.45969978],"Fixed-total-budget comparison, not an isolated cross-band covariance test.",
single_band_gp,77398475,r,17,0,5,[ 2  5  6 12 19],2.7630453161778434,0.453505193244157,2.5935239704646724,0.42568125195860157,6.092643165588364,3.1199393160830398,1.0,1.0,1.0,-0.23876905504152518,0.3901049992984571,[0.27122215 0.53717834 0.43019713 0.60005515 0.22492369],,
mogp_target_only,77398475,r,17,0,5,[ 2  5  6 12 19],2.7630445332118554,0.4535050647340889,2.5935237310265298,0.4256812126590503,6.092643165588364,3.119939476497232,1.0,1.0,1.0,-0.23876868461128184,0.3901045633978529,[0.27122277 0.53717835 0.43019712 0.60005507 0.22492373],,
mogp_real_wavelength,77398475,r,17,25,5,[ 2  5  6 12 19],3.1016103359681484,0.5090746744346101,2.376450126927098,0.3900524062117144,6.092643165588364,3.0114041417373745,1.0,1.0,1.0,-0.3191224885970737,0.3947524066265281,[0.24786302 0.49561005 0.34450113 0.60517838 0.2206669 ],,
mogp_independent_band_control,77398475,r,17,25,5,[ 2  5  6 12 19],2.8312903138601975,0.46470640687632997,2.862070591298603,0.46975844695185165,6.092643165588364,3.2144625502698836,1.0,1.0,1.0,-0.2098650730151054,0.39025272751600437,[0.29464279 0.5321748  0.43987485 0.62241406 0.2264069 ],Approximate independent-band control: wavelength length scale set near zero.,
mogp_shuffled_wavelength_control_seed0,77398475,r,17,25,5,[ 2  5  6 12 19],3.0705548961480904,0.5039774713035517,2.4252575773945133,0.39806328903234023,6.092643165588364,3.0319983931798515,1.0,1.0,1.0,-0.34969914477204006,0.3575529978047057,[0.23497346 0.48886535 0.3663331  0.54639625 0.21976215],,0.0
mogp_shuffled_wavelength_control_seed1,77398475,r,17,25,5,[ 2  5  6 12 19],3.1069813207477783,0.5099562269289306,2.56248724887772,0.42058712109562085,6.092643165588364,3.0909739625328436,1.0,1.0,1.0,-0.2819516720393359,0.39276428136973496,[0.25570034 0.49544799 0.3793753  0.62039252 0.22932259],,1.0
mogp_shuffled_wavelength_control_seed2,77398475,r,17,25,5,[ 2  5  6 12 19],3.084508136382911,0.506267649778738,2.442545622287705,0.40090081692020924,6.092643165588364,3.0464365406520537,1.0,1.0,1.0,-0.3068164182892665,0.37452436146831236,[0.26292964 0.49040161 0.35820691 0.59742446 0.22389306],,2.0
mogp_shuffled_wavelength_control_seed3,77398475,r,17,25,5,[ 2  5  6 12 19],2.9529468757430735,0.48467418745635804,2.4145832021412117,0.3963112784577523,6.092643165588364,3.0422869980739895,1.0,1.0,1.0,-0.28508035891998895,0.3902830648451401,[0.26167815 0.49279105 0.38157414 0.61612141 0.22269858],,3.0
mogp_shuffled_wavelength_control_seed4,77398475,r,17,25,5,[ 2  5  6 12 19],2.972509328084786,0.48788501924315997,3.3499936837385347,0.5498424235083242,6.092643165588364,3.382861453437722,1.0,1.0,1.0,-0.196172733502831,0.33904044994329163,[0.34022183 0.51483479 0.43530081 0.60403845 0.23974608],,4.0
same_total_train_budget_existing,77398475,r,3,14,5,[ 2  5  6 12 19],6.812985464197585,1.118231493135485,3.666003872323606,0.6017099266586674,6.092643165588364,3.2848495970283347,0.8,1.0,1.0,-0.4790187036376944,0.5700719004954619,[0.37457268 0.53733539 0.26668105 0.06587893 0.48446031],"Fixed-total-budget comparison, not an isolated cross-band covariance test.",
single_band_gp,82359069,r,17,0,5,[ 2  8 11 19 21],16.263647028095342,2.9770993704933217,8.329265973183736,1.5246919982092577,5.462917089462273,4.825361249977962,0.6,0.8,0.8,-0.9482937034516249,1.7916202228450673,"[6.31303514e-06 7.13864696e-01 5.29907338e-01 5.23296403e-01
 1.41600215e-01]",,
mogp_target_only,82359069,r,17,0,5,[ 2  8 11 19 21],16.263645889761396,2.977099162118578,8.329265711096264,1.524691950233521,5.462917089462273,4.825361126087293,0.6,0.8,0.8,-0.9482937091614747,1.7916202015651477,"[6.31304018e-06 7.13864658e-01 5.29907343e-01 5.23296596e-01
 1.41600083e-01]",,
mogp_real_wavelength,82359069,r,17,25,5,[ 2  8 11 19 21],3.829808481559082,0.701055575041879,3.090616172284954,0.5657446601645514,5.462917089462273,3.180214404959119,1.0,1.0,1.0,-0.015843890685810547,0.32014149308242723,[0.39074199 0.63710401 0.48930472 0.62843838 0.32510508],,
mogp_independent_band_control,82359069,r,17,25,5,[ 2  8 11 19 21],6.716145027798378,1.229406362537247,3.9101914511729516,0.7157698693094828,5.462917089462273,3.2917842444796763,1.0,1.0,1.0,-0.08923579710832816,0.4792033335624069,[0.20087289 0.67876143 0.48565525 0.63596991 0.35061817],Approximate independent-band control: wavelength length scale set near zero.,
mogp_shuffled_wavelength_control_seed0,82359069,r,17,25,5,[ 2  8 11 19 21],3.58402196687211,0.6560637674303222,3.1336502401866064,0.573622148912214,5.462917089462273,3.2069706605143766,1.0,1.0,1.0,0.0026938242925359512,0.30535745933701997,[0.4000376  0.63809763 0.48866862 0.63363878 0.34466721],,0.0
mogp_shuffled_wavelength_control_seed1,82359069,r,17,25,5,[ 2  8 11 19 21],3.7889145628059455,0.6935698456992135,3.081670295153097,0.5641070960233872,5.462917089462273,3.1790413065671457,1.0,1.0,1.0,0.0025754773171815736,0.34184982869584435,[0.38942921 0.67081634 0.48907083 0.6285349  0.32669392],,1.0
mogp_shuffled_wavelength_control_seed2,82359069,r,17,25,5,[ 2  8 11 19 21],11.421458577418829,2.0907252280014132,5.908348088106831,1.081537206468642,5.462917089462273,3.522164737842884,0.8,1.0,1.0,-0.30526719216496406,0.7969153592209169,[0.03811799 0.66476239 0.48966366 0.62313451 0.32036188],,2.0
mogp_shuffled_wavelength_control_seed3,82359069,r,17,25,5,[ 2  8 11 19 21],3.7506506959546124,0.6865655536287477,3.0994361054795467,0.5673591699676758,5.462917089462273,3.1859248411922807,1.0,1.0,1.0,-0.004168024595469566,0.32562325063918,[0.39093517 0.65177162 0.48869316 0.62975219 0.33108584],,3.0
mogp_shuffled_wavelength_control_seed4,82359069,r,17,25,5,[ 2  8 11 19 21],2.0968474092654983,0.3838329183707043,3.453150515029671,0.6321074360968513,5.462917089462273,3.3939940728166107,1.0,1.0,1.0,-0.018493886956167317,0.18301895942831564,[0.45284598 0.46131115 0.48693258 0.6313132  0.42879747],,4.0
same_total_train_budget_existing,82359069,r,2,15,5,[ 2  8 11 19 21],4.369276452992755,0.799806473618444,3.2932090416179194,0.6028297679952667,5.462917089462273,3.414929494650694,1.0,1.0,1.0,0.17506730525251393,0.3261984753897011,[0.73055603 0.44425013 0.57337564 0.67273659 0.40849656],"Fixed-total-budget comparison, not an isolated cross-band covariance test.",
single_band_gp,93756669,r,20,0,5,[ 6 13 14 20 21],5.051766009730883,0.8403951561040334,4.600798586586603,0.7653737007869924,6.01117935180664,3.657643534095172,0.6,1.0,1.0,0.016277682967994877,0.894187752174337,[0.51057607 0.44990522 0.58088419 0.07847893 0.9180384 ],,
mogp_target_only,93756669,r,20,0,5,[ 6 13 14 20 21],5.0517674509962625,0.8403953958681952,4.600800594364744,0.7653740347943516,6.01117935180664,3.6576443833919448,0.6,1.0,1.0,0.01627676434389631,0.8941889226891626,[0.51057609 0.4499052  0.58088407 0.07847835 0.91803835],,
mogp_real_wavelength,93756669,r,20,25,5,[ 6 13 14 20 21],4.879477434489808,0.8117337961349128,3.624252760929309,0.6029187533458059,6.01117935180664,3.3029027883742827,0.6,1.0,1.0,0.03886953908022193,0.905190478646126,[0.55154409 0.43156739 0.60607429 0.07671488 0.91858081],,
mogp_independent_band_control,93756669,r,20,25,5,[ 6 13 14 20 21],4.972670408804394,0.8272370724240451,4.443269750248788,0.7391677223727118,6.01117935180664,3.6359093623421677,0.6,1.0,1.0,0.013567401355369223,0.8898565629206834,[0.50879864 0.44949625 0.57784073 0.07940357 0.91704051],Approximate independent-band control: wavelength length scale set near zero.,
mogp_shuffled_wavelength_control_seed0,93756669,r,20,25,5,[ 6 13 14 20 21],4.928414858499086,0.8198748648246317,3.6430150234857748,0.6060399815538491,6.01117935180664,3.305214252906029,0.6,1.0,1.0,0.045113491663115644,0.909161277044491,[0.53357086 0.43130939 0.63773398 0.07637413 0.91801496],,0.0
mogp_shuffled_wavelength_control_seed1,93756669,r,20,25,5,[ 6 13 14 20 21],4.888417452669313,0.8132210281165734,3.6381466442012114,0.6052300940093858,6.01117935180664,3.3080983819836183,0.6,1.0,1.0,0.02471561581156303,0.905524626237653,[0.52571281 0.4305984  0.60619546 0.0762053  0.91858004],,1.0
mogp_shuffled_wavelength_control_seed2,93756669,r,20,25,5,[ 6 13 14 20 21],4.924760524571206,0.81926694186742,3.6305214314437415,0.6039615887276097,6.01117935180664,3.30045916805269,0.6,1.0,1.0,0.05506031386521872,0.9095088588979147,[0.55468537 0.43134515 0.63493402 0.07660684 0.91835112],,2.0
mogp_shuffled_wavelength_control_seed3,93756669,r,20,25,5,[ 6 13 14 20 21],4.924677931497964,0.819253201955764,3.642524400968964,0.6059583632077482,6.01117935180664,3.3012116233094004,0.6,1.0,1.0,0.05426693819040933,0.9091619936759039,[0.55328273 0.43190745 0.63330049 0.07676268 0.91856394],,3.0
mogp_shuffled_wavelength_control_seed4,93756669,r,20,25,5,[ 6 13 14 20 21],4.876902900447588,0.8113055051305117,3.617261628307316,0.6017557315471148,6.01117935180664,3.3036319581274007,0.6,1.0,1.0,0.04865023314667729,0.90597020688146,[0.571502   0.43167209 0.60609736 0.07667768 0.91830921],,4.0
same_total_train_budget_existing,93756669,r,1,19,5,[ 6 13 14 20 21],6.790277688134826,1.129608233381696,5.003103693200189,0.8322998533884242,6.01117935180664,3.7998680763101205,0.8,1.0,1.0,0.18313033121549588,0.5060959945596809,[0.87207862 0.43838332 0.45989483 0.40910657 0.60449201],"Fixed-total-budget comparison, not an isolated cross-band covariance test.",
single_band_gp,97411149,r,18,0,5,[ 0  5  8 17 20],10.228492954410129,1.6416213317015709,5.62094532679183,0.9021332657624016,6.230726146697976,4.138600201581452,0.4,0.8,0.8,-1.2429535797191091,1.374123757678745,"[1.42317405e-04 4.11512956e-01 1.08989592e-01 6.53554386e-02
 6.48401285e-01]",,
mogp_target_only,97411149,r,18,0,5,[ 0  5  8 17 20],10.228494063734262,1.6416215097424776,5.620946635484566,0.9021334758009598,6.230726146697976,4.138600749361745,0.4,0.8,0.8,-1.2429541204695407,1.374123602696808,"[1.42317413e-04 4.11512838e-01 1.08989669e-01 6.53551784e-02
 6.48400995e-01]",,
mogp_real_wavelength,97411149,r,18,24,5,[ 0  5  8 17 20],9.885941377434229,1.5866435379563846,5.365698355083065,0.86116741913407,6.230726146697976,4.051168281589815,0.6,0.8,0.8,-1.1859669076011656,1.2398959374736613,"[2.81149455e-04 4.33896114e-01 2.55761595e-01 6.27179400e-02
 4.50112993e-01]",,
mogp_independent_band_control,97411149,r,18,24,5,[ 0  5  8 17 20],10.245560231157185,1.6443605432068142,5.633401617310721,0.9041324373237279,6.230726146697976,4.11057198101185,0.4,0.8,0.8,-1.2342402216886725,1.3082007542423209,"[1.99157063e-04 4.10870128e-01 1.57973266e-01 5.54855628e-02
 5.76117239e-01]",Approximate independent-band control: wavelength length scale set near zero.,
mogp_shuffled_wavelength_control_seed0,97411149,r,18,24,5,[ 0  5  8 17 20],9.232732170483233,1.4818067674786501,5.123656562680869,0.8223209369258176,6.230726146697976,3.9029774393157366,0.6,0.8,0.8,-1.047046446979451,1.1501166958062112,[0.00101171 0.53003392 0.30799407 0.06627446 0.41365835],,0.0
mogp_shuffled_wavelength_control_seed1,97411149,r,18,24,5,[ 0  5  8 17 20],9.24843653117998,1.4843272378583456,5.079602225883544,0.8152504389196307,6.230726146697976,3.8651875449598307,0.6,0.8,0.8,-1.0285039781679097,1.1771518907995804,[0.00098551 0.55215822 0.26972778 0.06711617 0.47296623],,1.0
mogp_shuffled_wavelength_control_seed2,97411149,r,18,24,5,[ 0  5  8 17 20],10.420093312623349,1.6723722191105386,5.7388672801244365,0.9210591422262709,6.230726146697976,4.207998117372295,0.6,0.8,0.8,-1.2274210329402593,1.3144640128543,"[1.54742624e-04 4.26983736e-01 2.40781533e-01 5.24247551e-02
 4.91924789e-01]",,2.0
mogp_shuffled_wavelength_control_seed3,97411149,r,18,24,5,[ 0  5  8 17 20],9.273923037850684,1.4884176931392619,5.135701115474985,0.8242540266669707,6.230726146697976,3.8894931702328632,0.6,0.8,0.8,-1.026757147553775,1.1659673136674067,[0.00102727 0.54343517 0.27702191 0.06905216 0.46571556],,3.0
mogp_shuffled_wavelength_control_seed4,97411149,r,18,24,5,[ 0  5  8 17 20],9.909781300066244,1.5904697248358466,5.426291258284997,0.8708922733124299,6.230726146697976,4.075459711882775,0.6,0.8,0.8,-1.177989495911293,1.2469000274729054,"[2.95969622e-04 4.32095486e-01 2.66899317e-01 5.73795028e-02
 4.66429630e-01]",,4.0
same_total_train_budget_existing,97411149,r,2,16,5,[ 0  5  8 17 20],51.97583798671306,8.341858840041954,24.922377278286895,3.9999153696547407,6.230726146697976,7.530257521025457,0.4,0.8,0.8,-0.9984850797396774,2.787870706729109,"[2.37584488e-10 7.58027818e-01 8.05975140e-02 6.40002884e-01
 9.42635840e-01]","Fixed-total-budget comparison, not an isolated cross-band covariance test.",
single_band_gp,102540572,r,20,0,5,[ 1  8 11 22 24],2.246089164502384,0.40251728000960807,1.391640633191037,0.24939321700837594,5.580106186866735,2.435704471755966,0.8,1.0,1.0,0.13315560847536256,0.6008436534402228,[0.60030682 0.43724312 0.50770489 0.88181272 0.26310162],,
mogp_target_only,102540572,r,20,0,5,[ 1  8 11 22 24],2.246089104931406,0.40251726933400866,1.391640632950049,0.24939321696518899,5.580106186866735,2.4357044928433913,0.8,1.0,1.0,0.1331556715810879,0.6008435919727463,[0.60030685 0.43724316 0.50770499 0.88181269 0.26310163],,
mogp_real_wavelength,102540572,r,20,24,5,[ 1  8 11 22 24],7.0017047115926125,1.2547619126087122,3.2854697094970815,0.5887826502710145,5.580106186866735,2.9861954760290104,0.8,1.0,1.0,0.23539768581175435,0.6661138706381773,[0.57916129 0.33897208 0.79041458 0.87423448 0.2870618 ],,
mogp_independent_band_control,102540572,r,20,24,5,[ 1  8 11 22 24],4.718315654502386,0.8455601912392549,3.1027868310078524,0.5560444061639062,5.580106186866735,3.068489349752447,0.8,1.0,1.0,0.4204901919466262,0.6360534438053435,[0.80413136 0.35036178 0.78615548 0.87323289 0.38032183],Approximate independent-band control: wavelength length scale set near zero.,
mogp_shuffled_wavelength_control_seed0,102540572,r,20,24,5,[ 1  8 11 22 24],5.5397567790727615,0.9927690609384926,2.9934155392422257,0.5364441892320059,5.580106186866735,2.9605264730896272,0.8,1.0,1.0,0.251156967208845,0.6477114018414667,[0.60765338 0.30853574 0.77869505 0.87407851 0.33319928],,0.0
mogp_shuffled_wavelength_control_seed1,102540572,r,20,24,5,[ 1  8 11 22 24],3.9059189452202148,0.6999721536506123,3.0057612803470164,0.5386566455350503,5.580106186866735,3.1070712975776615,0.8,1.0,1.0,0.44002906868600855,0.5612780625909245,[0.79284224 0.38626343 0.79023947 0.85362412 0.42604091],,1.0
mogp_shuffled_wavelength_control_seed2,102540572,r,20,24,5,[ 1  8 11 22 24],3.887500886191335,0.696671489037414,3.016690183044198,0.5406151929768362,5.580106186866735,3.113472124759607,0.8,1.0,1.0,0.44065369475681876,0.5563591465903076,[0.7920443  0.38914602 0.79033293 0.85202378 0.42800695],,2.0
mogp_shuffled_wavelength_control_seed3,102540572,r,20,24,5,[ 1  8 11 22 24],3.8901969306452737,0.6971546419315802,3.0251765354095412,0.5421360157141019,5.580106186866735,3.1156151184902976,0.8,1.0,1.0,0.44091431307833623,0.5557619883731189,[0.79201408 0.38951756 0.79041903 0.85184578 0.42836437],,3.0
mogp_shuffled_wavelength_control_seed4,102540572,r,20,24,5,[ 1  8 11 22 24],5.523986173477238,0.9899428413169662,2.949586694425334,0.5285897070144369,5.580106186866735,2.9502971048083957,0.8,1.0,1.0,0.2518598996237137,0.6491312704869663,[0.60278763 0.31718291 0.77704684 0.87714366 0.32680159],,4.0
same_total_train_budget_existing,102540572,r,4,16,5,[ 1  8 11 22 24],3.2032773263024277,0.5740531127958853,3.7040147240492702,0.6637892900258764,5.580106186866735,3.613963495324392,1.0,1.0,1.0,0.08092758218345404,0.23181487969150844,[0.5465643  0.67769366 0.44523741 0.55900946 0.4268648 ],"Fixed-total-budget comparison, not an isolated cross-band covariance test.",
single_band_gp,106262435,r,17,0,5,[ 4 13 14 15 20],4.125723096288623,0.5573471679477785,2.482336615139546,0.3353407996735594,7.402429461479186,2.9650265173381287,0.8,1.0,1.0,-0.4287464957673762,0.4168386008003047,[0.29683548 0.14906064 0.35630921 0.32114398 0.60376562],,
mogp_target_only,106262435,r,17,0,5,[ 4 13 14 15 20],4.12572028515986,0.5573467881901897,2.4823354633766024,0.3353406440810003,7.402429461479186,2.9650262398078118,0.8,1.0,1.0,-0.4287463756113299,0.4168386246355533,[0.29683574 0.14906061 0.35630921 0.32114393 0.60376565],,
mogp_real_wavelength,106262435,r,17,24,5,[ 4 13 14 15 20],3.119190339686491,0.421373868662735,1.9377950550035792,0.2617782533541847,7.402429461479186,2.7675124676838605,0.8,1.0,1.0,-0.3619078333314873,0.5450091483342068,[0.43668784 0.08524357 0.40113066 0.37883071 0.61004948],,
mogp_independent_band_control,106262435,r,17,24,5,[ 4 13 14 15 20],3.955214215748785,0.534312989584157,2.3714446489654954,0.32036031701565487,7.402429461479186,2.9151179878227116,0.8,1.0,1.0,-0.46219648919144884,0.4631490373275791,[0.31368319 0.11173507 0.34938517 0.32155961 0.59566028],Approximate independent-band control: wavelength length scale set near zero.,
mogp_shuffled_wavelength_control_seed0,106262435,r,17,24,5,[ 4 13 14 15 20],3.1865266789114997,0.4304703875252806,2.0401995155321613,0.2756121522196146,7.402429461479186,2.8319487352594312,0.8,1.0,1.0,-0.3620824533877178,0.4283255347802921,[0.48209147 0.1296052  0.37016334 0.3377325  0.54491831],,0.0
mogp_shuffled_wavelength_control_seed1,106262435,r,17,24,5,[ 4 13 14 15 20],3.7844058306247854,0.5112383509114274,2.2559179535102203,0.3047537251451813,7.402429461479186,2.872972399984529,0.8,1.0,1.0,-0.4708828374579392,0.5640255952509158,[0.44062798 0.07019218 0.32383481 0.31021095 0.5876791 ],,1.0
mogp_shuffled_wavelength_control_seed2,106262435,r,17,24,5,[ 4 13 14 15 20],4.005666940363189,0.5411286877109611,2.355694520098558,0.3182326197577616,7.402429461479186,2.902395887413085,0.8,1.0,1.0,-0.5179485715352106,0.6060034367418582,[0.44339146 0.0551978  0.30151368 0.29392021 0.58358405],,2.0
mogp_shuffled_wavelength_control_seed3,106262435,r,17,24,5,[ 4 13 14 15 20],4.200410150513437,0.5674367006631486,2.4578465639972706,0.3320324194627493,7.402429461479186,2.9343495769541503,0.8,1.0,1.0,-0.5599678007967807,0.6317311945110227,[0.43358226 0.04721751 0.28134451 0.27522317 0.58543548],,3.0
mogp_shuffled_wavelength_control_seed4,106262435,r,17,24,5,[ 4 13 14 15 20],3.196233429103696,0.43178168001955003,2.1081675789921466,0.2847940112043814,7.402429461479186,2.874750547275284,1.0,1.0,1.0,-0.3339042838008472,0.39007550400299384,[0.49065738 0.16742983 0.35750443 0.31637191 0.56406224],,4.0
same_total_train_budget_existing,106262435,r,5,12,5,[ 4 13 14 15 20],5.558103977334145,0.7508486242601088,3.4917004876892763,0.47169655663176685,7.402429461479186,3.4096591112549257,1.0,1.0,1.0,0.12500842697893538,0.4154859957639049,[0.49607478 0.36969815 0.53859546 0.48609729 0.81739823],"Fixed-total-budget comparison, not an isolated cross-band covariance test.",
single_band_gp,115557873,r,17,0,5,[ 1  2  8 12 13],9.666790201319023,1.270492406899807,12.448006153962089,1.6360236407626754,7.608695769309986,4.58394462980035,1.0,1.0,1.0,0.10038960993455519,0.20110697602677305,[0.44715469 0.46531285 0.53363541 0.58951362 0.65951997],,
mogp_target_only,115557873,r,17,0,5,[ 1  2  8 12 13],9.666797092422039,1.2704933125876179,12.448004740049484,1.6360234549341643,7.608695769309986,4.583944341284345,1.0,1.0,1.0,0.1003897852214054,0.20110720965551754,[0.4471546  0.46531282 0.53363558 0.58951372 0.65952014],,
mogp_real_wavelength,115557873,r,17,25,5,[ 1  2  8 12 13],164.683341911137,21.644096032252282,83.20927169267915,10.936075539819512,7.608695769309986,6.298226900148563,0.8,1.0,1.0,-0.07980806807971849,0.6188622114692959,[0.09628166 0.61207446 0.64420499 0.54926955 0.55002548],,
mogp_independent_band_control,115557873,r,17,25,5,[ 1  2  8 12 13],9.511406281129464,1.2500705205607174,61.37597424118254,8.066556490370566,7.608695769309986,6.340967086928303,1.0,1.0,1.0,0.05629455805862761,0.0747911740164754,[0.49946788 0.49830376 0.57874365 0.51188134 0.52336126],Approximate independent-band control: wavelength length scale set near zero.,
mogp_shuffled_wavelength_control_seed0,115557873,r,17,25,5,[ 1  2  8 12 13],46.17536634363705,6.068762340306397,60.85307009802964,7.9978319468999155,7.608695769309986,6.378670004915603,1.0,1.0,1.0,-0.07274785679863158,0.15248603525924098,[0.37821854 0.50154021 0.42353416 0.53032656 0.52365635],,0.0
mogp_shuffled_wavelength_control_seed1,115557873,r,17,25,5,[ 1  2  8 12 13],99.19474534069715,13.037023472643444,65.45993518274392,8.603305634426794,7.608695769309986,6.303314935566247,1.0,1.0,1.0,-0.03614264832059857,0.351487641333369,[0.23543132 0.52647771 0.61296905 0.53842587 0.53601919],,1.0
mogp_shuffled_wavelength_control_seed2,115557873,r,17,25,5,[ 1  2  8 12 13],45.11748460621349,5.929726456956904,60.0915585323041,7.897747571231075,7.608695769309986,6.366883085104261,1.0,1.0,1.0,-0.06269055977198464,0.15371911751588002,[0.38183519 0.50116351 0.42764428 0.53756683 0.52884402],,2.0
mogp_shuffled_wavelength_control_seed3,115557873,r,17,25,5,[ 1  2  8 12 13],212.24764599017172,27.895404472114926,102.7225446037877,13.500677082940241,7.608695769309986,6.31102197760552,0.8,1.0,1.0,-0.02835008959170069,0.8973959918272636,[0.0391757  0.77323237 0.71549181 0.55139319 0.56763859],,3.0
mogp_shuffled_wavelength_control_seed4,115557873,r,17,25,5,[ 1  2  8 12 13],25.97062704353414,3.4132823588883423,24.502947829742638,3.2203873794739395,7.608695769309986,4.874270852089554,1.0,1.0,1.0,-0.060140382115306056,0.15050688780054572,[0.41616179 0.42453766 0.4822352  0.4743521  0.58324324],,4.0
same_total_train_budget_existing,115557873,r,3,14,5,[ 1  2  8 12 13],6.573037234552291,0.8638848803844845,103.02787257273094,13.540805901097855,7.608695769309986,7.003072226594519,1.0,1.0,1.0,-0.0020129386829066715,0.016875016246710325,[0.50063077 0.49884113 0.48665868 0.50407419 0.50578222],"Fixed-total-budget comparison, not an isolated cross-band covariance test.",
single_band_gp,129722950,r,19,0,5,[ 7 12 16 19 22],2.982122460963963,0.520995984534554,1.7955410772280653,0.313692580887601,5.723887610435469,2.6153679179642673,0.6,1.0,1.0,-0.6726865023903164,0.5998535548500982,[0.50879209 0.44018831 0.05493687 0.29119582 0.13866752],,
mogp_target_only,129722950,r,19,0,5,[ 7 12 16 19 22],2.9821224150061485,0.5209959765054281,1.795541050374051,0.31369257619603186,5.723887610435469,2.6153679159734082,0.6,1.0,1.0,-0.6726864884909923,0.5998535852013941,[0.50879209 0.4401883  0.05493686 0.29119587 0.13866752],,
mogp_real_wavelength,129722950,r,19,26,5,[ 7 12 16 19 22],2.7537335681526467,0.4810949752284086,1.6668066045157186,0.2912018400705302,5.723887610435469,2.5553000972825743,0.8,1.0,1.0,-0.548427034871295,0.6113856280387624,[0.55597226 0.46331716 0.06022781 0.37065369 0.18198309],,
mogp_independent_band_control,129722950,r,19,26,5,[ 7 12 16 19 22],2.84910066656873,0.49775622102963907,1.726220227658335,0.30158178237308286,5.723887610435469,2.5982980693622624,0.8,1.0,1.0,-0.5850694690267874,0.5928664537647514,[0.50108523 0.46121509 0.05407292 0.36019862 0.19319475],Approximate independent-band control: wavelength length scale set near zero.,
mogp_shuffled_wavelength_control_seed0,129722950,r,19,26,5,[ 7 12 16 19 22],3.4261112225822044,0.5985636783531374,2.0707072254737744,0.3617658777399084,5.723887610435469,2.717256381145881,0.6,1.0,1.0,-0.11774942668904587,0.9482384186639939,[0.91073201 0.53529717 0.06569926 0.56158685 0.25174772],,0.0
mogp_shuffled_wavelength_control_seed1,129722950,r,19,26,5,[ 7 12 16 19 22],2.8063095084175607,0.49028033033025586,1.6949150571043852,0.2961125676217527,5.723887610435469,2.551503191345612,0.6,1.0,1.0,-0.5181134561313488,0.6971602445301746,[0.65920721 0.50538582 0.06477695 0.32759495 0.14641331],,1.0
mogp_shuffled_wavelength_control_seed2,129722950,r,19,26,5,[ 7 12 16 19 22],2.7542159912846063,0.4811792576540593,1.6928407361089892,0.295750170395152,5.723887610435469,2.575760854729228,0.8,1.0,1.0,-0.45368243799358077,0.638268119623478,[0.61574152 0.44192568 0.06281758 0.45608787 0.21922868],,2.0
mogp_shuffled_wavelength_control_seed3,129722950,r,19,26,5,[ 7 12 16 19 22],3.378245370512588,0.5902012059694467,2.0385860201941743,0.3561540964706469,5.723887610435469,2.7039875019266484,0.6,1.0,1.0,-0.1293748002034049,0.925876310953615,[0.89961035 0.53623392 0.06477367 0.55470824 0.26146507],,3.0
mogp_shuffled_wavelength_control_seed4,129722950,r,19,26,5,[ 7 12 16 19 22],3.671721553935349,0.6414733837962285,2.2153052289741346,0.38702807947090284,5.723887610435469,2.7891363360685575,0.6,1.0,1.0,-0.04126009444494361,1.031182523025936,[0.94592695 0.5500305  0.06612397 0.58416894 0.25917367],,4.0
same_total_train_budget_existing,129722950,r,4,15,5,[ 7 12 16 19 22],7.040475943372321,1.2300164542952456,4.456849409082696,0.7786402725583255,5.723887610435469,3.716872651638922,0.2,0.8,1.0,-0.5287292078982464,1.5999720299290543,[0.99366706 0.36572414 0.03164434 0.10753296 0.0448898 ],"Fixed-total-budget comparison, not an isolated cross-band covariance test.",
single_band_gp,21142086,r,18,0,5,[ 3 10 12 16 18],6.799306830125836,1.4405929738262309,3.8022758029240107,0.805601503666874,4.719797301292399,3.374971826684523,0.8,0.8,1.0,-0.7691182090032761,1.0253356917924852,[0.00539283 0.18930159 0.26115649 0.73047712 0.34825976],,
mogp_target_only,21142086,r,18,0,5,[ 3 10 12 16 18],6.7993065038575935,1.4405929046986345,3.8022755435569797,0.805601448713872,4.719797301292399,3.374971763961041,0.8,0.8,1.0,-0.7691181249107362,1.025335694150774,[0.00539283 0.18930162 0.26115652 0.73047708 0.34825989],,
mogp_real_wavelength,21142086,r,18,26,5,[ 3 10 12 16 18],5.05529413289418,1.0710828898329836,2.8743992198998827,0.6090090392468338,4.719797301292399,2.9931890694685754,0.8,1.0,1.0,-0.7817913962722199,0.6745352638570011,[0.03290618 0.22930822 0.26821542 0.60361462 0.16536974],,
mogp_independent_band_control,21142086,r,18,26,5,[ 3 10 12 16 18],6.944043234390757,1.471258783187427,3.859663573871287,0.8177604518766969,4.719797301292399,3.436877334818591,0.8,0.8,1.0,-0.8194464293301665,1.0774300427876564,[0.00318745 0.1940993  0.24055296 0.71857776 0.35175293],Approximate independent-band control: wavelength length scale set near zero.,
mogp_shuffled_wavelength_control_seed0,21142086,r,18,26,5,[ 3 10 12 16 18],4.940417569161553,1.0467435895623616,2.7860264295870407,0.5902851863625916,4.719797301292399,2.9503982256097343,0.6,1.0,1.0,-0.7596132644357585,0.6526937041733786,[0.04098628 0.27719459 0.2592627  0.60044792 0.14087348],,0.0
mogp_shuffled_wavelength_control_seed1,21142086,r,18,26,5,[ 3 10 12 16 18],5.0436807626979085,1.0686223243775368,2.8730420339882583,0.6087214875099716,4.719797301292399,2.9884315633563054,0.6,1.0,1.0,-0.7868964238326471,0.6695842205817597,[0.03649827 0.2363496  0.26532161 0.60703213 0.142737  ],,1.0
mogp_shuffled_wavelength_control_seed2,21142086,r,18,26,5,[ 3 10 12 16 18],4.894096494991491,1.0369293811942653,2.7284258784158277,0.5780811556607984,4.719797301292399,2.9256173504897136,0.6,1.0,1.0,-0.7054243266907149,0.6647728101273092,[0.04186288 0.34183097 0.25972258 0.60946811 0.15293732],,2.0
mogp_shuffled_wavelength_control_seed3,21142086,r,18,26,5,[ 3 10 12 16 18],4.819508522726433,1.0211261660340223,2.662061756224022,0.564020356445198,4.719797301292399,2.901302992433331,0.8,1.0,1.0,-0.6445077432879062,0.6703264289643899,[0.04270719 0.35021047 0.2618836  0.63663416 0.20337846],,3.0
mogp_shuffled_wavelength_control_seed4,21142086,r,18,26,5,[ 3 10 12 16 18],4.945987795497109,1.0479237729431248,2.7933710900775655,0.5918413253282446,4.719797301292399,2.953478355991328,0.6,1.0,1.0,-0.7579289743708916,0.6496402911767845,[0.04167379 0.26954354 0.26082401 0.60234886 0.14400644],,4.0
same_total_train_budget_existing,21142086,r,4,14,5,[ 3 10 12 16 18],15.707651526862977,3.328035193918567,7.106033856833561,1.5055803042405551,4.719797301292399,3.8436305634884826,0.8,0.8,0.8,-0.9967657540345278,1.1261712599577942,[0.00061477 0.31883015 0.3443443  0.41155806 0.25567211],"Fixed-total-budget comparison, not an isolated cross-band covariance test.",
