object_id,obj_type,band,t_peak,flux_scale,flux_range,flux_range_robust,amp_abs,amp_pos,amp_neg,flux_std,flux_iqr,baseline_level,baseline_std,flat_fraction,width_20_abs,width_50_abs,width_20_pos,width_50_pos,time_span_all,n_points_all,total_variation,mean_abs_slope,median_abs_slope,max_abs_slope,slope_std,curvature_mean_abs,curvature_std,sign_change_rate,median_crossing_rate,raw_flux_scale,median_flux_err,mean_flux_err,peak_snr,median_snr,mean_snr,noise_to_signal,relative_noise_p95,has_flux_err,n_train,train_time_span,median_train_cadence,mean_train_cadence,max_train_gap,gap_90_train,gap_std_train,n_test,test_time_span,outside_train_frac,test_before_train_frac,test_after_train_frac,nearest_train_distance_mean,nearest_train_distance_median,nearest_train_distance_max,nearest_train_distance_90,distance_peak_to_nearest_train,distance_peak_to_nearest_test,n_train_near_peak,n_test_near_peak,fraction_train_near_peak,fraction_test_near_peak,time_space,rmse,nrmse,nlpd,crps,ncrps,z_std,z_mean,coverage_1sigma,coverage_2sigma,coverage_3sigma,ks_pit,object_flux_scale,z_error,coverage_1sigma_error,coverage_2sigma_error,coverage_3sigma_error
21846282,SNIa,r,60293.109375,42.68775596618655,1.9337143344476475,1.1057228853324024,1.8057404533880468,1.8057404533880468,-0.1279738810596007,0.4409878524595137,0.13478496054355485,-0.010391785317971278,0.07796394217227207,0.6,21.011718577959982,21.011718577959982,21.011718577959982,21.011718577959982,815.7734545038184,20,5.25038001122702,0.02012119971704208,0.003725435300997896,0.08575010066411429,0.031581218683590775,0.004909105856393141,0.008782545969860646,0.3157894736842105,0.3157894736842105,42.68775596618655,3.430716037750244,3.6392901480197906,22.46848965764261,0.8399251342384793,2.5055610735627005,0.08036768295967005,0.13306070132852355,True,16,815.7734545038184,22.980456234930898,54.384896966921225,265.1757890531735,161.90234877612235,75.23692115943919,4,448.78515795028943,0.0,0.0,0.0,14.239260848844424,14.500003892666427,26.929687210926204,25.154296621036337,0.0,21.011718577959982,1,1,0.0625,0.25,raw,0.8387790693331273,0.1081905708118872,2.498870982472115,0.49513496116672756,0.06386536817154954,2.0610887580063215,-1.353510619640776,0.25,0.5,0.75,0.48790050215411096,7.752792716026306,1.0610887580063215,-0.4327,-0.4545,-0.24729999999999996
114421739,AGN,r,59868.25390625,49.85789337158203,1.0814417544030552,0.9929818205621574,1.0245927841363343,1.0245927841363343,-0.05684897026672089,0.35095161826091303,0.34822803153395965,0.1763548195097584,0.1592796121139917,0.11764705882352941,772.8867346569896,139.7539023803547,772.8867346569896,139.7539023803547,815.7734573110938,17,1.7815348538581746,0.005633783467174511,0.0029645830550490693,0.027845776753378074,0.008780127496137187,0.0011587001265890003,0.0026206615641495624,0.0625,0.125,49.85789337158203,4.181862831115723,4.4205399821786315,12.21561773874168,3.3193766401489695,4.254329598737862,0.08387564231703576,0.12466909584243475,True,13,797.7929791659117,27.874991435324773,66.48274826382597,244.16404123604298,178.86875319750982,75.42355684015601,4,430.8594001866877,0.25,0.0,0.25,16.741218119859695,19.496089953929186,26.933607019484043,25.157035442441703,0.0,333.99608981236815,2,0,0.15384615384615385,0.0,raw,0.09877675196832586,0.004070217136430654,-0.9993020038222713,0.05487175772895504,0.0022610580340410576,0.7997904009251173,-0.21911551851792768,0.75,1.0,1.0,0.32161577456463175,24.26817750930786,-0.20020959907488267,0.06730000000000003,0.045499999999999985,0.0027000000000000357
30652072,SNII,r,60502.2421875,18.78753795623779,1.3083759049811643,1.2014122521351525,1.0640961550700798,1.0640961550700798,-0.2442797499110845,0.40031053679274936,0.4622077138159894,-0.05087880428482175,0.15038001089497527,0.21739130434782608,865.8789385338168,34.84374904973811,839.8828359869585,34.84374904973811,865.8789385338168,23,5.83845504052571,0.021760540164851506,0.010550384113243898,0.14243056202779183,0.03685849874072949,0.002904634475684129,0.006402365949726731,0.4090909090909091,0.4090909090909091,18.78753795623779,3.1506500244140625,3.277757038240847,6.345276926206285,1.0292769501463717,1.6949897928065913,0.16769893062906582,0.25949421409308854,True,18,865.8789385338168,34.80473180143599,50.93405520787158,199.2578075979618,122.24139622470398,55.825846434461205,5,654.078107209345,0.0,0.0,0.0,12.95781435854442,9.007814853081072,25.00000194983295,23.390623739008152,0.0,10.937499774277967,4,1,0.2222222222222222,0.2,raw,0.17396533982228476,0.027393595383747877,-0.2578569101176619,0.10188341640566867,0.016043155999821007,0.6472793004774413,-0.17480561873294126,0.8,1.0,1.0,0.33630615473650705,6.350584411621091,-0.3527206995225587,0.11730000000000007,0.045499999999999985,0.0027000000000000357
107732897,TDE,r,60575.17578125,5264.269921874999,1.0175726834474261,1.000667355010957,1.0165500862202597,1.0165500862202597,-0.0010225972271663884,0.334878099496037,0.0007235511534051454,2.8587442272937538e-05,0.0004414271927711002,0.8695652173913043,7.882812336109055,7.882812336109055,7.882812336109055,7.882812336109055,865.8789247258464,23,1.9990425929365312,0.0030958441449368134,3.2581029820588346e-05,0.0393827939995279,0.009193401493056015,0.00028739539467526385,0.0007623437179162619,0.22727272727272727,0.2727272727272727,5264.269921874999,3.287724018096924,6.3361242076624995,1627.6895546927224,0.7661130050920961,31.61842112769283,0.0006245356083348249,0.005051841808131114,True,18,799.8086148865041,24.999965570896165,47.04756558155906,223.16407453126885,100.85548072092936,57.35038191583856,5,839.8827803028762,0.2,0.0,0.2,27.725782176770736,23.906249791616574,66.07030983934237,50.04064367279352,0.0,73.95312217545143,4,0,0.2222222222222222,0.0,raw,0.015913922698762992,0.0026483592171395736,-0.7528704204026087,0.0466829228894197,0.007768867013965123,0.048581567903169094,-0.02808416056088477,1.0,1.0,1.0,0.4993021390448438,6.008974385261536,-0.9514184320968309,0.3173,0.045499999999999985,0.0027000000000000357
121186562,AGN,r,60467.3984375,77.29537391662598,2.1293758720072233,1.7657026691918873,1.1056948325549956,1.023681039452228,-1.1056948325549956,0.5794233558547692,0.8646073290445114,-0.27681396071273173,0.4958326432076639,0.038461538461538464,839.8828100657411,805.0781257452327,748.003915834488,723.0078017331616,865.8788840493653,26,11.161983979187978,0.028325761146115482,0.01808370331480393,0.14767766315803363,0.041728686317790406,0.005095346248598916,0.012312312619890844,0.2,0.32,77.29537391662598,4.0378899574279785,4.093254630382244,21.165781242453267,9.99857429406552,10.398363195782064,0.05223973638814938,0.07560177088795748,True,20,799.8320137702685,24.996114101326384,42.09642177738255,199.25780547499016,104.24844023679321,52.722210752287815,6,501.8476544428195,0.16666666666666666,0.0,0.16666666666666666,24.481124565124144,14.44336854841822,66.04687027909677,55.0293012882903,0.0,34.84375165202073,4,1,0.2,0.16666666666666666,raw,0.49454166222440926,0.010767183190772503,0.41462861813318524,0.24393093218457454,0.005310875166540385,0.778192346804552,0.14153905494597696,0.8333333333333334,1.0,1.0,0.22314466313618664,45.93045864105223,-0.22180765319544804,0.1506333333333334,0.045499999999999985,0.0027000000000000357
10905347,SNII,r,60122.41015625,24.936320114135732,2.045998396305703,1.190880402385122,1.8080467631578716,1.8080467631578716,-0.23795163314783133,0.4709998155539759,0.3287491622853514,-0.004316394655078221,0.11891835752769125,0.4166666666666667,52.746092392691935,20.863281030186045,52.746092392691935,20.863281030186045,820.7812396615482,24,5.068286852136042,0.029620289657833726,0.00955926409307698,0.21218246248645814,0.06028783964398021,0.007966217565038958,0.021702004616377293,0.30434782608695654,0.30434782608695654,24.936320114135732,3.0239624977111816,3.0155398646990457,14.909587305251629,0.9109482479381177,2.7207943209493166,0.12126739165483276,0.164283123392292,True,19,807.7773605572438,20.91991522763783,44.87652003095799,270.1874890027975,97.93594029720853,69.07564981360906,5,748.0351470644746,0.2,0.2,0.0,4.157028792200435,2.0429774321819423,13.00387910430436,9.33670295396878,0.0,41.99218762171222,3,2,0.15789473684210525,0.4,raw,0.11384464118286242,0.01431113981532487,-0.5917758500877561,0.07253639395176695,0.009118378034815126,0.7365409752172524,-0.5821712275718605,0.4,1.0,1.0,0.4500655489396628,7.954966735839837,-0.26345902478274763,-0.28269999999999995,0.045499999999999985,0.0027000000000000357
16775731,SNIa,r,60169.18359375,115.79462471008299,1.1177581466913473,1.034156943518028,1.0626260018323719,1.0626260018323719,-0.05513214485897536,0.34854822472398983,0.04304252844324028,0.0013305842594789111,0.023554354431663673,0.7727272727272727,4.957031082689355,4.957031082689355,4.957031082689355,4.957031082689355,867.7187337648284,22,2.4977545857136896,0.016767029146862476,0.003509031739239715,0.0964886261566954,0.030044120472405945,0.002394551123662936,0.0063342143371395996,0.5714285714285714,0.5714285714285714,115.79462471008299,2.7442439794540405,2.864475288174369,44.837988171093734,0.7791131794750459,8.097822308854845,0.023699234626174157,0.040111944975767824,True,17,867.7187337648284,18.464827203613822,54.23242086030177,299.2109229679045,181.11719902801633,93.29138143320219,5,687.9296674773286,0.0,0.0,0.0,18.3773442114325,8.972663421809557,57.093743960191205,42.60155941310368,0.0,4.957031082689355,4,2,0.23529411764705882,0.4,raw,0.026600183461019142,0.0043334823161353415,-0.8347578521841633,0.04886197977528929,0.007960190409884724,0.2223390836171983,-0.12937337274004684,1.0,1.0,1.0,0.4599843349886872,6.138292837142935,-0.7776609163828017,0.3173,0.045499999999999985,0.0027000000000000357
31971611,SNII,r,60496.35546875,41.62779598236081,1.158314903702959,1.039996636315919,1.0769856425676123,1.0769856425676123,-0.08132926113534661,0.30515615327650164,0.1353743797670176,0.009275112482310909,0.0639786404892556,0.4782608695652174,36.99609259653516,2.070312468742486,36.99609259653516,2.070312468742486,820.7812435792948,23,3.2728186097680627,0.010619926790584227,0.007053934724251889,0.049115197791421615,0.015100308430932508,0.0017017238088328755,0.002625951908849362,0.45454545454545453,0.4090909090909091,41.62779598236081,3.078068971633911,2.9781708821006445,14.565150754545362,0.6895191692826416,2.860081580606255,0.07394263614000125,0.10342934218064952,True,18,820.7812435792948,18.91015924650128,48.281249622311464,325.09766559048876,122.94765814990245,82.26533692877689,5,404.9687336721836,0.0,0.0,0.0,24.749227666223305,7.886721097442205,54.937500489606464,53.77031920048321,0.0,78.81640399277967,3,0,0.16666666666666666,0.0,raw,0.08904506810496628,0.017896486707204895,-0.640065908075323,0.06531484643578046,0.013127131079771516,0.7427184825931291,0.5048127145760972,0.6,1.0,1.0,0.33138474180667776,4.975561380386345,-0.2572815174068709,-0.0827,0.045499999999999985,0.0027000000000000357
50875482,SNIbc,r,59781.41015625,17.72981910705566,2.0700482760996324,1.2532230318483997,1.640676831020118,1.640676831020118,-0.4293714450795143,0.45742283004261003,0.2760575845413744,0.003836700284692708,0.15619215348096685,0.3181818181818182,439.79686075943755,14.847656340090907,62.667969624948455,14.847656340090907,867.7187361682372,22,5.256821127145297,0.03262425302222021,0.013902311317377262,0.13842701970773974,0.048858461035251266,0.006406545732367172,0.012739205299930775,0.38095238095238093,0.5238095238095238,17.72981910705566,3.070812940597534,3.0290899059989234,9.472704456385337,1.0164760700418818,1.6173789844524185,0.17320046651663187,0.2652142310551498,True,17,867.7187361682372,19.457039925713616,54.23242101051483,327.2109535651325,169.15040830913858,94.85411987179494,5,745.0000096160074,0.0,0.0,0.0,24.549230226158397,6.886720544185664,91.90234718271677,61.488284238050994,0.0,62.667969624948455,3,0,0.17647058823529413,0.0,raw,0.31527419427589404,0.061244849181842656,0.6147467947247562,0.19115233946200305,0.037133061993846465,1.6158441205586194,-0.5935365848007315,0.4,0.8,0.8,0.3419083710325545,5.147766685485835,0.6158441205586194,-0.28269999999999995,-0.15449999999999997,-0.19729999999999992
52437992,AGN,r,60175.14453125,44.353466796875,1.094324654060234,1.0253009210410613,1.0198967829624632,0.07442787109777083,-1.0198967829624632,0.3271049913173201,0.4721398268058114,-0.4324230735039781,0.2259180656361612,0.12,807.7773203271499,736.0351387165429,711.0429586330429,0.0,820.781223171798,25,4.836619000103957,0.012650711113765783,0.008295961078257159,0.06583621967737184,0.01919095224758936,0.0027575606656788268,0.005598446975343612,0.20833333333333334,0.25,44.353466796875,2.94405198097229,3.038080220222473,15.365203600931597,7.002410454845842,8.297530443981833,0.06637704318481184,0.09795067903700518,True,20,820.781223171798,13.00390284464811,43.19901174588411,278.3320189474398,90.8843755123524,80.5905871664587,5,773.687481660163,0.0,0.0,0.0,26.917960095155287,17.94919919819222,85.01561142817081,59.354679453044085,0.0,31.871094706359145,6,1,0.3,0.2,raw,0.27350386404496807,0.011015684386081186,0.06734598844462196,0.1396227333880669,0.0056234670376431265,1.1659413041590483,0.9434344408350288,0.4,0.8,1.0,0.467370117669045,24.828585720062254,0.1659413041590483,-0.28269999999999995,-0.15449999999999997,0.0027000000000000357
100164081,SLSN-I,r,60649.12890625,7.625275969505308,6.766397254042657,1.3501786159531652,6.25314762495773,6.25314762495773,-0.513249629084926,1.3309140602206093,0.45709407254863266,0.06088842006288678,0.32722159788426974,0.6363636363636364,0.0,0.0,0.0,0.0,867.7187401750416,22,15.251710798537172,0.07690096844400104,0.021199743212022473,0.39828024783806626,0.12172724602542188,0.019146259205429113,0.04439812567493299,0.5714285714285714,0.6190476190476191,7.625275969505308,2.6079299449920654,2.8234393379905005,18.28345750234654,0.6548763032070888,1.672743356380898,0.3420112210261756,0.6092764655094828,True,17,867.7187401750416,17.865235870198376,54.2324212609401,325.1015734176908,152.50586130527154,88.81530761432555,5,695.0508041029825,0.0,0.0,0.0,28.32108039760351,31.882816496450687,35.88671215294016,35.5023371620875,0.0,116.88671637037623,1,0,0.058823529411764705,0.0,raw,0.24754723266879936,0.05867821672257163,0.759301578410031,0.22308838484724586,0.052880528912513526,0.25749390046503506,0.2528106152335525,1.0,1.0,1.0,0.504487359195114,4.218724536895748,-0.7425060995349649,0.3173,0.045499999999999985,0.0027000000000000357
6777396,AGN,r,60531.28125,44.879211044311525,1.6994975671485006,1.4523671041890251,1.0462932955882462,1.0462932955882462,-0.6532042715602545,0.5660626815432921,1.024100353750542,-0.2963740172083781,0.3816630498592872,0.0,865.8710675541006,865.8710675541006,747.9726286408841,354.0195398369033,865.8710675541006,23,5.025462234389916,0.02631446364651242,0.009967645713247555,0.18237332077792304,0.05429036411424766,0.00965281552530372,0.023626264457982504,0.13636363636363635,0.13636363636363635,44.879211044311525,3.259434938430786,3.384974847669187,14.406428879221592,5.995046617084073,7.362271345781499,0.07262683239267688,0.11913675164266696,True,18,865.8710675541006,29.042969581947546,50.93359220906474,207.1289107128032,108.04919561388964,53.474254011775244,5,762.9257546848094,0.0,0.0,0.0,4.748442196824181,5.882811384362867,7.941412044834578,7.178914108121535,0.0,34.92578096631041,3,2,0.16666666666666666,0.4,raw,0.20798994335962986,0.008930814489368074,0.9262265019401876,0.13001926665622485,0.005582856227537225,2.1383675732348784,0.4393930197096735,0.4,0.6,0.8,0.3654141882164552,23.28902292251586,1.1383675732348784,-0.28269999999999995,-0.35450000000000004,-0.19729999999999992
56002762,SNII,r,59817.1875,337.8533569335937,1.1596809229502898,1.0027675870237782,1.153004339676627,1.153004339676627,-0.0066765832736627355,0.357299841693069,0.13709103318966598,0.008422839287964097,0.0069260548352073625,0.7272727272727273,117.89843926104368,26.86328098964441,117.89843926104368,26.86328098964441,865.8710727509169,22,1.9972688328077193,0.0036359852223179488,0.001319643490590455,0.021681729524295906,0.006263589375741116,0.00034395891636006666,0.0007654474724374444,0.2857142857142857,0.38095238095238093,337.8533569335937,3.44983446598053,3.377337325703014,112.91741402671363,1.1409100518265851,16.06101118617139,0.010211040959580009,0.015412943159427954,True,17,865.8710727509169,38.41993245737831,54.11694204693231,201.246078500757,129.10350144866243,57.4946671685105,5,745.8281259076757,0.0,0.0,0.0,10.121870017689071,6.8203120594262145,24.960935739298293,18.13906046710763,0.0,20.042968930218194,3,1,0.17647058823529413,0.2,raw,0.043283987364494805,0.005969542802660519,-1.7521882927835346,0.024164706578519983,0.0033326931971275637,0.503671583826432,-0.1606493943297857,1.0,1.0,1.0,0.3222161202166558,7.250804424285877,-0.49632841617356804,0.3173,0.045499999999999985,0.0027000000000000357
93866109,SNIbc,r,60085.38671875,514.866174316405,1.3453679040976576,1.0065993163577458,1.336878655014958,1.336878655014958,-0.008489249082699542,0.34544858377643184,0.019109960564308085,-0.0005436130990457677,0.0055266664075265,0.9166666666666666,2.9687499554856913,2.9687499554856913,2.9687499554856913,2.9687499554856913,865.8711107730996,24,2.7928479301967353,0.004134010125522282,0.0004807523237423645,0.05674139974434919,0.012297630776858585,0.0003143844446843577,0.0005871688912018574,0.391304347826087,0.391304347826087,514.866174316405,3.085758090019226,3.386720950404803,223.06142560531177,0.9982808573412543,11.717242367607966,0.0059933206801092145,0.01073154753978081,True,19,865.8711107730996,45.95507276195349,48.103950598505534,181.29688064966467,105.87226042764382,50.74343050198428,5,773.8125134160873,0.0,0.0,0.0,18.56951968885114,13.90234199747647,38.88669623518217,33.727331847632016,0.0,276.14062403584103,2,0,0.10526315789473684,0.0,raw,0.006425248396261105,0.0008224996419056291,-0.9515941860688393,0.03921933482940472,0.005020488993349025,0.04260595161184747,0.0026163591372006397,1.0,1.0,1.0,0.4790498622630964,7.811855554580675,-0.9573940483881526,0.3173,0.045499999999999985,0.0027000000000000357
31725628,SNII,r,60462.40234375,58.84310207366941,1.4494796489806505,1.0414342940086385,1.3982768246963142,1.3982768246963142,-0.05120282428433638,0.38879248994230703,0.37024158013260533,-0.013230216742699499,0.02717365227897483,0.625,126.68359513649193,68.86718661586929,126.68359513649193,68.86718661586929,867.7226753133364,24,3.256471467306751,0.014566238950921793,0.004291961840121927,0.16209691564410575,0.0352895119619321,0.004381503265795694,0.01065892321283105,0.34782608695652173,0.2608695652173913,58.84310207366941,2.538820505142212,2.7663560012976327,32.40833519195273,0.6975412451756966,6.441264158725986,0.04314559252779879,0.06662372423652325,True,19,807.6797080405304,20.47072588424635,44.87109489114058,253.2265491820799,110.60507871177118,72.93205541985347,5,827.957010562066,0.2,0.0,0.2,23.585930454575283,15.999981974222464,60.04296727280598,48.8148375715391,0.0,42.91796673630597,2,1,0.10526315789473684,0.2,raw,0.08581518024238755,0.008802016996297965,-1.089602403415804,0.04651556769365041,0.004771076822020414,0.8607994056974834,-0.40345792089103955,0.8,1.0,1.0,0.31547551144597286,9.74949040412902,-0.13920059430251663,0.11730000000000007,0.045499999999999985,0.0027000000000000357
41660164,SNIbc,r,60532.2421875,27.449270248413086,6.2899326212051525,1.2174276428581305,5.899487628760747,5.899487628760747,-0.39044499244440556,1.1677885847565173,0.40800811016471517,-0.11431684824946255,0.1627209952188974,0.6923076923076923,0.0,0.0,0.0,0.0,867.7226671172393,26,15.25127199476379,0.0342876654745955,0.015744431480469175,0.21725069254675874,0.060405116567359404,0.00931955299341364,0.019502577454815196,0.4,0.32,27.449270248413086,3.012569546699524,3.1643507939118605,53.75365704882601,1.2083347281915455,4.32223428174595,0.10975044215879248,0.1740082722068013,True,20,867.7226671172393,22.964842680376023,45.66961405880207,273.2539132155216,91.24140216255029,65.94371372357813,6,658.9960722815449,0.0,0.0,0.0,18.51953727865354,4.027342915065674,77.01174263016583,49.49805944920445,0.0,26.92187408675818,4,1,0.2,0.16666666666666666,raw,0.18894478212658,0.024678956730295323,0.16909718174602964,0.1685681134745384,0.022017465270666614,0.6090191781870655,-0.4403448309692257,0.8333333333333334,1.0,1.0,0.46996540390352404,7.656108975410444,-0.3909808218129345,0.1506333333333334,0.045499999999999985,0.0027000000000000357
43441391,TDE,r,59781.40625,65.66353454589833,2.300694412540826,1.0457822716590293,2.241463775897592,2.241463775897592,-0.05923063664323419,0.48297929033309883,0.10384317501443203,0.0014538664562105297,0.03879165979290647,0.76,35.7812509957148,0.0,35.7812509957148,0.0,867.7226623083407,25,3.099716865546008,0.013781820114314584,0.003810055220537059,0.07537209837490884,0.022845454586796533,0.0033525250559701065,0.01108107484014444,0.375,0.4166666666666667,65.66353454589833,3.0149741172790527,3.0240248537063597,48.817146800205414,0.8827502479202177,3.573107377078667,0.045915501474743305,0.07300044925721873,True,20,807.6796808665094,24.96093652230047,42.509456887711025,238.28124466673762,77.5382835849013,57.31559952728024,5,484.90233307187737,0.2,0.0,0.2,13.971082585366094,2.9453155462397262,60.042981441831216,38.008589856344045,0.0,382.8203292364633,3,0,0.15,0.0,raw,0.037295687753392634,0.00610170863171702,-1.3564594346302274,0.043915674378182376,0.007184762248998991,0.6453443175238458,0.06278235495328434,0.8,1.0,1.0,0.2686382412154503,6.11233508586883,-0.3546556824761542,0.11730000000000007,0.045499999999999985,0.0027000000000000357
46741316,SNIa,r,60224.12109375,10.048076152801514,7.522845845855869,1.5682743015335314,6.711104882831491,6.711104882831491,-0.8117409630243775,1.3716263966420528,0.4311889374380438,-0.1822921637143055,0.4122533906016031,0.5384615384615384,0.0,0.0,0.0,0.0,867.7226278621674,26,23.06809749395214,0.08554247473933643,0.04779832698280027,0.40770665453871335,0.1343341277819552,0.02544752436402961,0.051118962014639766,0.48,0.64,10.048076152801514,3.1510565280914307,3.254968766982739,21.400343767546737,0.8618467987533103,1.9436849383155652,0.31359799429992197,0.47773720511288187,True,20,867.7226278621674,29.019527482800186,45.66961199274565,196.24999031627522,96.05703367047965,53.36117072500268,6,684.1484320752934,0.0,0.0,0.0,11.295581109215467,8.4531393265097,24.871098591203918,23.427744176075066,0.0,55.88671671222983,1,0,0.05,0.0,raw,0.45857603792681445,0.07830117650146541,0.827984184954504,0.2875745899902527,0.04910293357228786,0.8606611106826922,-0.6243576716214841,0.6666666666666666,0.8333333333333334,1.0,0.35452369085195956,5.856566381454462,-0.13933888931730776,-0.016033333333333344,-0.12116666666666664,0.0027000000000000357
56383332,SNIax,r,59796.30859375,24.959367084503153,1.3204144956318307,1.0714104602931431,1.2185854302922385,1.2185854302922385,-0.10182906533959223,0.345369316549234,0.3103198042762346,0.005331725748374687,0.07556807821497105,0.2916666666666667,87.78515644765139,27.968749216706783,87.78515644765139,27.968749216706783,867.7304420219807,24,2.6170583045220686,0.010678395752352625,0.002609276887327031,0.05410093404073968,0.01895660406959862,0.00325731590902781,0.0067115260885872415,0.21739130434782608,0.21739130434782608,24.959367084503153,2.79237699508667,3.0503537207841873,10.892197268494968,0.8189757355106037,2.03021116099881,0.11187691521314294,0.21058554096100104,True,19,867.7304420219807,21.486326469523192,48.20724677899893,238.28906843130972,112.89487457551526,69.33514670259821,5,733.9843448561951,0.0,0.0,0.0,29.161726456951875,25.937499510400812,63.882809788883606,55.142191577005725,0.0,52.7968730894936,5,0,0.2631578947368421,0.0,raw,0.08706494991362244,0.013509366686145278,-0.5904934519394635,0.06461206027808693,0.010025481155275167,0.6550202543459592,0.04228986146325124,0.8,1.0,1.0,0.2999472286950344,6.444783973693832,-0.34497974565404077,0.11730000000000007,0.045499999999999985,0.0027000000000000357
26794348,SNII,r,60122.40625,12.532484292984007,1.801669965151179,1.3134237628124343,1.454971496364438,1.454971496364438,-0.3466984687867408,0.4151161371722367,0.3531558729380239,0.1035292766492047,0.1945258820080338,0.08333333333333333,481.6289132177044,52.76562710246799,52.76562710246799,52.76562710246799,820.7812659909105,24,7.930597933999833,0.049242592218871464,0.021873521274888612,0.25364349799817953,0.08098970156880789,0.020456345873137043,0.05488053718612008,0.391304347826087,0.391304347826087,12.532484292984007,2.7021135091781616,2.845021888613701,6.748201866054357,0.8596174651601031,1.6391142357650532,0.21560876886084518,0.3192332190159283,True,19,805.816414054003,13.499990758729837,44.76757855855572,270.1875027064816,106.32188266876412,73.55390960473453,5,674.9414207800291,0.2,0.0,0.2,14.141407985660772,14.964851936907507,27.95701947454654,25.12108648704307,0.0,20.867187005787855,4,2,0.21052631578947367,0.4,raw,0.26852115760865497,0.04755609980995926,0.45181573916484574,0.17032912490350027,0.030165924117827467,1.3271201366384557,-0.3588925637489677,0.6,0.8,1.0,0.342114161656903,5.646408319473267,0.32712013663845574,-0.0827,-0.15449999999999997,0.0027000000000000357
97960909,SNIa,r,60221.20703125,65.7814691543579,1.4328799499973834,1.043456691658977,1.3721818382660216,1.3721818382660216,-0.06069811173136188,0.357559370682834,0.055471393143734705,0.01993930906096293,0.03382120129697114,0.8181818181818182,48.929685663861164,2.914062499512511,48.929685663861164,2.914062499512511,805.7656381695997,22,3.1066956230594283,0.013082312069407747,0.0014208369994953435,0.12008084880899714,0.031042705262967527,0.0020178290905442714,0.00426350804296358,0.38095238095238093,0.2857142857142857,65.7814691543579,2.82340145111084,3.0957990938966926,31.96999747682104,0.6226183496047111,3.5451746868401206,0.04292092419653408,0.07939138787941925,True,17,805.7656381695997,34.427736674402695,50.36035238559998,196.3046958548075,136.1093668902795,56.43558571943369,5,745.9218750832297,0.0,0.0,0.0,15.795307851138933,11.035152725315129,48.00780535372178,35.203114012560405,0.0,54.99218935343379,3,0,0.17647058823529413,0.0,raw,0.05502214956593952,0.006904126217285587,-0.5742010698731749,0.06496216502180074,0.008151389762065702,0.5382795324505323,-0.37315883837387837,0.8,1.0,1.0,0.47601347210237765,7.969458818435669,-0.4617204675494677,0.11730000000000007,0.045499999999999985,0.0027000000000000357
114809828,SNII,r,60122.40625,15.644273662567059,3.3336708432388615,1.2066225527265424,3.122583063265989,3.122583063265989,-0.21108777997287256,0.7175173545950756,0.215929522276551,-0.0017920295036580915,0.127685231421939,0.5789473684210527,41.89452900306787,0.0,41.89452900306787,0.0,807.6445479608301,19,8.43416993829131,0.0263902769521119,0.0077642960966267435,0.21759367840245472,0.05451975290845429,0.0020673100626234365,0.004551791358768909,0.3888888888888889,0.3888888888888889,15.644273662567059,2.817934989929199,2.9822695318021273,17.335582314855834,0.5874101505259574,1.986152748309181,0.1801256517694287,0.30103845781685734,True,15,807.6445479608301,42.947250903634995,57.68889628291644,199.19532367364445,164.09336098644866,62.57492463948366,4,638.0781365152143,0.0,0.0,0.0,20.96973053379952,20.546872354763764,31.906267596248654,31.357825189340655,0.0,41.89452900306787,1,1,0.06666666666666667,0.25,raw,0.10771828250697078,0.02670804136365791,0.06963181071955055,0.11440219687533827,0.02836527407538402,0.22772996103251622,-0.020237957051072272,1.0,1.0,1.0,0.39951793426275795,4.03317791223526,-0.7722700389674838,0.3173,0.045499999999999985,0.0027000000000000357
9858227,M-dwarf,r,60175.171875,28.92746973037719,2.402049632952452,1.2519984059751046,1.5326419298570697,1.5326419298570697,-0.8694077030953825,0.4718916733989472,0.21607100408188862,-0.4543350077501471,0.1289651810418411,0.0,809.6796884456708,82.9218731175497,8.957031280915544,8.957031280915544,809.6796884456708,28,8.005388385034141,0.05225848005786369,0.010240913915342995,0.7727318760992239,0.15139817712915404,0.01172758497905834,0.02947544376122633,0.07407407407407407,0.4074074074074074,28.92746973037719,4.113318920135498,4.124950851712908,10.778510952899028,3.428582059313249,3.5719237108669586,0.1421942174159822,0.19771047620780782,True,22,809.6796884456708,11.937473331025103,38.556175640270034,239.29296162484388,76.99220251716906,61.30607961909332,6,788.8046721478167,0.0,0.0,0.0,10.84310104641069,6.507817955767678,25.015621207356162,23.492190002274583,0.0,52.98828328363743,4,0,0.18181818181818182,0.0,raw,0.3422631107327949,0.025733321906764358,0.2417349033699312,0.18139747921571456,0.013638512534229433,0.39040187561854595,-0.5137612795824015,0.8333333333333334,1.0,1.0,0.5593535775118095,13.300385856628418,-0.6095981243814541,0.1506333333333334,0.045499999999999985,0.0027000000000000357
19370388,SNII,r,59814.18359375,3.594978427886962,2.022572651517807,1.554849176496623,1.0997142514629044,1.0997142514629044,-0.9228584000549025,0.5381111522895686,0.7628112256549959,-0.11094809663370579,0.47795775437762267,0.0,800.7070172940148,798.6484401988855,510.7031245094404,510.7031245094404,804.6445569790085,25,11.770929939308548,0.08509555317448142,0.03541062390990016,0.6631808239992542,0.1643439384739143,0.03073241743204305,0.09406573332452985,0.3333333333333333,0.2916666666666667,3.594978427886962,2.754462957382202,3.048757972717285,1.435288501612777,0.5453883229773562,0.5754483645177689,0.7661973535126902,1.1425029036838077,True,20,792.753932435211,22.97265727417107,41.72389118080058,201.24220273406536,87.03984249560153,56.54590411172735,5,800.7070172940148,0.2,0.2,0.0,4.946093400631798,3.003953756095143,11.890624543797458,9.053115151153179,0.0,29.777343804220436,4,1,0.2,0.2,raw,0.555082199530779,0.1230773339841933,0.8790016563917575,0.3242689734807873,0.07189955070355915,0.6902813671278343,0.23138047575798426,0.8,1.0,1.0,0.27785212678223586,4.510027813911436,-0.3097186328721657,0.11730000000000007,0.045499999999999985,0.0027000000000000357
39985847,SNIa,r,60494.28515625,93.90546627044667,1.2410188810815452,1.027416177003723,1.2051274240779248,1.2051274240779248,-0.03589145700362037,0.3248704855232202,0.04984084655588647,-0.00013897487358107097,0.020109624360518604,0.7916666666666666,11.035156536592694,2.07031248317071,11.035156536592694,2.07031248317071,867.7226429048751,24,2.8679802866024575,0.010505786434557277,0.001490331583328859,0.06136741687969997,0.020852322175754355,0.002115711918345733,0.005474574645371231,0.4782608695652174,0.43478260869565216,93.90546627044667,2.489009976387024,2.9284709890683494,45.467094847731936,0.6326374148096543,4.6497970957930095,0.02650548551900806,0.0525758474221778,True,19,867.7226429048751,28.910155787070835,48.206813494715284,242.1328018541244,100.32772849596594,63.41722222618454,5,452.80859479660285,0.0,0.0,0.0,12.34296705143206,3.9335832101205597,45.82812192464189,30.646872594006712,0.0,2.07031248317071,4,1,0.21052631578947367,0.2,raw,0.03907622856048516,0.005939330663294492,-0.7053251622696544,0.057558972405243325,0.008748586604897746,0.3138410341484222,-0.05515701021246355,1.0,1.0,1.0,0.4375928312449654,6.579231023788451,-0.6861589658515779,0.3173,0.045499999999999985,0.0027000000000000357
76782555,TDE,r,60496.3515625,17.68652935028075,2.3128636246319116,1.2127898861266282,1.6871381655433526,1.6871381655433526,-0.625725459088559,0.45477917019231434,0.30935165395101244,0.029276264036012047,0.12475083776151548,0.32,78.8593743306119,5.945312626987288,23.917969168331183,5.945312626987288,804.6444991514873,25,6.7264457973052965,0.03480008812539926,0.014439087582078666,0.21528751134614624,0.05948966260712689,0.010053265974060773,0.02348882444667221,0.3333333333333333,0.3333333333333333,17.68652935028075,2.7647531032562256,3.0561172103881837,10.792869225001434,0.8784009724323303,1.8622269813010595,0.15631970798229777,0.23215399894256736,True,20,792.753936617366,17.886768073840358,41.723891400914,201.24218010562618,103.45937837180529,57.45154360201754,5,747.8085630699716,0.2,0.2,0.0,10.10154895299056,7.945275096324622,24.91799159612856,19.707019971325646,0.0,35.863282949510904,6,1,0.3,0.2,raw,0.16863164249726903,0.029348454936267115,-0.07749476777268814,0.11275159740582111,0.01962315687881925,0.5529651484540865,0.14422220517343215,1.0,1.0,1.0,0.3708783457639914,5.745843958854674,-0.4470348515459135,0.3173,0.045499999999999985,0.0027000000000000357
92321294,SNIa,r,59837.171875,7.398219108581543,1.3003110661229416,1.1116503552325172,1.1325406907682085,1.1325406907682085,-0.16777037535473302,0.4032935077411179,0.7744638198114235,0.388159700267931,0.39097784026135424,0.16,867.7226229757434,657.1132533843484,867.7226229757434,657.1132533843484,867.7226229757434,25,9.602229186365104,0.03659170744128615,0.010538081294432684,0.21081402176617725,0.06205196052527922,0.00989467336977691,0.02063194383474416,0.3333333333333333,0.5,7.398219108581543,2.758610963821411,3.041703014373779,3.037319973556783,0.7024212448726078,1.0542458826652668,0.37287500185302275,0.6852904669552868,True,20,867.7226229757434,31.882821296938346,45.66961173556545,253.22657018243626,81.51716286325966,60.72858881629378,5,579.2187345457205,0.0,0.0,0.0,16.563288772050875,8.97658297403541,56.921873589359166,38.56719137300534,0.0,88.92968688710243,5,0,0.25,0.0,raw,0.32323856284091074,0.07012252313150132,0.3391050174200803,0.18923145927861987,0.04105137476125831,0.8446376434748526,-0.30841894604041853,0.8,1.0,1.0,0.2247259472587153,4.609625387191772,-0.1553623565251474,0.11730000000000007,0.045499999999999985,0.0027000000000000357
94621519,SNII,r,60224.12109375,34.8382063388824,1.3847395665973945,1.115250955707717,1.2268511887518423,1.2268511887518423,-0.15788837784555218,0.3319820958053838,0.08546901109876612,0.0027448026142303473,0.06634164011742218,0.5652173913043478,2.914062549287337,2.914062549287337,2.914062549287337,2.914062549287337,805.765618918449,23,3.9137061002047173,0.019149516231856237,0.012042720917924037,0.0858860138160248,0.029281213840301433,0.005544483342387873,0.01416730711981482,0.5,0.5909090909090909,34.8382063388824,2.8332300186157227,2.9096984552300493,15.085712977770388,0.48021039248582786,1.7950477625288723,0.08132536994172393,0.1147281118836812,True,18,788.8125233610481,14.968752417487849,46.40073666829694,235.2187583574996,135.6437329798457,67.96184026637765,5,805.765618918449,0.4,0.2,0.2,13.7703025332783,7.933578223135555,41.92187324675615,30.35937102622411,0.0,101.74218518435373,3,0,0.16666666666666666,0.0,raw,0.08229011658805997,0.01601902811980979,-0.776428537371966,0.056612348915871004,0.011020458431862345,0.5045062106460109,0.25127214778842,1.0,1.0,1.0,0.42757102311944134,5.137023043632505,-0.49549378935398913,0.3173,0.045499999999999985,0.0027000000000000357
106260667,TDE,r,60494.30859375,99.8281021118164,1.0616147655320893,1.0360465127165235,1.0189206161806614,1.0189206161806614,-0.042694149351428,0.38200853604407997,0.11673815017311481,-0.0032443719595142218,0.02417572451539596,0.6190476190476191,40.929686234630935,10.992187686431862,40.929686234630935,10.992187686431862,805.765627604982,21,2.319723295422108,0.005745740277191718,0.002425974929776522,0.0204137593697027,0.008576706694725949,0.0008627024957802773,0.001549970940392865,0.35,0.15,99.8281021118164,2.8488590717315674,2.9300523485456194,35.70443772569393,1.0241864667873992,8.412969013299216,0.028537646328691997,0.04007907555781503,True,16,801.8281287880236,30.91797733795829,53.45520858586824,199.19530648239743,149.57969628332646,62.234597993101374,5,751.8827814502438,0.2,0.0,0.2,9.545303978081211,3.9374988169583958,29.937498548199073,21.135918050570766,0.0,7.988281134399585,3,2,0.1875,0.4,raw,0.09648537639816468,0.008811648435508366,-1.2850074848408002,0.04814669566534654,0.004397057578795104,1.030517244357454,-0.7404577926497177,0.4,0.8,1.0,0.4561700995379369,10.94975328445434,0.030517244357453954,-0.28269999999999995,-0.15449999999999997,0.0027000000000000357
3219576,SNIbc,r,60175.171875,42.35249099731443,1.3123916770759299,1.0469030934578105,1.2358504897395908,1.2358504897395908,-0.0765411873363391,0.3412060172390364,0.1405452015337127,0.026688548485787576,0.054812407373645906,0.5833333333333334,10.898436984374712,10.898436984374712,10.898436984374712,10.898436984374712,804.6445286042435,24,3.6826165927728143,0.010147418068941616,0.004471708116305756,0.037613734798866406,0.014342442263344024,0.0008988940045367367,0.0017111607792934976,0.34782608695652173,0.30434782608695654,42.35249099731443,2.9972320795059204,3.0374533981084824,17.46322785566571,0.6790156832836423,2.544923688238494,0.07076873187213414,0.09487037813108558,True,19,804.6445286042435,23.958968859671586,44.70247381134686,190.2812456601023,134.45234235473038,56.70716242724975,5,723.9609178876344,0.0,0.0,0.0,33.7382851903516,42.917976420169,52.980467979141395,51.36640618611709,0.0,48.94531349658064,3,1,0.15789473684210525,0.2,raw,0.3449816428045243,0.07690404882697738,0.02991443616973961,0.18203007298135604,0.04057853486560321,1.0487189516419018,-0.5373118383077286,0.4,1.0,1.0,0.3475039650362599,4.485871005058283,0.048718951641901764,-0.28269999999999995,0.045499999999999985,0.0027000000000000357
26109323,SNIbc,r,60494.30859375,99.17927703857417,1.1478853378491765,1.040805752649257,1.1060203408002613,1.1060203408002613,-0.041864997048915165,0.34847661112756056,0.28973997897531867,-0.011249678639798125,0.028110907141145332,0.64,99.77734273216629,10.992186963849235,99.77734273216629,10.992186963849235,809.6796846991201,25,2.472177273306906,0.00895339884734721,0.004404039453756203,0.0361140439391451,0.014200207403846121,0.0010624740127641596,0.0019808327582050865,0.2916666666666667,0.25,99.17927703857417,2.927485942840576,3.0306266212463377,37.470478059440175,1.2845859382829228,7.751759446572356,0.02951711315360746,0.04916939073217351,True,20,804.6445308028051,11.94922024718835,42.34971214751606,245.17187982215546,108.63203370574763,70.67546448639453,5,797.7812401753617,0.2,0.0,0.2,12.552348921907832,5.035153896315023,41.89453672879608,28.725800185318807,0.0,2.04296872697887,4,1,0.2,0.2,raw,0.04223356281364892,0.004525317274975558,-1.5051124313391249,0.031687068130502836,0.0033952626122736272,0.5729510593433698,-0.12807977938775167,0.8,1.0,1.0,0.30004431147915556,9.332729673385614,-0.42704894065663024,0.11730000000000007,0.045499999999999985,0.0027000000000000357
50150449,SNIbc,r,60581.046875,7.951146125793457,1.8566831718497692,1.6274313240572789,1.220666417907494,1.220666417907494,-0.6360167539422752,0.46015388629674947,0.4858183732997209,-0.15581514746657255,0.4163346382848828,0.09523809523809523,751.8867308534973,439.85937024774466,437.7734327544895,437.7734327544895,867.7226653929756,21,10.819334962621955,0.1071217335592469,0.021006442807100175,0.8900953062367858,0.2279417177579186,0.03686072560183809,0.0872144119810272,0.5,0.5,7.951146125793457,3.2290079593658447,3.1618575709206715,3.005782946889199,0.5828459604720618,0.9076415592909267,0.4061059762052376,0.5841182021068726,True,16,867.7226653929756,28.878905793622835,57.84817769286504,217.16405250394746,150.75390516913757,63.958371813863074,5,786.8320314686935,0.0,0.0,0.0,7.600781118024315,3.0820343689774745,17.0117179900044,16.16484738706931,0.0,2.0859374932551873,2,1,0.125,0.2,raw,0.36279670717985274,0.07352832011054779,0.38167240374061573,0.1970120053438089,0.039928592260787155,0.615870755695263,-0.2785240580100325,0.8,1.0,1.0,0.3838729387947496,4.9341084718704025,-0.38412924430473705,0.11730000000000007,0.045499999999999985,0.0027000000000000357
74893050,TDE,r,59880.14453125,513.0365423202497,1.352578540911719,1.0076062255420895,1.342747391615414,1.342747391615414,-0.009831149296305047,0.3510439293105524,0.011438179143854504,0.0015098105592056211,0.0062932589394630745,0.92,10.960937762487447,10.960937762487447,10.960937762487447,10.960937762487447,867.7226627489363,25,2.7959060556694455,0.0036070904952928274,0.0006852942884049285,0.04954274941679779,0.010331254702822739,0.0006544047410803846,0.0012370619926003763,0.4166666666666667,0.4166666666666667,513.0365423202497,3.240773916244507,3.3974487829208373,212.56604033711693,0.7636799251902914,12.234590228691316,0.006316848116876513,0.009619055152759414,True,20,867.7226627489363,20.95312481563451,45.669613828891386,205.24218272558937,129.44923916818368,57.37623041842584,5,688.1640665966988,0.0,0.0,0.0,13.343742495389597,6.906250370913767,35.93748323114414,28.367186827436672,0.0,36.066407305319444,3,1,0.15,0.2,raw,0.07940888145097223,0.014223068214106406,-0.7988831892006407,0.04783432642184195,0.008567692621306413,1.3957057082942912,-0.6772912012716674,0.8,0.8,0.8,0.4352281909717759,5.583104872703534,0.3957057082942912,0.11730000000000007,-0.15449999999999997,-0.19729999999999992
79883325,SNIa,r,60295.109375,9.6281997680664,7.42237853365256,1.62905313079988,6.6684825854838214,6.6684825854838214,-0.7538959481687382,1.37446784069939,0.6912070794050722,-0.10869778444301431,0.4263011730975634,0.48,0.0,0.0,0.0,0.0,867.7226401976441,25,22.275594159062145,0.08207095859487419,0.019293277806473157,0.6711152142306749,0.16242109620619452,0.033755626098105264,0.08569478782015656,0.25,0.25,9.6281997680664,2.995136022567749,3.0360473680496214,21.436583179907267,1.1192863699487732,1.9119713223313708,0.31107954703034296,0.4706517771096606,True,20,867.7226401976441,25.105501202255255,45.66961264198127,159.26954337049392,130.81249759764177,49.629357141992884,5,362.0468733561065,0.0,0.0,0.0,7.989845315710409,5.933593005676812,22.964839701955498,16.161716605898985,0.0,119.98827728730248,1,0,0.05,0.0,raw,0.34004684338399876,0.06182915656044037,0.3997330953952079,0.19939832615745767,0.03625568231479528,1.0465372133876822,0.34060886083753716,0.6,1.0,1.0,0.26095025610551825,5.499781370162958,0.04653721338768224,-0.0827,0.045499999999999985,0.0027000000000000357
111941650,SNII,r,60295.109375,7.673059701919555,2.4215094578233423,1.58884736094002,1.4768797766657051,1.4768797766657051,-0.9446296811576371,0.5368562564979293,0.5815695956687887,-0.0071134595453614,0.46721487561687125,0.08333333333333333,798.7070593221142,723.9140852561904,336.1562459978086,210.2109393327628,867.7226698363156,24,13.958946406574002,0.13015537913295544,0.04029408838934665,0.7221505129522087,0.23357919467870392,0.08924913411680852,0.19609987220229802,0.4782608695652174,0.5652173913043478,7.673059701919555,3.3317919969558716,3.3502188324928284,3.4012287409500206,0.7758712632859986,0.9180968576868554,0.4342194804143598,0.6165801819554926,True,19,662.9570468634629,5.97069601378098,36.83094704797016,196.20703624480666,129.07616919011346,56.829204151825685,5,867.7226698363156,0.8,0.6,0.2,84.88592553806666,88.9296650249089,144.69532373717084,138.73749747375987,0.0,285.9374950126148,1,0,0.05263157894736842,0.0,raw,0.461232473694143,0.09683613821263612,0.4837617581119552,0.24200948181164034,0.05081009028219698,0.7679429086986082,-0.32609031094052654,0.8,1.0,1.0,0.2791679705234028,4.7630201101303,-0.23205709130139185,0.11730000000000007,0.045499999999999985,0.0027000000000000357
7358574,SNIa,r,60553.1328125,5.8722345352172844,3.400606939438026,1.4778319691019264,2.55565820209494,2.55565820209494,-0.8449487373430857,0.6576106957361806,0.483002845646766,0.15001717340988063,0.4697813416395355,0.2608695652173913,715.9648571029538,0.0,624.0585854091332,0.0,801.7343857198866,23,15.141462632072205,0.07959515562862808,0.030251692082813093,0.49232855849238444,0.1491181772336482,0.0236638531992329,0.05704050016848559,0.5,0.5454545454545454,5.8722345352172844,3.0569040775299072,3.1835660519807236,4.909354030722411,0.4632374505776502,0.7686017396893147,0.5205691392598296,0.8395435346793094,True,18,801.7343857198866,35.78908198146382,47.16084621881686,172.26563305999298,106.30155570256179,47.840338921178414,5,784.7421585304182,0.0,0.0,0.0,9.392975224608382,6.0351569712365745,20.964852965116734,18.541427699202906,0.0,27.91406312306208,4,1,0.2222222222222222,0.2,raw,0.2765313026791354,0.056174016544294686,0.47231508938576666,0.18485919551608873,0.03755192778061318,0.44855861088444376,0.19711200396031353,1.0,1.0,1.0,0.33843909801285327,4.922761797904966,-0.5514413891155563,0.3173,0.045499999999999985,0.0027000000000000357
24400626,SNIa,r,60122.3203125,176.8622848510742,4.0747554274874505,1.0364825372830615,4.027635703265751,4.027635703265751,-0.047119724221699875,0.8557788244929879,0.08320028375278227,-0.003529441118179917,0.029110349845357396,0.782608695652174,46.84375151444692,0.0,46.84375151444692,0.0,799.7968957625126,23,8.575842463718592,0.008883257687623658,0.004073178773515466,0.07191607446707585,0.016679973347646176,0.000668173342477586,0.0010661017258809843,0.45454545454545453,0.4090909090909091,176.8622848510742,3.3452749252319336,3.544242817422618,212.93820954878805,1.1404276323400846,14.377636123130381,0.01891457485155075,0.028187873885002723,True,18,799.7968957625126,22.078105410997523,47.04687622132427,196.21874369165744,122.43517287462167,55.07918760852727,5,743.8789175145648,0.0,0.0,0.0,7.883592372309067,2.9765530984586803,27.851565177435987,18.621876398046155,0.0,43.87109559580858,2,2,0.1111111111111111,0.4,raw,0.053408692472323875,0.0049842541249712664,-1.4654511166164887,0.03610574119877747,0.0033694925146951706,0.8931261649429131,0.588198692366779,0.6,1.0,1.0,0.338979554793275,10.715483427047728,-0.10687383505708692,-0.0827,0.045499999999999985,0.0027000000000000357
36008055,SNII,r,59817.1875,232.4775375366209,1.6543731769195074,1.01345361906959,1.638149566320709,1.638149566320709,-0.016223610598798375,0.39378890304529807,0.024073661358700753,-0.0018490130067138478,0.0075811456694918926,0.782608695652174,83.97656510068919,19.980469453810656,83.97656510068919,19.980469453810656,801.7343478965704,23,3.431114748516252,0.006867098885013209,0.0005101655669454756,0.078154173322831,0.018149516075142966,0.0008250412008841647,0.0018861338707918983,0.4090909090909091,0.4090909090909091,232.4775375366209,3.109049081802368,3.235709444336269,122.49178680516249,0.611452537960201,11.163989624409307,0.013373546170294482,0.02120174255109953,True,18,801.7343478965704,21.12500233908213,47.160843993915904,298.207035331463,114.10156567209927,72.7702073564756,5,743.8788926519701,0.0,0.0,0.0,41.18906275664922,19.980469453810656,125.94140555396007,97.55078842211078,0.0,19.980469453810656,3,1,0.16666666666666666,0.2,raw,0.021582732768781428,0.004563499984441999,-0.15570306206696033,0.11330660922928415,0.023957796030488875,0.045437203905688346,0.01329476597306652,1.0,1.0,1.0,0.47541204979625323,4.729425406455973,-0.9545627960943116,0.3173,0.045499999999999985,0.0027000000000000357
59907038,SNII,r,60467.375,301.12274589538475,1.5043733603511955,1.017979692422847,1.4855128760814404,1.4855128760814404,-0.018860484269755017,0.368644900516081,0.04079547434873162,-0.0015057746370946072,0.010078706688296262,0.92,3.9648436125426088,3.9648436125426088,3.9648436125426088,3.9648436125426088,867.7304787425819,25,3.2265268518207035,0.006874355697329558,0.0012219914081169339,0.06302518937132087,0.015838636484851114,0.0008357722766525078,0.0016876348665828581,0.20833333333333334,0.2916666666666667,301.12274589538475,3.2475929260253906,3.4871699047088622,137.73946627481243,0.7774563694946701,9.479122623370937,0.01078494723594763,0.019013192700828355,True,20,867.7304787425819,20.91796655599319,45.670025196977996,196.21877706071245,127.08902241558822,55.42864872972722,5,329.0234797785233,0.0,0.0,0.0,12.701542657213576,4.777342517765646,27.851493022986688,26.682758990491855,0.0,301.1835864214081,4,0,0.2,0.0,raw,0.011799608730187826,0.0015546412471168889,-1.1194591539833836,0.037744881032831835,0.0049730249759075045,0.10121855986048031,0.05318275542708707,1.0,1.0,1.0,0.4726822567972321,7.589923882484412,-0.8987814401395197,0.3173,0.045499999999999985,0.0027000000000000357
4288146,SNIa,r,60491.30859375,259.54426269531234,1.1348525391509623,1.0064251490533862,1.1148866237798702,1.1148866237798702,-0.01996591537109209,0.3403521362605863,0.05757741194814522,0.0026988961992299985,0.010632931840159395,0.68,13.96875030555384,13.96875030555384,13.96875030555384,13.96875030555384,801.6211116189588,25,2.37424132015418,0.009166295035709884,0.000818534521136421,0.04631459691173909,0.01617212162420041,0.001203506226057073,0.002331028768125292,0.2916666666666667,0.2916666666666667,259.54426269531234,3.284421920776367,3.297674717903137,88.1014783537352,0.8909052800383342,12.852762328795047,0.012654573392100212,0.019699031310915983,True,20,801.6211116189588,22.074214481530362,42.19058482205046,243.23437847990135,92.87890939302882,59.527210901525585,5,631.0429603290031,0.0,0.0,0.0,14.360935750989302,20.937500412823283,24.945296823956596,23.349987248830438,0.0,13.96875030555384,4,2,0.2,0.4,raw,0.02945128526497151,0.003912211677460824,-1.2053512474516495,0.037928529575707484,0.005038300874817342,0.5431975330427308,0.1627237096780713,0.8,1.0,1.0,0.39454802104928577,7.528039813041642,-0.4568024669572692,0.11730000000000007,0.045499999999999985,0.0027000000000000357
4831627,SNIa,r,59853.1796875,7.761506462097163,11.895536311511028,1.3863923622368435,11.15482313057689,11.15482313057689,-0.7407131809341383,2.2252060310792277,0.4638889386607121,0.16385491738839217,0.3762954584034105,0.8333333333333334,0.0,0.0,0.0,0.0,805.8007561036065,24,28.769109356845252,0.07350773922511046,0.024135288013896156,0.6726716098901865,0.1568434665457756,0.008709188556327189,0.01377890369795778,0.4782608695652174,0.30434782608695654,7.761506462097163,2.8205504417419434,3.0465184847513833,30.695509121281162,0.7244342241655162,1.8703613981697569,0.36340244713006775,0.5873152249102893,True,19,771.7265943078091,21.537119915108633,42.87369968376717,238.27347502897464,98.82109448633716,59.366350904035485,5,805.8007561036065,0.4,0.2,0.2,13.221871193610422,10.933615819041734,26.035153291755705,21.666400163056096,0.0,69.92187393557106,4,0,0.21052631578947367,0.0,raw,0.3194089697737994,0.06266812467224277,1.1740240942045765,0.32966095653813154,0.06467956719729252,0.12372958380357965,0.22417007566055625,1.0,1.0,1.0,0.5408445739897725,5.09683306217193,-0.8762704161964203,0.3173,0.045499999999999985,0.0027000000000000357
26385586,TDE,r,60589.05859375,410.4509033203124,1.0956474742936164,1.018130277630649,1.0723806510668024,1.0723806510668024,-0.02326682322681403,0.3332158171242421,0.00947756827183384,-0.0025994608071811393,0.006582373219263151,0.8695652173913043,13.85546865676588,13.85546865676588,13.85546865676588,13.85546865676588,805.8007953372071,23,1.2474007061021575,0.004418571212229095,0.0005101038854590979,0.03882630218192048,0.010145376576686072,0.0004295770756937807,0.0008664264802164347,0.45454545454545453,0.5,410.4509033203124,3.0811619758605957,3.1962301057317983,142.85506908823035,0.7292480091542622,12.984355096025775,0.007506773528662655,0.01168763791059863,True,18,805.8007953372071,26.035173880693037,47.400046784541594,238.27343291137367,100.91017521666512,59.41292696366754,5,406.03514357849053,0.0,0.0,0.0,12.507815293315797,5.816405989979103,28.886717541077815,26.908592751088143,0.0,13.85546865676588,3,1,0.16666666666666666,0.2,raw,0.026752971485550555,0.004825029130157932,-1.7863538279442153,0.02521578490468935,0.004547790019162388,0.13517368292118392,-0.06949434149059737,1.0,1.0,1.0,0.4654169685916201,5.544623827934253,-0.8648263170788161,0.3173,0.045499999999999985,0.0027000000000000357
54013347,SNII,r,60553.13671875,59.00502700805665,1.322018524363152,1.0462243444593962,1.2627994009082264,1.2627994009082264,-0.05921912345492547,0.3408226443526785,0.07458428520373706,0.008177218639165412,0.028956335326244052,0.8,42.910155807461706,20.937500249026925,42.910155807461706,20.937500249026925,793.7109160062973,20,2.9161724865895398,0.014933087174035046,0.0016619444145788192,0.1262876870638452,0.03222714809775657,0.0039175277672474414,0.013931895546844321,0.42105263157894735,0.42105263157894735,59.00502700805665,2.932337522506714,3.0577755749225615,25.41027838181853,0.7555709682560336,3.6912918805771278,0.04969640166601953,0.0718980738409199,True,16,793.7109160062973,35.94140512571903,52.914061067086486,253.3593608490337,126.38905651355742,65.03461821055829,4,666.9960596643941,0.0,0.0,0.0,13.001952956950845,15.025389101232577,21.000007500711945,19.233986026234927,0.0,89.80469183345849,3,0,0.1875,0.0,raw,0.057656686517459366,0.009813725667824728,-0.6454124710454554,0.05536266298499398,0.009423260676113277,0.572918669302265,0.3750363564731123,0.75,1.0,1.0,0.46621847143888895,5.875106811523428,-0.427081330697735,0.06730000000000003,0.045499999999999985,0.0027000000000000357
56927863,SNII,r,59783.26171875,21.75530929565428,2.275416025793196,1.2350810591041197,2.0218584744464874,2.0218584744464874,-0.2535575513467086,0.49049329526690694,0.2725920206136964,0.027852327106718394,0.13398108199374698,0.4,30.917968263165676,13.078124868465238,30.917968263165676,13.078124868465238,799.7578477844072,25,5.09024097732264,0.02873593536286258,0.009769556175813576,0.15660315079400056,0.049895583694173025,0.004900397028530975,0.01120625181317453,0.5416666666666666,0.4166666666666667,21.75530929565428,3.360196113586426,3.323322267532349,13.090353948619821,0.8948186293945571,1.8781358073949455,0.15445407224146615,0.20748717987114146,True,20,797.8125209606878,22.074178266302624,41.990132682141464,298.16796978286584,77.57264427205075,69.09314012893064,5,773.6875357228273,0.2,0.0,0.2,6.735161544069706,3.9257886393461376,21.00390955535113,14.54140821384499,0.0,26.070312061579898,3,1,0.15,0.2,raw,0.15564186481120015,0.026191076659751483,-0.4277439506530598,0.08972288930194447,0.015098373915605512,0.7586187744008176,-0.2918129974061022,0.8,1.0,1.0,0.2960981730207253,5.942553138732899,-0.2413812255991824,0.11730000000000007,0.045499999999999985,0.0027000000000000357
118689867,M-dwarf,r,60175.1171875,14.933866310119601,2.0177194389187627,1.3318996352185442,1.5889301470287278,1.5889301470287278,-0.42878929189003484,0.43756944355508115,0.3502519618732749,-0.08774308519583447,0.38205618311642464,0.1724137931034483,735.8788948339352,357.07030786834366,659.9648336323007,357.07030786834366,807.6601284698481,29,12.248612523537801,0.11520604150622839,0.026118492202849453,1.5737342035502824,0.309602388927022,0.03676056560155754,0.0706022218240993,0.5,0.5714285714285714,14.933866310119601,3.6724109649658203,3.606673450305544,6.461387523949557,0.9270874340274766,1.1620054491636598,0.2459116004324542,0.3367151269618563,True,23,807.6601284698481,18.478513445450517,36.71182402135673,253.38671972735028,37.81057222902455,66.39218669579952,6,692.9492206016293,0.0,0.0,0.0,19.611326148093212,8.933592892903107,75.91406120163447,46.46289039852854,0.0,8.902343843634299,6,1,0.2608695652173913,0.16666666666666666,raw,0.1883210915272023,0.030439710246620923,-0.06502679143667685,0.11691978218336892,0.018898596343605495,0.657976911233529,-0.09285997068896247,0.8333333333333334,1.0,1.0,0.23564477972708164,6.186691331863371,-0.34202308876647103,0.1506333333333334,0.045499999999999985,0.0027000000000000357
25842167,SNIa,r,60553.13671875,78.48918437957764,1.7929571470880827,1.080190007062415,1.676877276489752,1.676877276489752,-0.11607987059833084,0.40935215601067887,0.05603281820736162,-0.003500125680611772,0.04497933596161909,0.7307692307692307,29.89843752561137,22.074218389454472,29.89843752561137,22.074218389454472,798.6835975491776,26,3.864764252409195,0.013541075037923398,0.003233990627864427,0.08015005612395834,0.025018444240762352,0.0012523047623260797,0.001980793859156392,0.32,0.32,78.48918437957764,3.135727047920227,3.3669168674028835,41.973273733637946,0.6473854421454013,4.042615344594237,0.039951071892347534,0.06905007935724429,True,20,798.6835975491776,24.92186521981057,42.03597881837777,254.32422219646105,73.53670865429733,59.73590965603283,6,416.8593765281694,0.0,0.0,0.0,5.255857068732439,4.466796364307811,10.933594351059583,9.37890674360824,0.0,22.074218389454472,4,2,0.2,0.3333333333333333,raw,0.1554691055766696,0.03172538154019785,-0.4743432075548782,0.08665324957486271,0.01768266045053423,0.5384250431583829,0.20764574919923962,1.0,1.0,1.0,0.2766197029524355,4.900464487075797,-0.4615749568416171,0.3173,0.045499999999999985,0.0027000000000000357
31730775,TDE,r,60085.390625,138.8122100830078,1.7951270611843406,1.0210461922965806,1.768235644451802,1.768235644451802,-0.026891416732538604,0.4109876762025645,0.08960503217450523,-0.0044721355861041595,0.019298056149506342,0.7692307692307693,36.894532630205504,36.894532630205504,36.894532630205504,36.894532630205504,799.7773514591827,26,3.9250217381196677,0.00689813880074671,0.0022374331136122386,0.03428936458148442,0.01069119462266878,0.0006423689600322055,0.001257763610975705,0.4,0.32,138.8122100830078,3.2539809942245483,3.384292648388789,75.43150933873224,1.1483376935823584,7.4276078369876775,0.023441604973213178,0.03944527329407069,True,20,799.7773514591827,22.07420436914981,42.093544813641195,294.2421808343279,93.47657153725734,69.16956696926066,6,723.9218773177126,0.0,0.0,0.0,11.93945361537044,11.939450752597622,24.92578283851617,18.95117500473134,0.0,57.88672086640872,3,0,0.15,0.0,raw,0.05190087413267745,0.00648174042502909,-1.8729519689804708,0.023673966067183364,0.0029565687561669838,0.5711835463826489,0.010631558367106409,0.8333333333333334,1.0,1.0,0.2240224670519077,8.007243537902788,-0.4288164536173511,0.1506333333333334,0.045499999999999985,0.0027000000000000357
85439795,M-dwarf,r,60575.2109375,80.85528430938712,3.259941915700171,1.1046979661016734,3.1181110217747148,3.1181110217747148,-0.14183089392545595,0.654588867976696,0.1048151515690004,-0.0062654659263372894,0.16885480901921116,0.8333333333333334,111.80077727716707,0.0,111.80077727716707,0.0,799.7969064776335,24,11.24962954798583,0.0554997088743747,0.006916207870793913,0.530587887051871,0.1287554516526835,0.014097359402535205,0.03319453309271224,0.5217391304347826,0.4782608695652174,80.85528430938712,4.4111950397491455,4.579696794350942,57.15361730823976,1.0163131373470722,3.327108505816914,0.054556669702254895,0.08362796346366537,True,19,799.7969064776335,22.51758837988018,44.433161470979634,294.2421842808544,92.60860848111194,69.85068091131856,5,705.9531400404958,0.0,0.0,0.0,8.544525993191929,3.9531176521923044,20.972638356906828,17.774217696546113,0.0,72.91796993960452,5,0,0.2631578947368421,0.0,raw,0.3691670334222181,0.044206752558601875,0.5269051462818126,0.2394926462976256,0.02867859585494264,0.6065494011581741,-0.623764780232147,0.8,1.0,1.0,0.5120794213241344,8.35091953277587,-0.39345059884182587,0.11730000000000007,0.045499999999999985,0.0027000000000000357
95373927,SNII,r,60085.390625,11.85798683166504,2.3553044923498634,1.476276331791014,1.7277271440332267,1.7277271440332267,-0.6275773483166367,0.5393324286181544,0.6032044200352447,-0.01155364789114853,0.39322077861946325,0.12,786.7148392353993,378.01953356791637,667.0703103040214,378.01953356791637,799.7968744340615,25,11.3194485762603,0.05769505086477753,0.021005526316551983,0.376394484581226,0.09926689778969014,0.010264728070182612,0.0264117020104229,0.5,0.4583333333333333,11.85798683166504,3.2820088863372803,3.4161856746673585,6.242324878504561,0.9859775899488245,1.4970411280978986,0.2767762296356368,0.44396422087938797,True,20,799.7968744340615,20.94140058510675,42.09457233863481,297.21875241168163,73.53593753270972,68.9537508448316,5,681.9921870573598,0.0,0.0,0.0,8.540617952086905,4.86717650826904,20.99609204049193,16.971084866650926,0.0,33.95703051138844,2,1,0.1,0.2,raw,0.34618756501135234,0.0687038993033191,0.3051989837075479,0.19876503475408108,0.039446630419314156,1.0068532790873344,-0.15547265338787147,0.6,1.0,1.0,0.2554871886605549,5.0388343095779415,0.006853279087334352,-0.0827,0.045499999999999985,0.0027000000000000357
130375489,SNIa,r,59783.2578125,24.9199914932251,1.210252002401025,1.074384491181858,1.1176079451966197,1.1176079451966197,-0.09264405720440534,0.3438784846640935,0.3207510795332887,0.05130248630862663,0.12765491188361755,0.2,684.1171916067833,30.92968808351725,684.1171916067833,30.92968808351725,799.7930034103047,20,3.4529147829328206,0.02775288204064618,0.00946319686317366,0.23164349789735017,0.0585157105332559,0.008127687634074877,0.02590797135234196,0.42105263157894735,0.3157894736842105,24.9199914932251,2.9865719079971313,3.1879347562789917,9.32533397655172,0.7427531129605023,2.2280071084359827,0.11984642566226714,0.1878997860929209,True,16,799.7930034103047,27.93746004565037,53.31953356068698,298.210947659245,130.5601577594352,76.13606251161394,4,735.8476666583083,0.0,0.0,0.0,7.946285132016783,7.935529756068718,12.97656199951598,12.655465338616342,0.0,13.08203124578722,3,1,0.1875,0.25,raw,0.20747307963665632,0.03384660529578249,-0.20082115169403814,0.11858863765200932,0.019346234307609747,0.9872769788884093,0.017545993410791397,0.5,1.0,1.0,0.19856114805390246,6.129804682731619,-0.012723021111590738,-0.18269999999999997,0.045499999999999985,0.0027000000000000357
22540174,TDE,r,60463.4140625,81.69973087310787,1.2435301593258858,1.065980131443368,1.170286674159825,1.170286674159825,-0.07324348516606079,0.32379026901875824,0.08878366864444046,-0.005680471584631518,0.03302749538673987,0.45454545454545453,41.86718626500806,3.9609375728687155,41.86718626500806,3.9609375728687155,864.804719890788,22,2.7494885001804708,0.00784631666046102,0.0019323579667555437,0.03468594236527459,0.012098651616434983,0.0007578512512671009,0.001594676728078256,0.14285714285714285,0.3333333333333333,81.69973087310787,2.8994590044021606,3.02869313955307,32.97584348600109,1.7548422702860924,5.019332756799153,0.03548921120567046,0.059733386363792114,True,17,864.804719890788,42.39258391099065,54.05029499317425,190.2734388136887,127.12304722498448,53.43017854961224,5,113.710933941853,0.0,0.0,0.0,12.955468132486567,3.9609375728687155,29.898435571289156,28.328123865032104,0.0,3.9609375728687155,2,2,0.11764705882352941,0.4,raw,0.14566738255762463,0.020902859546272214,-0.47892850890771593,0.08572610707909316,0.012301455166286864,0.8418471823589777,0.17601821851695953,0.6,1.0,1.0,0.30827362918770174,6.968777751922595,-0.1581528176410223,-0.0827,0.045499999999999985,0.0027000000000000357
100826219,TDE,r,59926.1015625,343.1399749755858,1.0540758406828985,1.0123875546013466,1.0393957558222535,1.0393957558222535,-0.014680084860644971,0.32328926917262646,0.013347773825824453,-0.003221784317916917,0.008354951418451299,0.875,27.89843773056782,27.89843773056782,27.89843773056782,27.89843773056782,804.6445312582,24,2.2514597702069232,0.002463174385674454,0.0006984245591225862,0.013329885882317389,0.004168732218416443,0.0005185494787253714,0.0012868506321587305,0.43478260869565216,0.34782608695652173,343.1399749755858,2.9195690155029297,3.1934250543514886,122.16126138780096,0.8295798504399118,11.244218713014,0.008508390827127196,0.01627736133335412,True,19,800.707058298758,20.42578333302663,44.48372546104211,240.0937560027087,104.59882198992428,65.0714194942787,5,466.71093288260454,0.2,0.0,0.2,13.285947782020958,4.789073637490219,46.83594328277104,31.239083142703752,0.0,196.23828134741052,3,0,0.15789473684210525,0.0,raw,0.04066995567101909,0.0056674414392400806,-2.3987111019792353,0.017310089693581474,0.002412196375130891,0.23102963323858003,-0.3215075492176736,1.0,1.0,1.0,0.5002090667639456,7.17606985569,-0.7689703667614199,0.3173,0.045499999999999985,0.0027000000000000357
105385367,KN,r,59814.18359375,3.8146960139274597,2.275896996778702,1.620463484839581,1.274295043128061,1.001601953650641,-1.274295043128061,0.5619503800647596,0.8140502085164747,-0.3273207011521051,0.5194081080370451,0.038461538461538464,865.75390055545,865.75390055545,651.1914424878851,651.1914424878851,865.75390055545,26,11.23270639080991,0.06257920467227,0.022140223911418202,0.5173340459602774,0.13153677998739832,0.009496830180369696,0.01794492878956763,0.16,0.32,3.8146960139274597,2.76236891746521,3.035274693599114,1.7597389656587592,0.7394548092095103,0.735885945541432,0.7241386751080028,1.3600590400193726,True,20,799.6796896860251,22.96093773292523,42.08840472031711,199.23050588674232,121.1593687291242,57.17726844271197,6,723.0117159766669,0.16666666666666666,0.0,0.16666666666666666,27.30923296070493,24.472652311265847,66.07421086942486,55.49023393423704,0.0,111.92968473811925,5,0,0.25,0.0,raw,0.3836655889796969,0.07967008447728066,0.8815443824500863,0.277556416299198,0.057635982399606274,0.4880405819492204,0.01774950486704315,1.0,1.0,1.0,0.2639232015283538,4.8156794548034645,-0.5119594180507796,0.3173,0.045499999999999985,0.0027000000000000357
15406344,SNII,r,60649.125,4.657165718078613,32.50376346999121,1.276904773796379,31.845843551128254,31.845843551128254,-0.6579199188629578,6.449384728369139,0.5242586482711752,0.29573459203215346,0.2731690903471576,0.9565217391304348,0.0,0.0,0.0,0.0,865.7538706127089,23,41.06129803837997,0.07829947046327648,0.024282585653608253,0.47916764822492725,0.14004141029242534,0.005590981903104053,0.007648179612994444,0.45454545454545453,0.5,4.657165718078613,3.3471460342407227,3.380760177322056,44.30979985109995,0.4871194391460821,2.711628648033984,0.7187088106501052,1.1583995291223994,True,18,852.8085730260063,27.914062478230335,50.16521017800037,254.24607635261782,116.94217956624057,66.74778566786186,5,769.7968432564885,0.2,0.2,0.0,10.555467206636967,11.945311126233719,20.953131667440175,17.749998035145108,0.0,95.95702735622035,1,0,0.05555555555555555,0.0,raw,0.09734735952609003,0.019355552200921607,-0.38341415098124304,0.07629155891026367,0.015169032402789866,0.37359633121661673,0.12202302442698824,1.0,1.0,1.0,0.330643208218852,5.0294281721115075,-0.6264036687833833,0.3173,0.045499999999999985,0.0027000000000000357
61099873,TDE,r,60583.05078125,8.929213523864746,3.0809582739815475,1.6485696455575636,2.269957606350727,2.269957606350727,-0.8110006676308206,0.6839588308408461,0.4565121119829746,-0.1986132402160471,0.4575526324477971,0.14285714285714285,799.7929629278951,0.0,773.7343940348364,0.0,799.7929629278951,21,9.103515519239165,0.06962396851822109,0.012345680650333767,0.6412409122349343,0.15605382574237778,0.007542669155129302,0.013462955703359992,0.25,0.5,8.929213523864746,3.197706937789917,3.099223114195324,6.338584664433121,0.9249593059069625,1.283538984845748,0.3581174231351435,0.41957793471059734,True,16,799.7929629278951,27.933594250403985,53.319530861859675,254.3281340635076,146.88203912691097,69.44532854981796,5,341.941407755221,0.0,0.0,0.0,17.526568981615128,13.054693314916221,40.804726318019675,31.621904503408587,0.0,431.79298627961543,3,0,0.1875,0.0,raw,0.3106520168317989,0.04555896886969637,0.2894309287257585,0.17509504250884325,0.02567873105172127,0.5260844492624926,0.49426234069038955,0.8,1.0,1.0,0.5245629217697271,6.818679714202874,-0.47391555073750735,0.11730000000000007,0.045499999999999985,0.0027000000000000357
106619084,SNIa,r,60491.30859375,87.23223571777336,1.3582371165695613,1.0128862763297888,1.3437261046368223,1.3437261046368223,-0.014511011932738937,0.36285071223163734,0.14962646131346288,0.016220614913001606,0.03121461671128157,0.47368421052631576,38.88671874481952,23.9374992088633,38.88671874481952,23.9374992088633,798.7265877452883,19,3.005866552262785,0.015000717029700563,0.0023897067532390646,0.11475744644663066,0.03253200503993577,0.0012555231902092016,0.002243009449592249,0.2777777777777778,0.16666666666666666,87.23223571777336,3.2820889949798584,3.32528092986659,35.71391040251912,2.049940898474929,5.145964244232617,0.037624726317901085,0.04546333607729695,True,15,798.7265877452883,28.39453235381734,57.05189912466345,254.3281236803159,136.99724643375964,68.77663782620505,4,50.8359359923561,0.0,0.0,0.0,27.19433623454279,28.453125435662514,40.87890646343294,37.30703162756763,0.0,10.992187603413186,3,3,0.2,0.75,raw,0.1598885129045771,0.019918127042827662,0.07153136249829425,0.11949069418884245,0.014885564847985403,0.42702000249872224,-0.31513411359567234,1.0,1.0,1.0,0.4714168768688505,8.027286529541014,-0.5729799975012777,0.3173,0.045499999999999985,0.0027000000000000357
38941537,SNIa-91bg,r,59880.0546875,5.93681468963623,2.6693088194704835,1.7931821691744783,1.6672205978749541,1.6672205978749541,-1.0020882215955296,0.6105640384305198,0.6482001931696539,0.003913209237696311,0.47746411482166085,0.13043478260869565,769.7421894239596,622.214857871877,667.1132892154856,46.04297010638402,805.6562810199466,23,13.847202467618159,0.06839497819128816,0.0203043137191248,0.2763071299720084,0.1130173196713529,0.008750958761051794,0.015056352976078529,0.5,0.45454545454545453,5.93681468963623,3.125063896179199,3.162767161493716,3.1672887547770476,0.6090152973369041,0.9707831753076128,0.5263873069231142,0.8508569538007236,True,18,792.7578446057305,27.90621841333632,46.632814388572385,254.31251769467053,104.91172158309789,66.95835029003764,5,797.6992488306496,0.2,0.2,0.0,12.937501327757492,7.957032189297024,36.90625497038127,27.30312754791521,0.0,96.66015369777597,4,0,0.2222222222222222,0.0,raw,0.678127092877055,0.1402542325255107,0.9723787595025255,0.3990496050415152,0.08253378560241803,0.3369863284462121,-1.0332470722348346,0.4,1.0,1.0,0.6799454989882754,4.83498487472534,-0.6630136715537879,-0.28269999999999995,0.045499999999999985,0.0027000000000000357
60299807,TDE,r,60463.40625,24.0827241897583,1.5219069652904114,1.1282760848158697,1.2157647373554497,1.2157647373554497,-0.3061422279349617,0.3799793901784456,0.14931927503559184,-0.04660652122584641,0.08735988999150789,0.391304347826087,355.98435808812064,27.921874080551788,56.83984206277819,27.921874080551788,804.7265746271805,23,3.9776938146457566,0.017798332614556194,0.005922862721538104,0.12417654969417329,0.03334346401354308,0.0020761625755482205,0.004424842581740788,0.36363636363636365,0.2727272727272727,24.0827241897583,3.1494929790496826,3.3974250399548076,9.296393751034733,0.6598637508469658,1.4011237863103265,0.13077810276916566,0.21049119617013504,True,18,804.7265746271805,25.04299817133142,47.33685733101062,254.2968769189829,115.89999766559633,63.231528215402676,5,756.8437615832518,0.0,0.0,0.0,6.353897945411154,2.957030354256858,11.96875032310345,11.965625622494553,0.0,56.83984206277819,3,0,0.16666666666666666,0.0,raw,0.06516187092771021,0.01179569758949787,-0.8748872571173063,0.0467213022245377,0.008457558756094894,0.4546818992156589,-0.009597014213686217,1.0,1.0,1.0,0.30253288961392044,5.52420663833618,-0.5453181007843411,0.3173,0.045499999999999985,0.0027000000000000357
105699563,SNIa,r,60553.13671875,123.87120094299311,1.2398196234482846,1.0355005852856645,1.1923240387705114,1.1923240387705114,-0.04749558467777321,0.3255285321770689,0.07466368376138602,-0.004915496921431806,0.028621597406493293,0.7272727272727273,38.87109438035259,2.957031333586201,38.87109438035259,2.957031333586201,805.6562623475911,22,2.8214463736384894,0.01136695630437891,0.002440566565244789,0.053871844009532,0.018992558367701935,0.0013211819186742053,0.0020667097928464017,0.42857142857142855,0.42857142857142855,123.87120094299311,2.692605495452881,3.131590339270505,54.85193090674493,1.3749297732840746,6.4853091800668805,0.02173713885838604,0.04047155638148736,True,17,805.6562623475911,22.42576852666025,50.353516396724444,254.28906589353574,143.59178340805738,75.91920487763687,5,495.6601433224714,0.0,0.0,0.0,14.961716109651025,13.015610449270753,33.933574929629685,27.54764575957961,0.0,27.933594032889232,3,2,0.17647058823529413,0.4,raw,0.08486741658192763,0.010778092147613933,-0.6899334830628246,0.061220882014253374,0.007775001694211297,0.4563581126618356,-0.4895553729908647,0.8,1.0,1.0,0.43162256748988725,7.8740667104721025,-0.5436418873381643,0.11730000000000007,0.045499999999999985,0.0027000000000000357
7779381,SNIbc,r,59845.09765625,18.6764941215515,3.38015735363094,1.30482750381969,2.915769516455849,2.915769516455849,-0.4643878371750912,0.6573967862100587,0.2844164664344859,0.031008977940277828,0.1984640450267937,0.4782608695652174,25.976563533433364,0.0,25.976563533433364,0.0,849.8476497196098,23,9.791955966487944,0.0235403651939166,0.011322616744968945,0.09030047336607529,0.03614652681998257,0.001959959789657537,0.0031138644335149033,0.5454545454545454,0.5,18.6764941215515,2.7579710483551025,2.9029952494994453,19.7450775512547,1.0613263981639987,2.529279856678585,0.14767070470536423,0.2212792973205531,True,18,849.8476497196098,25.976563533433364,49.991038218800576,228.1874667686643,127.0023167667096,62.43293325385318,5,359.95699015173886,0.0,0.0,0.0,15.357013530627592,4.980491059308406,32.93358093831921,32.92575423734961,0.0,384.00001347642683,3,0,0.16666666666666666,0.0,raw,0.10922479664598879,0.025172277113595386,-0.2354834520386757,0.09378636282295809,0.02161428894308132,0.13341432261880717,-0.29990435713909563,1.0,1.0,1.0,0.5541842463775748,4.339090824127197,-0.8665856773811929,0.3173,0.045499999999999985,0.0027000000000000357
14569980,SNIa-91bg,r,60224.1171875,287.38932800292963,1.334252293827867,1.0120954655923962,1.3046317984902798,1.3046317984902798,-0.029620495337587233,0.3322216061273591,0.01793962690626466,0.0008150981032226241,0.013170128118079475,0.8666666666666667,4.980468884743459,4.980468884743459,4.980468884743459,4.980468884743459,849.8476455234777,30,2.9747590557875845,0.008846954933135802,0.0011398559242325826,0.09642409964567186,0.02184357607274932,0.0011929544383665804,0.002672603061527164,0.5172413793103449,0.5862068965517241,287.38932800292963,3.115478515625,3.248152248064677,120.34660293080479,0.9895085936400299,8.860258249401108,0.010840620065033316,0.016102011079147053,True,24,836.8242073051806,13.058594419344445,36.383661187181765,239.3437645596132,62.60781374132786,55.81434279663054,6,810.8007796474703,0.3333333333333333,0.3333333333333333,0.0,13.153650769248392,7.000020417035557,46.03517887087946,29.529308544588275,0.0,298.0195234931307,4,0,0.16666666666666666,0.0,raw,0.01692275850241596,0.003041202362212313,-1.3213771709036972,0.03438660304067744,0.006179643725391199,0.27350055003532053,0.009166529917564939,1.0,1.0,1.0,0.3277475722458528,5.564496040344238,-0.7264994499646795,0.3173,0.045499999999999985,0.0027000000000000357
26677569,SNII,r,59926.109375,8.233180427551268,17.05354454082706,1.61999701753089,16.038292734972593,16.038292734972593,-1.0152518058544662,3.16332367080619,0.6810875741334352,0.1941397366239307,0.4685843046303022,0.88,0.0,0.0,0.0,0.0,849.8476640181761,25,40.78924430049898,0.0540727377682426,0.021959299613911406,0.28094359381447,0.08542725370850072,0.00682806742668215,0.016354902091434646,0.25,0.25,8.233180427551268,3.202054977416992,3.243826570510864,41.237942124101814,0.972611181683632,2.860876492244815,0.3889207828728897,0.5037583883102038,True,20,849.8476640181761,27.941419711511116,44.72882442200927,195.2734495297409,86.57732807182464,53.900266525018104,5,379.9257893194299,0.0,0.0,0.0,7.797651419960312,4.980463331827195,21.00000162536162,15.798437253633166,0.0,196.26952712343336,1,0,0.05,0.0,raw,0.2055478915925937,0.03164317619060444,0.1881997354638381,0.14148850997616816,0.021781521646526598,0.42171054635400274,0.29292970768450066,1.0,1.0,1.0,0.3907014352304419,6.495804667472839,-0.5782894536459973,0.3173,0.045499999999999985,0.0027000000000000357
76485976,SNIax,r,60633.1328125,6.20702905654907,23.258704634250105,1.7090690376924225,22.228163338033166,22.228163338033166,-1.0305412962169394,4.387202367878998,0.9236781489776739,-0.1550930372006375,0.5500241018119018,0.96,0.0,0.0,0.0,0.0,849.8476349926204,25,35.85850366546013,0.09014466246986513,0.03476352063536144,0.5657670923814881,0.16526352755339868,0.011524396898436174,0.022481783905127423,0.4166666666666667,0.4583333333333333,6.20702905654907,3.117492914199829,3.1714705276489257,44.2569909572044,0.9958250571203723,1.778093536594423,0.5022520252117308,0.6750799645333764,True,20,849.8476349926204,25.976560835086275,44.72882289434845,234.31639816917595,86.53360736131717,60.757635359465716,5,462.7343899121479,0.0,0.0,0.0,4.7648430944944264,2.9960901896411087,10.921874614323315,8.12968769759027,0.0,48.01953072089236,3,1,0.15,0.2,raw,0.24411021235650915,0.047360219533073476,0.4050758884336115,0.17768783052983683,0.03447350514757862,0.4817472397085386,0.03626394651426679,1.0,1.0,1.0,0.3176505701541882,5.154330253601074,-0.5182527602914614,0.3173,0.045499999999999985,0.0027000000000000357
84724459,SNIbc,r,59809.3671875,23.199684906005853,1.2468250846455005,1.1052541599592032,1.1091735638809825,1.1091735638809825,-0.13765152076451784,0.3185720845149345,0.18934821252779388,0.00017409718299309806,0.09431510844637879,0.3103448275862069,35.73046909871482,7.820312335599738,35.73046909871482,7.820312335599738,849.8476436147903,29,4.934048006362779,0.0203531189683318,0.00765466093875493,0.09771798398835817,0.03220996074387421,0.0049678760534222375,0.009691082533431995,0.39285714285714285,0.4642857142857143,23.199684906005853,2.7686290740966797,3.132475162374562,9.294302884002649,0.5414917920904744,1.4901558981003853,0.11933908091053197,0.18653399084479955,True,23,849.8476436147903,27.44530238891457,38.62943834612683,239.32811320172186,48.83516072256753,55.72950115114691,6,725.8906504601255,0.0,0.0,0.0,9.770839108069291,9.957037181142368,17.945331121518393,14.896494510270713,0.0,58.84765443553624,6,0,0.2608695652173913,0.0,raw,0.10655006566983631,0.016900248091778477,-0.576733303969007,0.06795050514186159,0.010777847837443703,0.4193627701332862,-0.427385565157313,0.8333333333333334,1.0,1.0,0.4481908976716338,6.30464506149292,-0.5806372298667137,0.1506333333333334,0.045499999999999985,0.0027000000000000357
78480403,SNIa,r,60295.07421875,6.617313265800473,8.865780279378978,1.5163494439123788,8.198706082882621,8.198706082882621,-0.667074196496357,1.67869535039175,0.6887454580969823,-0.08873344135341846,0.49219740110749116,0.5833333333333334,0.0,0.0,0.0,0.0,810.8007951508916,24,27.14154967438824,0.08194825293120488,0.03487403934409303,0.6491285788879133,0.15438623628985884,0.008569006296045645,0.01598441484454819,0.6086956521739131,0.6086956521739131,6.617313265800473,3.063190460205078,3.041939750313759,17.71140489939564,0.7069376220683092,1.369161211071949,0.46290546286152506,0.6393379598471607,True,19,810.8007951508916,26.945322997664334,45.04448861949398,199.23437925535836,105.72187456857802,57.73476908320255,5,731.9531206885295,0.0,0.0,0.0,10.76484613228531,7.929691473575076,20.914061263712938,19.726566623014513,0.0,151.80469095379522,1,0,0.05263157894736842,0.0,raw,0.2800918737205931,0.06463188138517502,0.32116420855817074,0.1716874379115707,0.039617294050789155,0.6078184961905455,0.2851655721323244,0.8,1.0,1.0,0.3109955540772031,4.33364877700805,-0.3921815038094545,0.11730000000000007,0.045499999999999985,0.0027000000000000357
92798777,AGN,r,60119.390625,140.37503395080566,2.157460833109735,1.4659858765497846,1.5532915225946782,1.5532915225946782,-0.6041693105150567,0.5268355220984755,0.6319215728922273,-0.009320197394658733,0.399735382530818,0.18181818181818182,797.8398504101206,175.68358921952313,660.2031217674958,175.68358921952313,810.8046691246564,22,9.186099783436937,0.02480491643154388,0.014891678890892716,0.13217552235433075,0.03871742884598192,0.002474517188135425,0.003715404082184752,0.19047619047619047,0.38095238095238093,140.37503395080566,4.017747521400452,3.929207270795649,54.27004784604384,15.050777029028154,17.00636440342825,0.02862152484186375,0.03553029930896942,True,17,809.7773408927023,19.939445125986822,50.611083805793896,288.2187544579938,154.5507845155371,83.76513557735277,5,511.78905245807255,0.2,0.2,0.0,51.36327487758827,52.957035206098226,119.88280984682206,93.94374653888227,0.0,108.7578145787993,3,0,0.17647058823529413,0.0,raw,0.5467183499109023,0.006803350199174094,0.7289043399149334,0.2939270051382805,0.0036576206913048583,0.8796388809397256,0.8429971387206031,0.4,1.0,1.0,0.44672004085182593,80.36016578674315,-0.12036111906027436,-0.28269999999999995,0.045499999999999985,0.0027000000000000357
107165985,SNIa,r,60553.18359375,9.50836429595947,5.821443903481347,1.760581492771299,4.897094479927701,4.897094479927701,-0.9243494235536457,1.0229493958148843,0.709235751194259,-0.13177902762366087,0.37859224146814247,0.27586206896551724,30.894531445228495,0.0,30.894531445228495,0.0,849.8476344863448,29,20.65859043139031,0.11364296080874954,0.028457070610076074,0.7261640333563647,0.21182093952308104,0.03380290635258069,0.09215781336697514,0.35714285714285715,0.39285714285714285,9.50836429595947,3.2107961177825928,3.237618298366152,14.502122401668368,0.9692011470412472,1.701448291309608,0.3376812265330435,0.4419678614440135,True,23,849.8476344863448,18.417979563873814,38.62943793119749,207.25390658360266,75.90818391752984,55.484729707562934,6,747.8867064307706,0.0,0.0,0.0,18.471359518021927,19.445312653329893,38.917972817747795,30.443367711613973,0.0,17.949218470428605,6,2,0.2608695652173913,0.3333333333333333,raw,1.4833505728953182,0.24742314451447822,1.8948706885270141,0.8132417903703985,0.135648878087721,1.1217600407649517,-0.933759513789048,0.6666666666666666,0.6666666666666666,1.0,0.3964746399401414,5.995197319984422,0.12176004076495173,-0.016033333333333344,-0.2878333333333334,0.0027000000000000357
4532322,SNIa,r,60295.078125,8.805786609649656,25.97440103258378,1.6555092948406065,24.964449969954636,24.964449969954636,-1.0099510626291457,5.108732306238196,0.6463673006003714,-0.04966705788154681,0.4582066663567804,0.9565217391304348,0.0,0.0,0.0,0.0,804.746089670698,23,59.898075348249556,0.10215777821026228,0.03913106936620826,0.5109135979280318,0.1644802945308397,0.015949195601784167,0.027993172878526144,0.5,0.5454545454545454,8.805786609649656,3.0251901149749756,3.1622122163357944,72.66704270072421,0.9458149466659739,3.3978943461009896,0.34354569887713127,0.46255691955081363,True,18,804.746089670698,26.97266693077836,47.33800527474694,201.25000155661837,118.66562480792932,58.24605255444543,5,680.1250077071381,0.0,0.0,0.0,6.774220151080226,3.003905309487891,20.890612867151503,14.51717903087265,0.0,125.88281398150139,1,0,0.05555555555555555,0.0,raw,0.14912973442582686,0.01908999429558074,-0.4910541368109316,0.08751376586713343,0.011202576720334038,0.8654453403762248,-0.5687700045111995,0.6,1.0,1.0,0.3344581328151195,7.811931848526001,-0.13455465962377522,-0.0827,0.045499999999999985,0.0027000000000000357
30398950,SNIbc,r,60228.1484375,104.08164291381857,3.777309074795034,1.0239841092017263,3.7226351011363636,3.7226351011363636,-0.05467397365867026,0.819427176085728,0.05592959683813043,0.0094192401047644,0.03485980515601339,0.9,66.92968934591772,0.0,66.92968934591772,0.0,796.8163978778539,20,7.772734513024822,0.009651470167381736,0.0024650917794678587,0.06902998082653525,0.019617660418718694,0.0007468391710198333,0.0012987971196917485,0.21052631578947367,0.3157894736842105,104.08164291381857,3.1881059408187866,3.1159708142280578,121.53234067102953,0.804055351045208,6.72205316765559,0.030630818764636473,0.03872909727882301,True,16,796.8163978778539,22.96094389496284,53.12109319185693,251.14845240653813,161.85078215653482,72.97567612119363,4,371.0000101818878,0.0,0.0,0.0,35.630860043769644,42.85937018471668,52.804682670473994,50.11757356045346,0.0,52.97656289285078,1,0,0.0625,0.0,raw,0.8509232622201474,0.11468063814654468,2.444467192236136,0.5902594175175913,0.07955044794087707,1.1487583731392315,-2.2360959340407973,0.25,0.25,0.75,0.745549268627742,7.419938325881958,0.14875837313923146,-0.4327,-0.7045,-0.24729999999999996
115190109,AGN,r,60295.078125,52.859832572937016,1.1764199099986226,1.0593542330152133,1.0575282886659987,1.0575282886659987,-0.11889162133262396,0.3423206830807577,0.4438453070914815,0.2773983966580317,0.305101993292553,0.1,768.8593875689185,480.8945358528508,768.8593875689185,480.8945358528508,768.8593875689185,20,5.003519973256331,0.019229980950285355,0.01536760629200108,0.09062005510487546,0.02971043699641077,0.002249416014354991,0.003607916804005839,0.21052631578947367,0.2631578947368421,52.859832572937016,3.4241985082626343,3.406105613708496,16.32521249721359,5.500426074443832,6.028118291861244,0.06477883757081257,0.07757482940099836,True,16,738.9843784287805,22.960958409457817,49.265625228585364,201.249998876905,147.87734065802795,62.343522136246314,4,710.0000187349069,0.25,0.25,0.0,16.41796711867937,16.888667099796294,29.87500914013799,26.272661929108292,0.0,128.86327732386417,1,0,0.0625,0.0,raw,0.28333411592253865,0.01706851890400357,-0.21391591689620415,0.13967660439392754,0.008414351214932999,1.03350665464189,-0.8331554486887304,0.75,0.75,1.0,0.5155478234802353,16.599806785583496,0.033506654641890066,0.06730000000000003,-0.20450000000000002,0.0027000000000000357
33037345,SNIa,r,60494.30859375,24.98157653808593,1.3128958147624175,1.1784030499068956,1.1129090737400111,1.1129090737400111,-0.19998674102240635,0.3592347824007652,0.3565901041132853,-0.056815188542875185,0.09139703759663613,0.28,94.74608944180363,7.992187250114512,94.74608944180363,7.992187250114512,810.8281625616728,25,4.16161766819043,0.02630545422705481,0.00742732630501982,0.20609028112898484,0.05216354917378845,0.007748497455735982,0.025065529897526827,0.2916666666666667,0.4166666666666667,24.98157653808593,2.944403886795044,3.0690584850311278,9.442394547247003,0.8969771891087336,1.9897614616251205,0.1178630132612376,0.16155263284234248,True,20,810.8281625616728,17.859395159000997,42.675166450614356,275.16794558717083,93.38983543860513,69.95713619320776,5,469.68358000260196,0.0,0.0,0.0,11.214840503042797,4.941424189244572,24.015602661689627,22.823418760619823,0.0,2.0234375144718797,2,1,0.1,0.2,raw,0.1505071686640948,0.02256187732810685,-0.36494911379609357,0.09131679651664322,0.013688905181668614,0.9064345997499911,0.1728301416296234,0.6,1.0,1.0,0.24745272060219026,6.6708619356155205,-0.09356540025000892,-0.0827,0.045499999999999985,0.0027000000000000357
43128900,TDE,r,59784.30859375,21.423055839538566,2.025776165248488,1.1582675194563432,1.8551624139675433,1.8551624139675433,-0.1706137512809443,0.462501186942671,0.30573775620735766,0.00469370495101983,0.11417569137418544,0.391304347826087,64.8632820531493,29.875000034095137,64.8632820531493,29.875000034095137,809.7968568697979,23,4.393247632608203,0.022592633603500417,0.009377863680641595,0.07603314864613099,0.03452204326223896,0.0044171791551536185,0.009316453996063736,0.2727272727272727,0.2727272727272727,21.423055839538566,3.266638994216919,3.164085787275563,12.166403467355634,0.9552015845006284,2.0121795073933297,0.1524824011422303,0.19074017549965563,True,18,804.7460917841818,25.04687607051892,47.338005399069516,199.23435828532092,152.83203324401404,62.87726297787067,5,744.9335748166486,0.2,0.0,0.2,15.19686623562884,4.9297065339487744,58.95311313979619,37.39217391812417,0.0,64.8632820531493,4,0,0.2222222222222222,0.0,raw,0.0891545610299785,0.010948755950829484,-0.6644316889404911,0.06124592044848818,0.00752139462330967,0.44078939431759856,-0.036397429755620644,1.0,1.0,1.0,0.27950275456001944,8.142894172668457,-0.5592106056824014,0.3173,0.045499999999999985,0.0027000000000000357
64432366,SNIa,r,60531.23828125,6.2992194175720195,2.210621136468585,1.4478689005556724,1.1872337357676563,1.0233874007009287,-1.1872337357676563,0.4915766993698633,0.5559825248864523,0.11032327577821409,0.4991781282287121,0.043478260869565216,796.8671608565928,747.9491909818607,705.9765531094163,705.9765531094163,810.8280976239621,23,11.983287704707905,0.0606874771052105,0.03220673624917441,0.3989345386327183,0.09588227318755956,0.005539771673072896,0.010384298487927603,0.45454545454545453,0.45454545454545453,6.2992194175720195,3.0962719917297363,3.091498913972274,2.415371072541413,0.5144032812096584,0.812786756130914,0.4915326465835616,0.6420550682542236,True,18,809.8046684450674,24.027373536053346,47.63556873206279,199.23047542068525,152.83281271083982,60.83493208933154,5,736.9804409735225,0.2,0.2,0.0,11.392968622948683,2.9843700253695715,39.96485528614721,28.36641317502363,0.0,10.968750008338247,6,2,0.3333333333333333,0.4,raw,0.46041650331909273,0.08064547008834498,0.5938114813445614,0.25642880541697255,0.04491546547086367,0.7442443766232489,-0.1853104119689402,0.8,1.0,1.0,0.2793547159779012,5.709142780303948,-0.25575562337675106,0.11730000000000007,0.045499999999999985,0.0027000000000000357
85083186,TDE,r,60228.1484375,33.01779556274414,2.231410427712495,1.051295640204279,2.1556687563406824,2.1556687563406824,-0.07574167137181259,0.4939312457243929,0.09295756814778537,0.017108077736173774,0.08252605584305181,0.7619047619047619,66.92968764648685,0.0,66.92968764648685,0.0,809.8085797299937,21,5.629451793021642,0.011658484940129124,0.004978904576228686,0.05343110397071445,0.019067868259191694,0.0013175788465555533,0.0022850023195064464,0.35,0.55,33.01779556274414,2.900175094604492,2.9750082322529385,24.541770057355116,0.4898186276187324,2.070620927439221,0.08783672698842818,0.1238616955139192,True,16,784.7617337308475,26.972671999850718,52.31744891538983,274.2695396903655,146.31015238624818,76.75935300553564,5,717.9882630752036,0.2,0.2,0.0,26.39062115931738,15.890628222936357,81.00782009414979,58.62343045614835,0.0,79.8007837683981,1,0,0.0625,0.0,raw,0.05040963276930375,0.0074887722288751605,-0.6406302108814426,0.06476504276495329,0.009621388354081302,0.17889289267524477,0.061930415479906284,1.0,1.0,1.0,0.4067183065584581,6.7313614606857195,-0.8211071073247552,0.3173,0.045499999999999985,0.0027000000000000357
108913976,SNIa,r,60148.34765625,7.382781958580016,1.7838410072942836,1.663669873308802,1.1190906134875291,1.1190906134875291,-0.6647503938067546,0.512467993053398,0.6917076186002199,-0.2943632808604174,0.38103288507394534,0.045454545454545456,768.8515542296955,709.9961090716461,682.1523305002265,334.16795205710514,809.7890442318385,22,11.800611458699157,0.10513359889482016,0.028037259899689807,0.5492000748415596,0.1988476411844354,0.016507824832270843,0.035590506292394616,0.42857142857142855,0.42857142857142855,7.382781958580016,3.0727239847183228,3.0858544653112236,2.688820093298862,0.9373359097606018,1.0570079736133602,0.41620137259333634,0.563520129553694,True,17,809.7890442318385,17.916023037283594,50.611815264489906,251.14844397013803,164.046883253719,73.23535198770176,5,708.9765659810291,0.0,0.0,0.0,17.172650335608342,10.968722913552483,42.945313905620424,35.378127718555334,0.0,4.960937377472874,5,1,0.29411764705882354,0.2,raw,0.2404322028174185,0.048129113557639755,0.29638522171558357,0.1579401623096246,0.03161606439585169,0.24759696112189225,-0.4339970837351787,1.0,1.0,1.0,0.5018149583557368,4.99556682109832,-0.7524030388781078,0.3173,0.045499999999999985,0.0027000000000000357
109187160,SNIa,r,60494.30859375,42.53495178222656,1.174443023523781,1.0683836603994892,1.0538911552589916,1.0538911552589916,-0.12055186826478943,0.33558617086274417,0.213511407851344,0.004359708806567985,0.06216591582641172,0.37037037037037035,85.84765206430893,25.984375096624717,85.84765206430893,25.984375096624717,849.8398457291041,27,3.2165727928110592,0.012367534990429491,0.006454386284476581,0.046572398954940926,0.015257685897348881,0.001706166361316781,0.0024181312685150084,0.3076923076923077,0.23076923076923078,42.53495178222656,3.213226079940796,3.3151630737163402,13.950842037695088,0.9204609877711523,3.0920249867781213,0.07554319319302623,0.09829857650062747,True,21,849.8398457291041,20.001951955095137,42.49199228645521,251.14452180117223,80.15977606523175,64.4138117019381,6,778.9335936448042,0.0,0.0,0.0,13.102223310904568,15.902359523701307,20.863305191873224,19.92579225080408,0.0,7.992187762771209,4,1,0.19047619047619047,0.16666666666666666,raw,0.07429211231240397,0.011693500097388334,-1.0762446224473514,0.04447987302266124,0.007001085086060592,0.7439410562127942,-0.013786204519588813,0.6666666666666666,1.0,1.0,0.16034392826946758,6.3532827377319325,-0.25605894378720584,-0.016033333333333344,0.045499999999999985,0.0027000000000000357
110721898,SNII,r,60494.30859375,38.44406204223631,1.2267801615661202,1.0734864944614047,1.0903872423488428,1.0903872423488428,-0.13639291921727753,0.33264066080854043,0.15998813731185263,-0.023325708447347895,0.07174795465875504,0.32,25.984375368469045,7.988281392579665,25.984375368469045,7.988281392579665,849.7617030231631,25,4.1149677550741295,0.01781064789386934,0.008378736354421813,0.1568875000949994,0.03543927268588382,0.0022978127638879076,0.005540339416113103,0.5,0.4583333333333333,38.44406204223631,3.0410449504852295,3.2697470235824584,13.784378553244762,0.8227333826348803,2.5137679861728928,0.07910311213066418,0.14747169498998408,True,20,849.7617030231631,23.9609378383102,44.72430015911385,251.14843904463487,92.62421550728749,64.91831711362786,5,445.75388485970325,0.0,0.0,0.0,11.12657354795665,5.964843862420821,22.828150571083825,22.05314108388411,0.0,7.988281392579665,3,1,0.15,0.2,raw,0.057873851061829684,0.010895624452724828,-0.88253682985556,0.04690843460042303,0.008831219586983782,0.4274839442422491,0.245313885249749,1.0,1.0,1.0,0.4442814242180981,5.311659860610956,-0.5725160557577509,0.3173,0.045499999999999985,0.0027000000000000357
22254809,SLSN-I,r,60535.23828125,233.54738159179686,1.029903820628013,1.0136759534785502,1.0056956200257456,1.0056956200257456,-0.024208200602267336,0.4249543495599194,0.8292859319800606,-0.0030024442895724784,0.014715210579305778,0.4782608695652174,136.80078409791167,97.79297023404797,136.80078409791167,97.79297023404797,849.8437527905553,23,2.0013528937554574,0.006803996691302392,0.003132036112218679,0.048314082337002226,0.01176660871309967,0.0010638614106843317,0.002439920059417385,0.13636363636363635,0.045454545454545456,233.54738159179686,3.437035083770752,3.448448144871256,68.33726540773878,16.249059851544395,28.305292140777773,0.014716650044821032,0.01908302570243942,True,18,849.8437527905553,24.00390023998625,49.99080898767972,275.19533088348544,123.674209589648,73.68834467865295,5,795.7421696864767,0.0,0.0,0.0,5.79844158111373,2.992188980948413,14.929687924290192,12.546875303721755,0.0,14.929687924290192,5,4,0.2777777777777778,0.8,raw,0.03451267143002058,0.0022335441672997926,-2.0661934718576447,0.0192242215821831,0.0012441270468681956,1.1243121891985557,-0.2817442919125882,0.6,1.0,1.0,0.3260738548550085,15.45197625160201,0.12431218919855569,-0.0827,0.045499999999999985,0.0027000000000000357
33266451,SNII,r,60119.3828125,123.53381423950195,1.360238679810016,1.0341620108331402,1.3239611465393821,1.3239611465393821,-0.03627753327063379,0.3894594598902201,0.14389254013812747,-0.004384358400346359,0.030979755443791713,0.6363636363636364,44.87499964320159,44.87499964320159,44.87499964320159,44.87499964320159,810.824214066517,22,2.9929097876084882,0.008014296849663923,0.005284497206197978,0.031664468801219516,0.012106529898671035,0.0006089876899368241,0.0009350628825304598,0.19047619047619047,0.2857142857142857,123.53381423950195,3.3892364501953125,3.3123269189487803,48.2568781317954,1.153445948695897,8.753943125319546,0.027435698242299952,0.03677912804617239,True,17,810.824214066517,17.453123852781573,50.67651337915731,273.2304865274855,150.07422637639684,79.27843276816327,5,795.7460886319022,0.0,0.0,0.0,15.209378821507562,2.9531238474010024,66.0117239533356,41.60390546885174,0.0,31.91796843229531,3,1,0.17647058823529413,0.2,raw,0.04635789346951669,0.006252740285975069,-1.7493411694990393,0.026502786512193555,0.0035746887641552928,0.7370177856676009,-0.0745736470331618,0.8,1.0,1.0,0.2064124646060661,7.414012312889071,-0.2629822143323991,0.11730000000000007,0.045499999999999985,0.0027000000000000357
103854959,TDE,r,60209.15234375,210.27652740478516,1.1097128262696712,1.0288001377789162,1.0300710432883131,1.0300710432883131,-0.07964178298135814,0.3675574494744043,0.26247951099018046,0.013855288235905587,0.028935987201374424,0.65,80.76171778724529,80.76171778724529,80.76171778724529,80.76171778724529,849.7812442558643,20,2.460910211744774,0.006247269369613542,0.0013552188706522825,0.030024399257040535,0.010311424092959081,0.00028808516977409923,0.0004224757868824505,0.3157894736842105,0.3684210526315789,210.27652740478516,3.284527897834778,3.478038614988327,65.94547791957476,1.6970583404430877,14.021351328053814,0.01562004061210321,0.028222917864372827,True,16,796.8086023589567,28.953126273845555,53.12057349059712,207.21874179325823,126.5906207768872,56.62685490962251,4,789.0116927417694,0.5,0.0,0.5,21.710926492236467,14.439448042801814,52.97264189690759,41.558576953984456,0.0,326.0820220281166,3,0,0.1875,0.0,raw,0.03777803037148704,0.00407391108147138,-1.2821119183397844,0.036776762559642205,0.00396593626134222,0.5226643563807793,-0.010421407836013096,1.0,1.0,1.0,0.29896049174317957,9.273160266876197,-0.47733564361922065,0.3173,0.045499999999999985,0.0027000000000000357
125554681,KN,r,60535.234375,4.806510257720947,2.297860315750942,1.6197277885182064,1.2943617581244635,1.0034985576264785,-1.2943617581244635,0.5914490641980381,0.9314254793455695,0.16855399569340526,0.5077264190336715,0.045454545454545456,810.8281202002618,474.7343869381366,511.82030612065137,511.82030612065137,849.8398382646046,22,15.772498760315319,0.10343629202469169,0.029326346717810065,0.6844392488146648,0.19678828669885445,0.01085455915002025,0.01845590912803033,0.47619047619047616,0.5714285714285714,4.806510257720947,3.0455554723739624,3.0533200339837507,2.042767936443955,0.7388219327314308,0.7822261202837146,0.6336313269032826,0.9306931740140107,True,17,848.714808704186,19.519541756821127,53.044675544011625,291.20702590659494,149.54682688765388,82.41416682751874,5,810.8281202002618,0.2,0.2,0.0,22.626566066376107,15.007811666931957,66.00780435537308,46.80468255748711,0.0,29.933593386791472,4,2,0.23529411764705882,0.4,raw,0.774342820215664,0.15560226719069642,1.3961742397842103,0.5000826231653048,0.10049036152426642,1.3899575931613573,-0.256758440556441,0.4,1.0,1.0,0.3406433779166126,4.976423764228819,0.38995759316135725,-0.28269999999999995,0.045499999999999985,0.0027000000000000357
10777360,SNII,r,60520.3125,213.45693969726562,1.4323919209608271,1.0152514930538132,1.4107712611391972,1.4107712611391972,-0.021620659821629876,0.4195247213536367,0.4992677858409224,0.0016150658178745274,0.012550817016025215,0.6190476190476191,91.80468797234789,47.89843701034988,91.80468797234789,47.89843701034988,810.8242487231983,21,2.6179261508046534,0.010444393729871358,0.004194195269760779,0.038782793428907295,0.01606491000453618,0.0011155089506897271,0.0018292294899248944,0.45,0.3,213.45693969726562,3.121048927307129,3.246087522733779,96.48644511172421,1.0601595591258137,17.52636632556726,0.014621445110819743,0.021510489334778456,True,16,809.7031029170976,18.99607665680378,53.98020686113984,273.2109498294012,186.07031816138618,86.71553036540851,5,797.8359688826749,0.2,0.2,0.0,20.795327116260886,4.9609384474824765,66.00782163158874,51.97344754044316,0.0,60.81250146134698,4,0,0.25,0.0,raw,0.026747656261244628,0.0031828220690705107,-1.4021739729652503,0.04098096167237628,0.004876506111362092,0.48524654213962315,-0.20437895344617996,1.0,1.0,1.0,0.32722476562175606,8.403754806518553,-0.5147534578603769,0.3173,0.045499999999999985,0.0027000000000000357
27655935,SNIa,r,60580.16015625,361.5078125,1.074500290206188,1.0167447173968722,1.0468720453882394,1.0468720453882394,-0.027628244817948643,0.33578479007642176,0.01893388158194641,-0.004976578555149264,0.010561619383810863,0.7619047619047619,43.90625097337761,13.95312507730705,43.90625097337761,13.95312507730705,810.8242097723341,21,1.7228925533194515,0.01061713304079728,0.0012305860114463192,0.04857993481630804,0.0176948836008887,0.000806008684237723,0.0014153685220957138,0.45,0.45,361.5078125,3.1062099933624268,3.2758750461396717,121.83735932355106,1.3046623773555621,17.22617490098672,0.008592373071778157,0.012753716205150681,True,16,796.8710846950271,24.00390571130265,53.12473897966847,239.32032468770194,151.1046851804625,69.62290575689364,5,365.01562182096677,0.6,0.0,0.6,8.758594819364953,12.953125088541128,14.972654970275471,14.564843013088103,0.0,0.9648437274663593,2,4,0.125,0.8,raw,1.1779331810366913,0.1761974035280201,4.076515106321516,0.7481603170111274,0.11191119106097656,2.2194858625482023,-2.17145001403271,0.0,0.4,0.6,0.7197169630004483,6.685303854942269,1.2194858625482023,-0.6827,-0.5545,-0.3973
92053866,EB,r,60535.234375,74.57255325317382,1.707511244428889,1.6842104036803915,1.0138424521256029,0.6936687923032859,-1.0138424521256029,0.5049145138359379,0.5858837017960292,0.3415742893071502,0.4445451631797191,0.1111111111111111,810.8203313254344,751.9453324093774,810.8203313254344,796.8672080169054,810.8203313254344,18,10.406142802914319,0.07778570577409509,0.017731592612453963,0.3416269416360113,0.14237376343592725,0.007399167245487191,0.0116663220909339,0.35294117647058826,0.6470588235294118,74.57255325317382,7.14533543586731,7.562193711598714,10.581003639374677,4.223992198281387,4.776402867740703,0.0958172293177209,0.15084106936181496,True,14,809.6992164279654,28.964836929590092,62.284555109843495,270.2422043588376,178.96172150497742,78.85802834703898,4,444.8593860249821,0.25,0.25,0.0,11.487318064018837,7.039070091323083,30.921895193023374,25.532434220669533,0.0,307.08594638439536,4,0,0.2857142857142857,0.0,raw,0.2995193460827745,0.016153546013335785,0.7065806986422852,0.2305660469836927,0.012434786927034548,0.6256937305972718,0.9009717859199116,0.5,1.0,1.0,0.5977669401697038,18.542018318176215,-0.37430626940272815,-0.18269999999999997,0.045499999999999985,0.0027000000000000357
4766293,SNIa,r,59783.29296875,9.245498442649835,2.2475917288979765,1.3511377333674546,1.8878748294693142,1.8878748294693142,-0.3597168994286623,0.504868293411414,0.6333747005948371,0.04694457584695842,0.34735926031879444,0.16666666666666666,849.8359616246307,1.0195312244541128,849.8359616246307,1.0195312244541128,849.8359616246307,24,10.427767745933908,0.10213837563075043,0.018579606196518092,0.8176588952213838,0.2155459878779008,0.014899062591740087,0.02527438407555924,0.5217391304347826,0.43478260869565216,9.245498442649835,3.1504889726638794,3.2689548234144845,5.540201520216063,1.0515611767377835,1.2071084491743005,0.3407592345838873,0.4750157517331848,True,19,810.8398274425417,20.974596911401022,45.04665708014121,275.1953220118812,106.55428234139117,71.44750217477682,5,764.9101808755513,0.2,0.0,0.2,18.781243732037545,14.925766864558682,38.99613418208901,33.01018106013362,0.0,84.92578074907942,3,0,0.15789473684210525,0.0,raw,0.3231895064787903,0.06989853829718533,0.23018394935088185,0.18256162235915246,0.03948392598230892,0.8597557691082484,-0.07952702684106625,0.6,1.0,1.0,0.20503929075701754,4.6236947774887085,-0.14024423089175164,-0.0827,0.045499999999999985,0.0027000000000000357
31151787,SNII,r,60148.34765625,12.35578804016113,2.0060765285980473,1.3479665047100866,1.310452959230542,1.310452959230542,-0.695623569367505,0.4436257043267006,0.46580137400643595,0.03240906201264794,0.2768186162942054,0.24,849.8359319464071,365.05467171629425,418.9804577822579,28.976563277981768,849.8359319464071,25,6.828329840090365,0.06053092045035643,0.012551502256373753,0.8478139904698804,0.17511601995593365,0.005627761731899438,0.012274818979805322,0.3333333333333333,0.375,12.35578804016113,3.0276219844818115,3.182855348587036,5.347985674514699,0.8346180237794535,1.3852179611060589,0.24503673700462159,0.35771553355257624,True,20,848.8164064659504,21.031249438434315,44.67454770873423,251.15233823408926,94.98671643192637,66.29725917189731,5,796.8632754168939,0.2,0.2,0.0,7.978900358296232,5.97654815018177,18.98437405267032,16.573433455999474,0.0,60.81640835295548,5,0,0.25,0.0,raw,0.39596168286937666,0.05899586439846834,0.4271167608320134,0.22430058556751814,0.033419412794554924,0.9878978402460435,-0.5240456062111575,0.6,1.0,1.0,0.3904573560026955,6.711685419082642,-0.012102159753956454,-0.0827,0.045499999999999985,0.0027000000000000357
78466781,SNII,r,60229.10546875,4.992301154136654,2.247306081527255,1.2604622442468485,1.1970553624069267,1.0502507191203283,-1.1970553624069267,0.46708795179712226,0.5090588293732141,-0.05550185929245813,0.4066026597701063,0.16666666666666666,849.7616965380075,718.929674659179,849.7616965380075,718.929674659179,849.7616965380075,24,10.598059892960627,0.04482783713584987,0.022758073122781063,0.2402175225232942,0.07122424532378512,0.005309693158149989,0.008691497492694772,0.34782608695652173,0.5217391304347826,4.992301154136654,3.2247735261917114,3.282306576768557,1.8531722673768614,0.46187534672227815,0.57991637070606,0.645949318085437,1.148581184368076,True,19,809.7460927624124,17.945305243032635,44.98589404235625,267.2265608349262,113.16915088033143,76.86401942894327,5,788.9414053402143,0.4,0.0,0.4,26.79530984914745,24.03127104601299,65.97265712882654,55.58983578753396,0.0,65.97265712882654,2,0,0.10526315789473684,0.0,raw,0.22986818676937706,0.06498390185223425,0.47606043161182116,0.18816907047175085,0.053195531661066775,0.47142109935866094,-0.10496926899581287,1.0,1.0,1.0,0.2709591047054406,3.53730970621109,-0.5285789006413391,0.3173,0.045499999999999985,0.0027000000000000357
82866974,SNIa-91bg,r,60496.328125,33.397985887527454,1.3927131453110717,1.0725310182681063,1.3110324389908712,1.3110324389908712,-0.08168070632020054,0.3377629796366816,0.19182428199673457,0.022243422184032788,0.08683711723435406,0.4090909090909091,53.88671879944741,5.968749803061655,53.88671879944741,5.968749803061655,849.835919723213,22,3.85720151889104,0.0183046727581962,0.004213655108167213,0.13927837189454975,0.03575039261032201,0.0012620606860136484,0.002552065972720237,0.19047619047619047,0.42857142857142855,33.397985887527454,3.2562304735183716,3.2260127284310083,13.446788626173937,1.0989492211925764,2.65430458764138,0.09749780973272455,0.13451881528648635,True,17,848.816424565819,33.03514643836024,53.05102653536369,201.24608984583756,137.58789388004516,59.403953186686195,5,766.9218583020847,0.2,0.2,0.0,15.558586940508395,18.023436994539225,26.94531561308395,24.14375171103893,0.0,23.99218679760088,3,1,0.17647058823529413,0.2,raw,0.16513897734335453,0.023275132483407252,-0.32397569405911136,0.09656464716606132,0.013610081594065286,1.0749623197896148,0.11225027138547136,0.8,0.8,1.0,0.49163090486554945,7.09508216381073,0.07496231978961476,0.11730000000000007,-0.15449999999999997,0.0027000000000000357
98363779,TDE,r,60633.12890625,9.196548461914062,21.610120311761143,1.4506016625048739,20.859931475597513,20.859931475597513,-0.750188836163629,4.450913206413915,0.4773995336648941,0.03331217114405057,0.4661491892875738,0.9523809523809523,0.0,0.0,0.0,0.0,849.8437164931238,21,27.766625489460015,0.1276485633803853,0.013141610099874027,0.8852890911100825,0.26031029603154887,0.00996463060581152,0.01895709308837112,0.35,0.35,9.196548461914062,3.3717451095581055,3.3612944171542214,56.89616637500845,0.7327893676904443,3.511477181255631,0.3666315817854506,0.48443662322363346,True,16,849.8437164931238,29.937500396634277,56.65624776620825,275.2070311290663,150.72265655541264,75.58891936434672,5,744.9921646777439,0.0,0.0,0.0,4.564849280806084,1.0195324438464013,14.929690630349796,10.939072634221521,0.0,38.99609245236934,2,1,0.125,0.2,raw,0.05543330665069945,0.010159898655318982,-0.9211585486105427,0.046454460414174684,0.008514242400684697,0.4254462918764512,-0.3187087734844301,0.8,1.0,1.0,0.4280316539918516,5.456088542938232,-0.5745537081235488,0.11730000000000007,0.045499999999999985,0.0027000000000000357
110339223,SNIa,r,60164.3046875,334.72320137023905,1.1929144168374548,1.0121885012882668,1.1769034474927296,1.1769034474927296,-0.0160109693447252,0.315707251160611,0.060687135292297044,0.00037773301054401005,0.009331029537653015,0.7272727272727273,20.91796922811045,20.91796922811045,20.91796922811045,20.91796922811045,849.8476319873298,22,2.497606735513133,0.005769633608925661,0.0012544825633304087,0.04336645835510042,0.01162167976334544,0.0004111619380271529,0.0006407366887469398,0.3333333333333333,0.38095238095238093,334.72320137023905,3.176501989364624,3.2403856841000644,124.01594299874317,1.3112083331581528,12.525528853587174,0.009489936689064702,0.012165908491249938,True,17,848.7226564961238,19.95312523429311,53.04516603100774,294.23829554764234,147.0097556171786,82.84309398491969,5,766.9218602708279,0.2,0.2,0.0,19.383585082390347,23.992187783347617,29.898429107342963,28.728116954883443,0.0,44.91015701145807,3,1,0.17647058823529413,0.2,raw,0.30017550207908067,0.03480039116760067,0.1088125478835694,0.1362576934069691,0.01579682884617381,1.6501400673207374,-0.579362685138398,0.8,0.8,0.8,0.289169142805545,8.625635862350464,0.6501400673207374,0.11730000000000007,-0.15449999999999997,-0.19729999999999992
21400791,SNIa,r,60119.37109375,43.02262768745414,1.534275608789571,1.1050475769685792,1.3991968347101984,1.3991968347101984,-0.13507877407937263,0.3554280513027767,0.11433750820367254,0.02046420848746302,0.0744931398513167,0.5833333333333334,2.9843749475403456,2.9843749475403456,2.9843749475403456,2.9843749475403456,849.843763037592,24,3.9551375282673003,0.018267581645001557,0.004061901409473328,0.10881382310228477,0.03351038244428344,0.0015893619564643503,0.0025111472589801516,0.2608695652173913,0.34782608695652173,43.02262768745414,3.3862199783325195,3.2881712863842645,17.77708621010621,0.916004247724006,2.0088662242197137,0.0787078837427677,0.10748361825526502,True,19,849.843763037592,21.52147626439546,47.21354239097733,251.1484390506157,113.85624196953734,70.2034315134335,5,658.1132918896546,0.0,0.0,0.0,7.942188853626431,5.980476549171726,15.9492202042602,14.307033803334344,0.0,28.98046791489469,3,1,0.15789473684210525,0.2,raw,0.17191443386756355,0.022521979193576687,0.22449799567879242,0.08724223734413455,0.011429336153236196,1.5038374552560958,-0.9631952403716515,0.8,0.8,0.8,0.48640382933307413,7.633185005187905,0.5038374552560958,0.11730000000000007,-0.15449999999999997,-0.19729999999999992
77398475,SNIa-91bg,r,60520.30859375,39.6087213039398,1.2245065744140493,1.05401609041604,1.1494418927241612,1.1494418927241612,-0.07506468168988809,0.31216690641716316,0.12263811377120368,0.004396052087610695,0.05739950769713805,0.45454545454545453,29.89843778603972,14.92968786630081,29.89843778603972,14.92968786630081,849.8476380122011,22,3.2442250619547464,0.02011288912895968,0.004494956416018839,0.10560555818254909,0.035562304193314104,0.0026461719348114614,0.004540409677186793,0.38095238095238093,0.23809523809523808,39.6087213039398,3.062943458557129,3.142658780921589,14.864108397688597,0.867376750645104,2.3522972481577984,0.07733002625996067,0.11205928129320289,True,17,849.8476380122011,24.468760156934877,53.115477375762566,284.2422011785675,138.0996060992984,77.04400347919669,5,748.9257616589457,0.0,0.0,0.0,14.957811878377106,4.953099474543706,44.91017040319275,35.31329404811841,0.0,17.999999697116436,4,1,0.23529411764705882,0.2,raw,0.06607540771141375,0.01084511367490088,-0.6133527920698808,0.06202147710633218,0.010179732411809939,0.39010500478070975,-0.23876906895934172,1.0,1.0,1.0,0.39994486187859346,6.092643165588364,-0.6098949952192902,0.3173,0.045499999999999985,0.0027000000000000357
82359069,SNIa,r,59844.18359375,8.775176405906675,5.496861897218119,1.3601594723325556,4.894615523128413,4.894615523128413,-0.602246374089706,1.065395750431471,0.3087116567292496,-0.01779360199284039,0.2744636034427719,0.6818181818181818,24.03906309269223,0.0,24.03906309269223,0.0,849.7851611276565,22,15.551429066498635,0.05462396924345677,0.032298623598774716,0.2856528635733852,0.08809194716187849,0.007455995401945285,0.012518288525835593,0.47619047619047616,0.47619047619047616,8.775176405906675,2.8293564319610596,3.1612819487398323,15.180524507041731,0.47265281261535685,1.6589910484838908,0.3224272995875714,0.5020396170354599,True,17,821.7187386656515,15.439459646095202,51.35742116660322,279.2929597939001,168.02344295129296,86.65469336498643,5,764.910161224936,0.2,0.0,0.2,24.417184400372207,24.03906309269223,66.00388174611726,50.82889803247235,0.0,24.03906309269223,1,1,0.058823529411764705,0.2,raw,1.2688054831246918,0.2322578692567313,2.274504761722882,0.6498061804170491,0.11894857084148258,1.7916202227147695,-0.9482936916396003,0.6,0.8,0.8,0.286135297507482,5.462917089462273,0.7916202227147695,-0.0827,-0.15449999999999997,-0.19729999999999992
93756669,SNII,r,60164.2890625,41.85565185546871,2.745042280915567,1.0948636090383996,2.6377602393246673,2.6377602393246673,-0.10728204159089959,0.561845068248379,0.13252098221707076,-0.010605055162438601,0.07997351421595761,0.76,20.90234332864202,0.0,20.90234332864202,0.0,849.804680229805,25,7.2842245366087734,0.03846928243769847,0.008864499350337864,0.1793358942526077,0.06773632532304619,0.00641497974585154,0.011725968850760217,0.5,0.4583333333333333,41.85565185546871,3.1723320484161377,3.2152521228790283,34.80252778409294,0.986949651298538,3.5126307794631577,0.07579220267242481,0.10626635495790829,True,20,849.804680229805,15.937499489889888,44.72656211735816,291.1992217028528,98.05937208304809,79.28367063485982,5,449.7265537629064,0.0,0.0,0.0,16.97109517734061,4.964843838752131,66.0039074586166,44.36327598204517,0.0,20.90234332864202,5,1,0.25,0.2,raw,0.10472400604256392,0.01742154075158138,-0.21852125551815735,0.09537537150255021,0.015866332697906518,0.8941877470125772,0.016277659232811947,0.6,1.0,1.0,0.249905215806981,6.01117935180664,-0.1058122529874228,-0.0827,0.045499999999999985,0.0027000000000000357
97411149,SNIa,r,59844.1953125,13.716769599914546,2.8195367730603715,1.3523874560234872,2.1282053489061186,2.1282053489061186,-0.6913314241542531,0.5606167710682308,0.5031783484219239,0.06998083490544729,0.2565263141016483,0.2608695652173913,809.8281498055221,0.0,808.6992411828251,0.0,849.8476286894074,23,9.535749930783235,0.11928161322509491,0.020705229152179167,1.3263617121317783,0.3077410335730409,0.012348857419852265,0.02409330186803921,0.36363636363636365,0.36363636363636365,13.716769599914546,3.248631000518799,3.36032916151959,8.98597052961357,1.2270815708257181,1.7291582315726577,0.23683644876116003,0.32765677151355277,True,18,848.7187200667104,15.937519851984689,49.92463059215943,270.2773404236141,124.91953114850918,73.50195562592991,5,810.8437525168774,0.2,0.2,0.0,5.413288705972081,1.128908622697054,18.988271366455592,13.378902212053074,0.0,60.91015791011887,2,0,0.1111111111111111,0.0,raw,0.627924057035348,0.1007786319365234,1.3480868383786575,0.3450681152530367,0.05538168539728044,1.3741237239738346,-1.2429535464202488,0.4,0.8,0.8,0.49101040633818965,6.230726146697976,0.37412372397383464,-0.28269999999999995,-0.15449999999999997,-0.19729999999999992
102540572,SNIax,r,60581.125,7.9555593490600565,2.1224075458277527,1.6597202021585062,1.1019343710578293,1.0204731747699232,-1.1019343710578293,0.5067050252352966,0.6631437061812668,0.034172707930018205,0.3873072998002039,0.12,849.8476870062441,797.8398743730795,724.8906260701042,670.1210954419657,849.8476870062441,25,10.821000003973866,0.10432406558229894,0.03431934429265843,0.6336721799381395,0.19838585895155927,0.01498037901050334,0.02495828289459063,0.25,0.2916666666666667,7.9555593490600565,3.1781129837036133,3.224715995788574,2.7583991924364133,0.7290769003765335,0.9413423808246719,0.3994832851167285,0.5525158533161906,True,20,810.8437809378956,19.08205854560947,42.67598847041556,239.32809086939233,94.24374665616477,64.58197448525652,5,848.7226620802685,0.2,0.0,0.2,9.412506702469546,1.1250249259755947,39.00390606834844,25.38827749240736,0.0,11.988280981138814,6,1,0.3,0.2,raw,0.2755653950047503,0.049383539627492645,0.33758365130000334,0.17073588003419699,0.03059724570045615,0.6008435997655405,0.13315559065025728,0.8,1.0,1.0,0.2631016325836997,5.580106186866735,-0.39915640023445953,0.11730000000000007,0.045499999999999985,0.0027000000000000357
106262435,SNII,r,60550.20703125,27.471868610382078,1.5536102291168723,1.0313661950071058,1.468283055626143,1.468283055626143,-0.08532717349072932,0.4151793265165448,0.5091987684849095,0.0460826493656062,0.10970053263884556,0.36363636363636365,745.0195422224788,44.92578172665526,745.0195422224788,44.92578172665526,849.8476806062608,22,4.7383071092007905,0.04070596374258319,0.01550617736517626,0.2827198731179937,0.07551911193889191,0.005219327275422429,0.01058518458037951,0.3333333333333333,0.3333333333333333,27.471868610382078,3.1620044708251953,3.089932311664928,12.756616747124655,0.9437757737254451,2.8519041290488722,0.1150997231265958,0.16113002421088377,True,17,849.8476806062608,26.976572778021364,53.1154800378913,270.277348558775,139.64843697415563,74.64013841070178,5,725.9062349959713,0.0,0.0,0.0,11.775005359741044,11.910158184829925,19.11330722650746,17.457046620119947,0.0,11.863281453144737,5,4,0.29411764705882354,0.8,raw,0.1369359833711515,0.01849878936148462,-0.44045651654932627,0.08239069795524231,0.011130223987136601,0.4168385627470033,-0.42874651355508425,0.8,1.0,1.0,0.4436907858892306,7.402429461479186,-0.5831614372529967,0.11730000000000007,0.045499999999999985,0.0027000000000000357
115557873,M-dwarf,r,60295.10546875,49.77586631774901,4.577503554887274,1.0735436473608997,4.4928569916075904,4.4928569916075904,-0.08464656327968345,0.9508629506001326,0.18977210939170402,0.019764096386905027,0.31372018819456116,0.7727272727272727,309.96093174876296,0.0,309.96093174876296,0.0,849.7851787950494,22,12.447010274120066,0.04300240818738952,0.010757044359336896,0.4571602671738459,0.10187161054293542,0.004928948101207046,0.010858364508662196,0.38095238095238093,0.38095238095238093,49.77586631774901,4.086185932159424,4.234339865771207,54.729729070561106,0.6830087241244625,4.158388291034041,0.08209170898352355,0.11223494082402022,True,17,849.7851787950494,18.94336101818044,53.11157367469059,336.0468952202791,153.0683636292997,91.89473848801074,5,676.1171744852982,0.0,0.0,0.0,38.09063550614665,26.84376220528793,84.87500465161429,75.25938899198518,0.0,85.94531195393938,1,0,0.058823529411764705,0.0,raw,0.11373834776663709,0.01494846833348309,0.14139365500094944,0.14646181778363862,0.019249267183792378,0.20110697315793546,0.10038961061540219,1.0,1.0,1.0,0.44715468662877084,7.608695769309986,-0.7988930268420645,0.3173,0.045499999999999985,0.0027000000000000357
129722950,SNIa,r,60119.38671875,14.038997697830192,1.9305992357745008,1.227029233947071,1.427098479789294,1.427098479789294,-0.5035007559852068,0.43351479500222917,0.4365423012895962,-0.042848214841318025,0.27046903879979617,0.16666666666666666,849.8476422677559,44.90234151318873,513.7460910038717,44.90234151318873,849.8476422677559,24,7.317352224552023,0.06868444976241574,0.013592264562342136,0.62390248890382,0.16183596475846015,0.008373916088799642,0.01638158249796904,0.30434782608695654,0.30434782608695654,14.038997697830192,3.157217025756836,3.139075388511022,6.345788746510432,1.0612842146329964,1.5625065819580926,0.22488906214756357,0.3131154786648522,True,19,849.8476422677559,18.51563234382047,47.21375790376422,273.2070280630287,113.64570750950892,75.87764900183018,5,450.7421731853028,0.0,0.0,0.0,18.40000159990159,3.109389799516066,66.00391300037154,47.963284171244595,0.0,24.000000585634552,2,1,0.10526315789473684,0.2,raw,0.25736116897981565,0.04496265239565663,0.16545778210181167,0.15495760403041983,0.027072090609869745,0.5998536371398897,-0.6726864490980169,0.6,1.0,1.0,0.4912077844162327,5.723887610435469,-0.4001463628601103,-0.0827,0.045499999999999985,0.0027000000000000357
21142086,SNIa,r,59880.05859375,22.064696598052958,1.5419918127414496,1.253288383629385,1.1766655589081845,1.1766655589081845,-0.36532625383326517,0.3594520913451892,0.19175353292136155,0.006083020606481848,0.15457622543100338,0.2608695652173913,733.8828239991126,46.0351575568493,702.996105854174,46.0351575568493,805.6836278889896,23,5.490606500546612,0.018872990280302076,0.003700268692596387,0.10622007251838296,0.03414324593720492,0.0031758892954904744,0.005771218187069537,0.36363636363636365,0.36363636363636365,22.064696598052958,3.1776890754699707,3.281593706296838,8.170330053719207,0.6498964465942588,1.7891264426225975,0.14401689419787345,0.1840856274645004,True,18,805.6836278889896,23.945359561745136,47.39315458170527,258.2265197134184,104.9304679686146,67.26416009257599,5,682.0508108469439,0.0,0.0,0.0,21.36171475307492,4.886719753012585,85.92185815191624,56.36561597471737,0.0,30.88671814493864,3,1,0.16666666666666666,0.2,raw,0.28363540330809,0.06009482721438557,0.198085491045566,0.15861323191404547,0.03360594148198127,1.0253356825720614,-0.7691182172596348,0.8,0.8,1.0,0.45174024887824016,4.719797301292399,0.025335682572061424,0.11730000000000007,-0.15449999999999997,0.0027000000000000357
24915102,TDE,r,60119.3671875,36.61126708984375,1.255762262352898,1.1033944564187224,1.0988566306959033,1.0988566306959033,-0.15690563165699462,0.3264025313370887,0.20093412565705132,-0.029012954413600984,0.07718083517670593,0.3333333333333333,49.81640764684562,2.9531249670835678,49.81640764684562,2.9531249670835678,766.8359354628046,21,3.5798787616083234,0.013616668372495793,0.005847254632086135,0.11106285598164037,0.026056554973804495,0.0022679547555553457,0.005373601382193532,0.35,0.35,36.61126708984375,2.9705100059509277,3.258990213984535,13.54330856292632,0.9890319321666967,2.350241620187963,0.08113649818951418,0.11146606891599246,True,16,766.8359354628046,14.968743085846654,51.12239569752031,282.17969227479625,149.9007790776333,77.77570097981908,5,688.1211084416136,0.0,0.0,0.0,32.542179138879874,23.945304694920196,85.92969089375401,63.88437044404855,0.0,175.71093931815267,5,0,0.3125,0.0,raw,0.11024358718075879,0.018215618156565184,-0.5606214789099352,0.07025442106155275,0.011608182757782677,0.27729260712320697,-0.35207465378647773,1.0,1.0,1.0,0.46819676113835784,6.052146363258353,-0.7227073928767931,0.3173,0.045499999999999985,0.0027000000000000357
70025523,AGN,r,60502.3046875,980.1950073242188,0.6490484301674116,0.5606938005288453,1.0741551036877515,1.0741551036877515,0.4251066735203398,0.18270061759797737,0.25389826529630566,0.6039112638208564,0.10914206226605883,0.0,805.6836095467297,805.6836095467297,805.6836095467297,805.6836095467297,805.6836095467297,21,2.206585441714772,0.0054412389744422475,0.004662517719086614,0.01564043769519622,0.0066754467236991,0.00042604954619854626,0.0006692820296844064,0.0,0.3,980.1950073242188,7.830154895782471,7.766668206169491,134.46496062212924,85.96219806955152,88.37213650212466,0.007988364394099074,0.008893006731523337,True,16,805.6836095467297,32.855472157105396,53.71224063644865,239.23047237195715,140.88595146544827,66.61444282635831,5,683.0429701790054,0.0,0.0,0.0,20.348437032692893,11.839892680720368,66.92578136293741,47.774205729737886,0.0,29.910157223654096,5,1,0.3125,0.2,raw,0.11859971508589297,0.00016265450785542742,-1.2187708306462188,0.05808715041556951,7.966407724273252e-05,1.1200440270875263,0.023495072663474302,0.4,1.0,1.0,0.3173677977276901,729.1511108398436,0.12004402708752626,-0.28269999999999995,0.045499999999999985,0.0027000000000000357
71829905,TDE,r,60463.4140625,23.037630081176758,1.2751836487971497,1.0549721472786895,1.071548910683435,1.071548910683435,-0.2036347381137147,0.307382768000791,0.24339387890882141,0.07548875351631137,0.14195885140846307,0.23809523809523808,694.0937785285932,3.968750027292117,694.0937785285932,3.968750027292117,804.7422008980284,21,4.091506197595815,0.016944985891063746,0.006044170384320575,0.09661579137019044,0.031098302982744696,0.0018133338779109682,0.003768276299375978,0.25,0.4,23.037630081176758,2.971442937850952,2.981429400898161,8.307730599082815,1.0279837634227469,1.7341292421593997,0.1289821447510269,0.17106885351007708,True,16,804.7422008980284,32.855467762339686,53.64948005986856,235.26172024076368,141.50624919906255,66.28468417094933,5,430.9961185412467,0.0,0.0,0.0,16.52577159883658,11.839790663936583,39.98827816215635,33.17734101693204,0.0,195.27344207860733,3,0,0.1875,0.0,raw,0.18893414108929868,0.03635112640961514,-0.24867675100489633,0.11267887593682387,0.021679533615562217,1.0461273564496862,0.012981894173777441,0.4,1.0,1.0,0.3105858116606961,5.197476935386636,0.04612735644968624,-0.28269999999999995,0.045499999999999985,0.0027000000000000357
53627887,SNII,r,60553.1640625,84.26517410278298,2.0880779885935388,1.052067144821182,1.9819940866497388,1.9819940866497388,-0.10608390194380013,0.4466010535230393,0.08459371360194895,-0.013901436706229224,0.04163335841094703,0.76,2.9609374554929673,2.9609374554929673,2.9609374554929673,2.9609374554929673,848.8047018107027,25,4.601216321903987,0.021868791266858627,0.0026118663760874017,0.2670590548678062,0.05747973695064374,0.0022257770396500835,0.005179582638158692,0.3333333333333333,0.3333333333333333,84.26517410278298,3.201591968536377,3.2227017450332642,52.165634604142696,1.222642937973488,4.361106491670927,0.03799424854485217,0.05066418715101082,True,20,848.8047018107027,19.04683684743941,44.67393167424751,251.14847140945494,93.03827893689731,65.69581715317025,5,706.01173383696,0.0,0.0,0.0,18.1281374178594,11.839861845597625,57.890671879053116,39.52502897158266,0.0,50.8593756579794,6,0,0.3,0.0,raw,0.03920161193655827,0.006198621145173263,-0.15833244057551502,0.08673102593040169,0.013714047579084282,0.06255474014487271,-0.08590376458215573,1.0,1.0,1.0,0.5089065346624851,6.324247121810913,-0.9374452598551273,0.3173,0.045499999999999985,0.0027000000000000357
83557064,AGN,r,60531.23828125,115.89622573852539,1.0809560146407782,0.9207578070815607,1.0398242282979826,1.0398242282979826,-0.041131786342795545,0.33835725928334853,0.5838391087744904,0.3380664526895219,0.2068665611132262,0.043478260869565216,667.9921583697651,445.7538997520969,667.9921583697651,445.7538997520969,810.7343856909647,23,2.320356953604286,0.010155762362602721,0.0037843437697744637,0.063355748872284,0.019169683876560765,0.0009597647906246569,0.0017566759431654384,0.09090909090909091,0.18181818181818182,115.89622573852539,3.149271011352539,3.257076004277105,38.26653948065713,18.436996513135533,20.138395045694775,0.027173197326180752,0.037304474928463206,True,18,810.7343856909647,18.964844242793333,47.69025798182145,273.19141657516593,127.42187102099132,79.74626246054832,5,570.222625763141,0.0,0.0,0.0,26.752352841787797,5.964845546201104,65.9726716847581,62.73986596240866,0.0,34.906251013613655,5,1,0.2777777777777778,0.2,raw,0.060707751661035855,0.0008512401218815938,-0.9978883834279737,0.04683852175826704,0.0006567666876032781,0.9538017817091013,0.3015990831943241,0.6,1.0,1.0,0.31542357656157644,71.31683540344238,-0.04619821829089865,-0.0827,0.045499999999999985,0.0027000000000000357
87833938,SNIbc,r,60494.30859375,61.80340118408198,1.4349619293178224,1.0808338048669255,1.3041611217723368,1.3041611217723368,-0.13080080754548565,0.3514531455032989,0.25790163374430813,0.02336442544796835,0.06923539501607275,0.52,55.89453209048952,7.988281133722921,55.89453209048952,7.988281133722921,849.7617260280604,25,3.730683136012005,0.019230941521632648,0.008466272222541774,0.11795927026761133,0.034068271441943285,0.0023443242953843273,0.004143549062119711,0.3333333333333333,0.25,61.80340118408198,3.3010590076446533,3.3023891258239746,24.416889498466848,1.17721247849373,4.663810360098395,0.05341225473679709,0.09174796277366512,True,20,849.7617260280604,17.871060260615195,44.724301369897915,274.2421755386749,108.57422463698305,70.97186187350428,5,725.8828275594933,0.0,0.0,0.0,25.59531031016086,23.097637363753165,39.949220765214704,39.580469511558476,0.0,7.988281133722921,4,1,0.2,0.2,raw,0.09838491734136731,0.013696984584564248,-0.20111923945369212,0.07786748573373618,0.010840581875300466,0.8625515795989176,-0.5411244053432666,0.8,0.8,1.0,0.4394401300126085,7.182961821556091,-0.1374484204010824,0.11730000000000007,-0.15449999999999997,0.0027000000000000357
106341515,SLSN-I,r,60594.1015625,171.12718963623038,1.0985992945246554,1.0217166477149136,1.0746733958737291,1.0746733958737291,-0.023925898650926317,0.3047755823804336,0.041215806357833645,-0.002799934899081289,0.021355921946487128,0.8181818181818182,43.8984362896299,0.9882812276191544,43.8984362896299,0.9882812276191544,809.7890526420597,22,1.373156550235683,0.005335951347385684,0.0018904474810236835,0.03711224492697588,0.009493311899326208,0.00031684732196394973,0.0004851054272707849,0.2857142857142857,0.3333333333333333,171.12718963623038,3.2677314281463623,3.2561561302705244,56.27936140303209,0.9554200877831964,6.2174180789140046,0.019095337421789406,0.024693787245625657,True,17,797.7812336985662,29.968751247441105,49.86132710616039,199.2304673854087,139.58593225775985,60.835562880832825,5,746.9257704899355,0.2,0.2,0.0,13.366407706383324,12.007818943493476,24.0273793179731,21.5632941060132,0.0,62.86328215212416,4,0,0.23529411764705882,0.0,raw,0.033942710523054254,0.005319697554546623,-1.7744570512791307,0.022077822368214452,0.0034601637833882965,0.5683172251925993,-0.4262569013572789,0.8,1.0,1.0,0.3444699645275341,6.380571484565735,-0.4316827748074007,0.11730000000000007,0.045499999999999985,0.0027000000000000357
121257780,KN,r,59784.3125,7.826627850532532,17.535003937962344,1.4096227611954109,16.53465984889721,16.53465984889721,-1.000344089065134,3.4932090094822486,0.4054425912046595,-0.037312301745349934,0.43536546058678705,0.8636363636363636,0.0,0.0,0.0,0.0,809.7890379912496,22,25.85963269196742,0.14993991033172202,0.012848491819094263,1.3704090500167707,0.32588167802434537,0.016301911155729598,0.030598647329378212,0.6190476190476191,0.5238095238095238,7.826627850532532,3.180227518081665,3.2100955464623193,40.69225504674657,0.48861660978922355,2.236827952716422,0.4063343216025378,0.5336154484917129,True,17,808.8007982734853,22.97654332345337,50.55004989209283,285.14845855625754,125.57421914612132,74.85416233168336,5,779.9179446329435,0.2,0.0,0.2,21.938269108622627,2.9609333216794766,85.91796855557914,58.69609346887883,0.0,29.871093358306098,2,1,0.11764705882352941,0.2,raw,0.24156473163431202,0.04641028363648763,0.3578963153789949,0.1888860722302463,0.036289470436679655,0.47874987783656475,-0.17756513298514176,0.8,1.0,1.0,0.34655996049197335,5.204982876777649,-0.5212501221634352,0.11730000000000007,0.045499999999999985,0.0027000000000000357
125545259,SNII,r,60496.33203125,285.8280944824218,1.3252823239125715,1.0092212524817117,1.3141391509622826,1.3141391509622826,-0.011143172950288893,0.3590099285284568,0.2757964216238176,0.0015503636582436026,0.010728163754929297,0.7037037037037037,97.77343614486745,23.93749957990076,97.77343614486745,23.93749957990076,865.7578120327526,27,2.7852833342063583,0.005205605212885655,0.0016115660831653052,0.034613004416214566,0.009353825842513486,0.00036154953962177285,0.0005252679784499361,0.23076923076923078,0.23076923076923078,285.8280944824218,3.5262880325317383,3.4087631349210388,106.51934440381427,1.153204782235145,15.528108679443786,0.012337093870765745,0.016000447662372953,True,21,797.8125286278664,20.44335465315453,39.89062643139332,201.25391115713865,78.7011658051606,54.78888212302276,6,865.7578120327526,0.3333333333333333,0.16666666666666666,0.16666666666666666,13.647131725155,5.01171512426663,55.01953449523717,33.97264170244307,0.0,5.972656087644282,3,1,0.14285714285714285,0.16666666666666666,raw,0.07170009048902982,0.008149241162990114,-1.3666259061457564,0.040331466398667117,0.004583966964310284,0.9443726082108629,-0.6065819862746303,0.8333333333333334,0.8333333333333334,1.0,0.34163993834060036,8.798376321792603,-0.055627391789137115,0.1506333333333334,-0.12116666666666664,0.0027000000000000357
4413277,RRL,r,60166.19140625,1064.3182373046875,1.8969466887719144,1.8862242291024263,1.002976179894356,1.002976179894356,-0.8939705088775585,0.611279635529231,0.6611630643490374,-0.5027575025275566,0.31668342021738527,0.047619047619047616,864.8007794262594,864.8007794262594,123.73046643568523,123.73046643568523,864.8007794262594,21,11.438975314173987,0.04159783399395266,0.01375610197453488,0.19409509693524196,0.06960580017035543,0.0051215838310939635,0.0075400615731002745,0.4,0.45,1064.3182373046875,9.741857528686523,9.99342055547805,109.57723788305874,66.82681652998365,57.238994568986605,0.009153143474603146,0.0108768728720784,True,16,796.7460872874726,28.917955311437254,53.11640581916484,258.2343739611315,142.3718838108019,72.2634579147724,5,723.0312431980637,0.2,0.0,0.2,29.613285848058876,17.97266605385812,68.05469213878678,59.24688134324679,0.0,14.933593532070518,4,2,0.25,0.4,raw,0.5593693996078679,0.0009504493702966492,1.0644491392315325,0.34736100567056766,0.0005902164997524796,1.0889758917576078,0.27342921104288165,0.6,0.8,1.0,0.2588667205163834,588.5315063476559,0.08897589175760778,-0.0827,-0.15449999999999997,0.0027000000000000357
42821845,TDE,r,59783.3671875,199.4167938232422,1.4524417270612724,0.9942504594276262,1.4558636906524987,1.4558636906524987,0.003421963591226216,0.35479901224135724,0.026376481858299716,0.04658710571422603,0.019162175779925246,0.7619047619047619,53.77343682117498,12.925781780555553,53.77343682117498,12.925781780555553,797.707033351202,21,1.8010810501627559,0.005698533866463436,0.0016491587363757702,0.035267784834358044,0.010388757770924746,0.00048303313556638994,0.001019779008155438,0.0,0.4,199.4167938232422,3.309943914413452,3.465961916106088,87.71256460550673,3.1901714173712863,10.656451200424593,0.016598120203192613,0.020721298790823676,True,16,797.707033351202,28.95314286244684,53.18046889008013,196.2499959850902,169.28123506714036,63.31215462828289,5,433.79296972112206,0.0,0.0,0.0,16.752328557842702,10.968711778870784,42.94921526891994,35.347652764074155,0.0,335.98828165357554,2,0,0.125,0.0,raw,0.08503958069546823,0.005271311623017774,-1.5345196046187948,0.040103318932721614,0.002485867045472269,0.48944492500392595,-0.0574176883545978,1.0,1.0,1.0,0.282361971762663,16.132527685165368,-0.5105550749960741,0.3173,0.045499999999999985,0.0027000000000000357
45131816,SNII,r,60553.13671875,53.98808822631834,1.2941838613104173,1.0782332060785151,1.179278862294473,1.179278862294473,-0.1149049990159443,0.36737798583410686,0.13999979192947667,0.03565727337391024,0.06254738543666116,0.56,62.863281347112206,62.863281347112206,62.863281347112206,62.863281347112206,829.6875057123543,25,3.564774510322567,0.019479406069382966,0.005315511925695409,0.16519218444223166,0.03957497077910767,0.002379447006494094,0.005446958273605061,0.4166666666666667,0.5416666666666666,53.98808822631834,3.5105230808258057,3.4280335474014283,18.1360469067218,0.8670185552930607,4.143663909729344,0.06502403022884742,0.08139218967942792,True,20,829.6875057123543,31.917949974282237,43.66776345854496,196.2499957530381,100.61249262824708,50.33590048563253,5,765.8632838686171,0.0,0.0,0.0,11.96249600184965,10.964844466019713,23.949218457790266,22.349215637626184,0.0,29.917968248788384,5,1,0.25,0.2,raw,0.09850389843232549,0.011499837651881898,-0.6047132547626574,0.06771115381549124,0.007904938672398998,0.5158983052547111,0.2658317559655551,1.0,1.0,1.0,0.3417146394235449,8.56567730903625,-0.48410169474528886,0.3173,0.045499999999999985,0.0027000000000000357
51832424,SNIa,r,60119.35546875,54.56809997558594,1.4005982299523934,1.0457987366040533,1.2601402336295064,1.2601402336295064,-0.14045799632288689,0.33848575231861233,0.21598933829440672,0.020162695652477858,0.07146497202062974,0.5714285714285714,46.83593801200914,2.95312491862569,46.83593801200914,2.95312491862569,797.7070327043621,21,3.549600677574504,0.010096746647121518,0.003228099920215821,0.08808981698971581,0.020556751484831205,0.0007964904037926846,0.0012902915208611696,0.4,0.4,54.56809997558594,3.0642220973968506,3.399113581294105,22.440755293283004,0.9432484704462164,3.4107230027378406,0.056154091836948694,0.07369094598278887,True,16,769.7812739374058,28.95312500658474,51.31875159582705,193.2578053281759,138.9656185775966,58.01518492441429,5,784.7812510591466,0.2,0.0,0.2,19.54295968219958,12.925781645215466,42.91796653809433,36.92108342963911,0.0,239.29686891060555,5,0,0.3125,0.0,raw,0.06422296186022294,0.012521965374830111,-0.8434850155724878,0.04967038907777251,0.009684556335783545,0.24245798559588458,-0.05758319677300139,1.0,1.0,1.0,0.42666970228967505,5.12882442474365,-0.7575420144041154,0.3173,0.045499999999999985,0.0027000000000000357
63777094,TDE,r,60531.22265625,1461.893518066406,1.0815932037339213,1.0022388694988429,1.0777175500888179,1.0777175500888179,-0.0038756536451034136,0.33556312277187905,0.21169953747248146,0.0004712955959694433,0.0020075143337481777,0.5909090909090909,78.7656235402319,44.917968044981535,78.7656235402319,44.917968044981535,805.6835675462789,22,2.027436353481639,0.009976546885758318,0.00011894425045930308,0.04939393628855926,0.017164566757914463,0.0006651848566319691,0.001182175686822197,0.19047619047619047,0.09523809523809523,1461.893518066406,3.745116949081421,4.504186424342069,420.6833383848483,1.3591704026856273,46.19221179228011,0.0025618260856884794,0.006247165900124916,True,17,805.6835675462789,24.94335801806301,50.35522297164243,242.26170011451904,134.49804076509463,66.08446506252542,5,683.109363349984,0.0,0.0,0.0,21.171089568230673,10.972656708625436,46.03514190953865,44.78827201295644,0.0,10.972656708625436,6,2,0.35294117647058826,0.4,raw,0.011328673849953994,0.000827207654036064,-1.2322519401661793,0.04344071490037092,0.0031719945633823018,0.4089733432052604,0.2337766554381564,0.8,1.0,1.0,0.4941805086171626,13.695078611373795,-0.5910266567947395,0.11730000000000007,0.045499999999999985,0.0027000000000000357
41464750,SNII,r,60085.41015625,307.9019012451172,1.4218890487222167,1.0167502894471951,1.3939794512608592,1.3939794512608592,-0.027909597461357565,0.3795196870649125,0.25878743538455035,-0.00047719418182719676,0.014923615854666398,0.6923076923076923,83.78125104578794,36.92187482920417,83.78125104578794,36.92187482920417,797.7109506991037,26,3.0703833888239918,0.004690128250746142,0.0020690236044764343,0.015971741551972497,0.006301440266244287,0.0003419457152065819,0.0005699846094837781,0.4,0.32,307.9019012451172,3.632894992828369,3.7219962569383473,118.14514985628188,1.3361845896794557,15.742953541930307,0.011798871582596246,0.018755731767160545,True,20,797.7109506991037,21.94532349997462,41.984786878900195,282.1914176621285,68.69374880399256,66.03376810672474,6,765.8788813885985,0.0,0.0,0.0,10.635425764305788,8.000003096047294,23.95312103946344,21.945315218759788,0.0,65.85156403087603,3,0,0.15,0.0,raw,0.03877063638517796,0.00319812469989078,-2.1746479212757905,0.020318330980803028,0.0016760250083257423,0.8966361769428427,-0.4679661250277049,0.6666666666666666,1.0,1.0,0.37914615813297364,12.122928285598753,-0.1033638230571573,-0.016033333333333344,0.045499999999999985,0.0027000000000000357
61115846,SNIa,r,59814.18359375,18.274582862854004,7.343454727668495,1.1973421599058442,7.12743409725216,7.12743409725216,-0.21602063041633493,1.3796080687457695,0.3637215914027807,-0.029467265105958897,0.16644637057594583,0.7692307692307693,0.0,0.0,0.0,0.0,865.7616975878336,26,17.635365174471065,0.04071861299465796,0.017038185060694388,0.371219983963291,0.0855345437750987,0.0037909706896499043,0.0067476631582875,0.44,0.36,18.274582862854004,3.09079647064209,3.3732676781140842,42.14152767642671,0.9319765078142717,2.8135856369366974,0.16913089036492457,0.22891428184806106,True,20,810.7422113576758,14.976590512851544,42.67064270303557,285.1328294954146,80.41091266218268,76.92860162217382,6,723.0156001582582,0.16666666666666666,0.0,0.16666666666666666,36.30336283324747,34.00389376030944,88.88279157185025,71.95113890100401,0.0,111.92578565696022,4,0,0.2,0.0,raw,0.10946945292400996,0.020828481618667273,0.7566898325160882,0.23444382665894162,0.044607046109616286,0.18705351824255018,0.049479375375608814,1.0,1.0,1.0,0.40343375705069906,5.255757713317869,-0.8129464817574499,0.3173,0.045499999999999985,0.0027000000000000357
62522166,SNIbc,r,60581.0859375,115.61523361206049,1.182143134793791,1.0335190823506002,1.1343276270056046,1.1343276270056046,-0.04781550778818623,0.3181830615042811,0.02965291768852,0.0010776002047826587,0.014544924891040627,0.8571428571428571,30.882812549789378,30.882812549789378,30.882812549789378,30.882812549789378,833.6914150234807,28,2.6949484989359105,0.009249216994577756,0.0017738130889330475,0.11338595417527045,0.02367898047868996,0.00109853249776149,0.0021804954156589697,0.48148148148148145,0.5555555555555556,115.61523361206049,3.3493800163269043,3.3365314645426616,39.1551728826184,0.6565009724938986,4.8246512359400056,0.02897005793860638,0.04093496091067502,True,22,797.722666115842,18.984374941115675,37.9867936245639,238.27344447694486,40.85940422031126,60.876741441986816,6,799.8632621605939,0.16666666666666666,0.0,0.16666666666666666,12.457019476367956,6.449175602083415,35.968748907638656,27.953131380370905,0.0,27.921875158586772,3,2,0.13636363636363635,0.3333333333333333,raw,0.22847613632225047,0.040157965961708356,0.6969573789139698,0.11353642179202515,0.01995565854329569,1.816276917580831,0.62114903931714,0.6666666666666666,0.8333333333333334,0.8333333333333334,0.24648064707598596,5.689434981346125,0.8162769175808311,-0.016033333333333344,-0.12116666666666664,-0.1639666666666666
45854551,SNIbc,r,60169.1953125,84.34472274780273,1.3609645352067028,1.0727340269853236,1.2473944123196334,1.2473944123196334,-0.11357012288706934,0.36682163979054205,0.07961066381643614,0.00629343464703792,0.047293997275909536,0.6666666666666666,64.81640414135472,44.878905375197064,64.81640414135472,44.878905375197064,848.8046927916512,27,3.3506038012410686,0.018444331080312085,0.002942708077639829,0.16519626750696628,0.04047986816414817,0.0020653408647642257,0.00393299896243576,0.34615384615384615,0.38461538461538464,84.34472274780273,3.1669139862060547,3.380087066579748,33.22197455394113,1.0520690757327067,4.916297496715536,0.037547268910651035,0.055785304563726226,True,21,848.8046927916512,12.974609805281943,42.440234639582556,267.2265736534973,138.5624993381521,72.53952769066244,6,718.039075542496,0.0,0.0,0.0,37.75585122837341,36.41600744715106,65.97656549961539,61.93358897310827,0.0,49.81249888866296,7,1,0.3333333333333333,0.16666666666666666,raw,0.07567937684628452,0.012091838494528813,-0.08295850001808812,0.09396455491520898,0.01501339294260815,0.19477499971090617,-0.08818824425537049,1.0,1.0,1.0,0.4487952777782449,6.25871548652648,-0.8052250002890938,0.3173,0.045499999999999985,0.0027000000000000357
4830587,SNIa,r,59784.31640625,43.689083099365234,1.428336386872381,1.0713441042437455,1.312554598945885,1.312554598945885,-0.11578178792649607,0.34452823423735207,0.08753750116728781,0.016205192246790335,0.06576749844701668,0.6153846153846154,1.0234375263098627,1.0234375263098627,1.0234375263098627,1.0234375263098627,849.839854565289,26,2.96157069156089,0.013155852350782078,0.004779424827982159,0.07031891212140491,0.022052334089410933,0.001987690618641734,0.003382821392029215,0.4,0.4,43.689083099365234,3.2015410661697388,3.135978964658884,17.911470057888838,0.8828250910615646,1.9857084326084604,0.07328011574168868,0.08818858165941679,True,20,849.839854565289,24.99999974372622,44.7284133981731,239.29298636924068,89.33906042808074,63.331613267425546,6,444.76173221846693,0.0,0.0,0.0,8.462225987646283,8.931627888530784,15.941392406813975,14.466785607670317,0.0,364.0351661694003,2,0,0.1,0.0,raw,0.03673322910183414,0.006996762933677949,-1.5030312380732884,0.025149412444157793,0.0047903351024556695,0.46015910764471013,-0.01000447991069812,1.0,1.0,1.0,0.2877856884991725,5.2500319719314525,-0.5398408923552899,0.3173,0.045499999999999985,0.0027000000000000357
7160570,TDE,r,60593.11328125,5.325799942016598,2.593117188879376,1.3782828597551877,1.551133081422064,1.551133081422064,-1.041984107457312,0.5644594080303946,0.8224398283841048,-0.17718239648233894,0.49292489093918224,0.041666666666666664,810.7617530789503,298.03125816328975,809.8125251786187,0.0,849.7578461488665,24,14.666805768048247,0.1433852527539285,0.03213796887058209,1.2755276670113418,0.37044155387606287,0.023211367525727868,0.06083400909635222,0.4782608695652174,0.4782608695652174,5.325799942016598,3.465880513191223,3.4968882898489633,2.383528354095302,0.6395406663357412,0.7279672438958403,0.6507718184920926,1.0451688117086813,True,19,849.7578461488665,25.017592684198462,47.208769230492585,239.28904676708044,106.56016160312075,64.25019180777575,5,428.8515492777151,0.0,0.0,0.0,13.378909969747474,12.96093763855606,26.945306964000338,23.390621231496336,0.0,12.96093763855606,5,1,0.2631578947368421,0.2,raw,0.3749838045907737,0.06735591933225882,0.6403222065826141,0.23694693296487257,0.04256124746567463,0.6740041246523717,-0.02736492131862378,1.0,1.0,1.0,0.1999945019094811,5.567198967933653,-0.3259958753476283,0.3173,0.045499999999999985,0.0027000000000000357
46815704,SNIa,r,60122.36328125,20.654719352722168,1.3266218582168297,1.1198216725998744,1.1919113836831887,1.1919113836831887,-0.13471047453364093,0.3676515337684974,0.39800368418559334,-0.0621175699023222,0.12129977130011872,0.15384615384615385,483.8203107821755,44.91015457125468,483.8203107821755,44.91015457125468,849.8320264582289,26,5.110519960760074,0.034786208172857463,0.007352800432478927,0.20749984087067955,0.06778751194490057,0.0051234051153617975,0.008874095271013039,0.2,0.2,20.654719352722168,3.168952465057373,3.288931511915647,7.768685518242793,0.9953165311729231,1.857673062237897,0.153425104013322,0.22222891398821215,True,20,821.7734459443018,18.980465307220584,43.25123399706852,242.2734421492205,95.54687870757176,68.57849570601115,6,848.8085765665746,0.16666666666666666,0.0,0.16666666666666666,12.312503331785896,7.449225741995178,28.058580513927154,27.5019494228618,0.0,2.980468745350663,3,2,0.15,0.3333333333333333,raw,0.3550875823499389,0.05410193787050382,0.3020300301471271,0.1986541893626467,0.030267396396930244,0.9135544004649067,0.02301424620211821,0.6666666666666666,1.0,1.0,0.16984281272404084,6.563306164741492,-0.08644559953509334,-0.016033333333333344,0.045499999999999985,0.0027000000000000357
57078294,SNIa,r,59844.1875,34.52209267616266,4.595064009415386,1.1480331375713626,4.415392051642618,4.415392051642618,-0.17967195777276748,0.9028948162457201,0.13282862192150802,0.007156156404927776,0.10551947689035497,0.875,24.035156496596755,0.0,24.035156496596755,0.0,849.7616910388388,24,11.167697728558228,0.02064707427267375,0.007160791918084733,0.13699461301262764,0.03826006632075214,0.0022034340933003663,0.0039579808001103285,0.5652173913043478,0.4782608695652174,34.52209267616266,3.3033570051193237,3.4880730907122293,46.143536218511876,0.6429011507407651,3.4368920052855363,0.09568820280122463,0.14017156397984232,True,19,849.7616910388388,21.986340737305,47.20898283549104,251.15625448795618,111.03163966634395,69.84640712169364,5,510.7656181482962,0.0,0.0,0.0,15.543741821084405,15.933569922708557,26.945309607617673,24.528117708177888,0.0,59.87109317670547,2,0,0.10526315789473684,0.0,raw,0.06647864473450697,0.012153672790935348,-0.1619316761100312,0.09769749307537942,0.01786112469763542,0.30432774103064053,0.0027753510256149742,1.0,1.0,1.0,0.38922653960236875,5.469839930534346,-0.6956722589693595,0.3173,0.045499999999999985,0.0027000000000000357
58556668,AGN,r,60494.3515625,31.616856384277344,1.461566325166238,1.0752547163099662,1.2021203669442462,0.2594459582219919,-1.2021203669442462,0.39729622771918943,0.7323034696854402,-0.23656582988194788,0.34301178991197484,0.037037037037037035,849.7968403153427,763.9413701450321,0.9882708514778642,0.9882708514778642,849.7968403153427,27,6.177954512861537,0.03636198999975327,0.009661560857736822,0.23475732352366735,0.07181094289942602,0.00606238555435481,0.013167992221362201,0.038461538461538464,0.3076923076923077,31.616856384277344,3.243083953857422,3.4222991598976984,11.719482917820867,5.436797912484072,5.808500774308407,0.10257452273054464,0.17520382094757425,True,21,849.7968403153427,26.472665617173334,42.48984201576714,239.29297155348468,73.84253154797426,61.46640260589603,6,724.9452752692523,0.0,0.0,0.0,7.798817268789814,6.927705352984049,18.003906059522706,15.482423054858373,0.0,25.96093735122122,4,1,0.19047619047619047,0.16666666666666666,raw,0.15363120912600092,0.00684779188743992,-0.5063094763074693,0.08917853803321212,0.0039749480118765135,0.3291522081417576,-0.980333414749254,0.6666666666666666,1.0,1.0,0.7243607447335308,22.435145759582465,-0.6708477918582424,-0.016033333333333344,0.045499999999999985,0.0027000000000000357
114244753,AGN,r,60633.125,11.538790702819824,1.8539096355912852,1.5985059175742329,1.0660063859898,1.0660063859898,-0.7879032496014852,0.5255533889971891,0.6672433667438089,0.11848130623104694,0.5938120624270325,0.043478260869565216,848.8085807095049,788.9414282720536,848.8085807095049,788.9414282720536,849.7968695716118,23,8.316445646975085,0.0710575758336812,0.013752847608327201,0.6694993717686122,0.1624693983337549,0.013715682736030764,0.033940672185028234,0.2727272727272727,0.4090909090909091,11.538790702819824,3.163969039916992,3.2507399994394053,3.8876564279302714,1.1427804019801067,1.7615585346710905,0.2742028277836592,0.39795417486583307,True,18,788.9414282720536,13.97656204449595,46.4083193101208,293.14844979954796,122.63748510148733,81.47361231044775,5,809.7851516791561,0.4,0.4,0.0,45.3335851477168,59.867152437451296,85.94531499562436,75.90936551719787,0.0,40.011717892455636,3,1,0.16666666666666666,0.2,raw,0.48854298817659914,0.0695924072337608,0.8876737258989253,0.2973577542649034,0.042358282545730236,1.3596218012552448,-0.28591290034759487,0.4,0.8,1.0,0.27363524561974745,7.020061635971061,0.3596218012552448,-0.28269999999999995,-0.15449999999999997,0.0027000000000000357
122452449,SNII,r,60580.15234375,101.12306518554688,1.469575711972499,1.0276849236710965,1.4401664763097881,1.4401664763097881,-0.02940923566271083,0.40162604533325863,0.03956450743820408,0.0008237883486640634,0.018674129126639134,0.8181818181818182,52.980470531780156,13.976562385330908,52.980470531780156,13.976562385330908,849.804692310674,22,2.894234776674441,0.008327183723380073,0.001212924812974403,0.04865539205257025,0.0154233124028223,0.0007373348098860523,0.0013363747985583293,0.3333333333333333,0.42857142857142855,101.12306518554688,3.115093469619751,2.999915274706754,46.75110069159213,0.8229978187220018,5.6029449981984305,0.03080497474937082,0.04111208115935125,True,17,849.804692310674,25.488258780322212,53.112793269417125,243.23829619206663,153.12695396337222,73.67821757347713,5,91.8203100013925,0.0,0.0,0.0,19.382812851527706,18.031250080304744,36.035154350000084,33.60078161945857,0.0,13.976562385330908,3,2,0.17647058823529413,0.4,raw,0.20352036583813912,0.04458684006745149,-0.062214785266737224,0.11858254222688476,0.02597882930923424,1.1605605664535756,-0.2778436138948592,0.8,0.8,1.0,0.3992049770142226,4.564583754539481,0.16056056645357564,0.11730000000000007,-0.15449999999999997,0.0027000000000000357
16829513,SNIbc,r,60295.09375,5.97811427116394,35.53343693641635,1.7177552952141084,34.52251881055923,34.52251881055923,-1.010918125857127,7.069699576093295,0.5295911543309,-0.180829936518458,0.4449135447819268,0.9565217391304348,0.0,0.0,0.0,0.0,809.7890543171306,23,79.11074068488539,0.12645097457550106,0.038005268982296427,1.1894815888668924,0.2792840043165216,0.012071299417000787,0.027279475640262535,0.45454545454545453,0.36363636363636365,5.97811427116394,3.187190055847168,3.329069407089897,64.7528257686764,0.56567378498192,3.2928574131118746,0.5331430466662227,0.7274894469889853,True,18,809.7890543171306,19.046876775173587,47.63465025394886,251.16404219232936,132.58281015582475,69.64113587553825,5,718.039064459379,0.0,0.0,0.0,21.328902435096097,17.89841538462497,41.90625113191345,37.910941431669926,0.0,85.92577841408638,1,0,0.05555555555555555,0.0,raw,0.12355952528161508,0.03120317270801662,-0.04833407884934522,0.11881880598964015,0.030005972552945043,0.32037540484563143,-0.11573521318462368,1.0,1.0,1.0,0.40777845243837485,3.9598385214805596,-0.6796245951543686,0.3173,0.045499999999999985,0.0027000000000000357
41941000,SNIa,r,60268.13671875,44.490219211578335,2.278343274851437,1.0724044118818608,2.185326490294036,2.185326490294036,-0.09301678455740137,0.47369783024324474,0.11269068119863036,0.0358661981677321,0.07291440095178185,0.7777777777777778,26.945311873889295,26.945311873889295,26.945311873889295,26.945311873889295,833.6914127374184,27,5.958489195965009,0.01840301172624651,0.005565617112804081,0.1681834804947843,0.03734367998234699,0.0027612178476615627,0.006299818499107591,0.34615384615384615,0.5,44.490219211578335,3.179353952407837,3.413079584086383,30.580317906541474,0.8233305531868136,2.1680274350775366,0.07146186305102376,0.09812396187815782,True,21,799.8281333663763,20.460937773419573,39.99140666831882,243.19530763490184,72.7214840594601,61.95042908848479,6,766.8398493412969,0.5,0.5,0.0,17.424470419743255,16.417952120151313,33.863279371042154,33.38476310145052,0.0,226.21484809106187,2,0,0.09523809523809523,0.0,raw,0.0638036144542128,0.009903481134967784,-0.8020698929294278,0.05444757538083625,0.008451253745441136,0.27871362377047393,-0.3441285042583182,1.0,1.0,1.0,0.4757652014021928,6.442544150352476,-0.7212863762295261,0.3173,0.045499999999999985,0.0027000000000000357
23783540,SNIa-91bg,r,60531.2421875,151.53078308105475,1.5535175741361544,1.0428264654443935,1.507945032069875,1.507945032069875,-0.045572542066279274,0.3880171515157961,0.07232713881104852,0.009813913245139468,0.02347299136126677,0.8,21.94531290535815,7.105468703288352,21.94531290535815,7.105468703288352,809.7773722289348,20,3.3788485661704017,0.013215566779420783,0.0029260108160369504,0.07524893901492237,0.02477229242762782,0.001235841411984218,0.002354203333510933,0.42105263157894735,0.47368421052631576,151.53078308105475,3.1756060123443604,3.2877891063690186,71.95479875793735,1.2488993733203726,7.455353749642936,0.02095683759943159,0.02825331941645245,True,16,809.7773722289348,23.917960418621078,53.98515814859566,243.19527681713953,173.06328262880268,73.09587682254876,4,391.91407621682447,0.0,0.0,0.0,21.20216134859038,17.51953237190901,44.86328959000093,39.51484519371807,0.0,322.10156099058804,7,0,0.4375,0.0,raw,0.037483273849052,0.006907601893215564,-0.4205268545750166,0.06634191071335886,0.012225813302450518,0.12268841767973036,-0.15051765819349752,1.0,1.0,1.0,0.5039068030549787,5.426380157470703,-0.8773115823202696,0.3173,0.045499999999999985,0.0027000000000000357
48229629,SNIa,r,60538.34765625,67.883634185791,1.5670918371905591,1.0857451008349548,1.4585020975834315,1.4585020975834315,-0.1085897396071277,0.36292312716107894,0.11421209190473655,-0.01270303936356347,0.038303108397552306,0.6296296296296297,19.859375640691724,11.882812518553692,19.859375640691724,11.882812518553692,848.7773085788795,27,3.793484505973758,0.017386055185527095,0.003102035245123772,0.12920634039090934,0.03390606681183051,0.0036800990900512686,0.007139489914780436,0.5,0.3076923076923077,67.883634185791,3.137521982192993,3.421758832754912,31.55624834295499,0.900614566910226,3.807312670866856,0.046219122176133005,0.07218887625270949,True,21,820.7187173470302,13.984375119125616,41.03593586735151,231.3320459776878,97.47149581864812,61.754863690932915,6,481.80468484076846,0.16666666666666666,0.0,0.16666666666666666,11.322269989365546,8.466798422155989,28.058591231849277,24.0097769967324,0.0,41.800779752156814,5,2,0.23809523809523808,0.3333333333333333,raw,0.07146109593261286,0.009871127813312335,-0.6436583091049769,0.06048822682920411,0.00835541367564177,0.9541790674599876,-0.006940771302784379,0.6666666666666666,1.0,1.0,0.2677191414021869,7.239405393600464,-0.045820932540012405,-0.016033333333333344,0.045499999999999985,0.0027000000000000357
111353970,SNIa-91bg,r,60494.3515625,15.868176221847534,1.5654964608350972,1.1857846829784051,1.1671204477495665,1.1671204477495665,-0.39837601308553083,0.37625690909540876,0.4438733656515033,-0.1181383393867611,0.18463230560843583,0.07692307692307693,836.8593639172541,14.01953143562423,836.8593639172541,14.01953143562423,849.7578494068512,26,6.16900106834918,0.022227759026196045,0.012506860779959708,0.13088492025275872,0.035493643576649365,0.004303245837488406,0.009862646466737363,0.36,0.36,15.868176221847534,3.0649129152297974,3.3573079521839437,6.042609838923643,0.9661324473115831,1.5829968371852128,0.1931484042261883,0.30831366629777907,True,20,849.7578494068512,24.917963236490323,44.72409733720269,231.33206884884567,92.63827944098001,61.075582395384124,6,747.9883040073692,0.0,0.0,0.0,7.940746058650499,9.908191842732776,12.046875248241122,12.001954040595592,0.0,14.01953143562423,3,1,0.15,0.16666666666666666,raw,0.17217948406290273,0.02972352648670734,-0.33992231003026524,0.09402664328785064,0.016231918903889732,0.6748043466500635,-0.0652553034817609,0.8333333333333334,1.0,1.0,0.30607524037036793,5.792700409889221,-0.3251956533499365,0.1506333333333334,0.045499999999999985,0.0027000000000000357
121274615,SNIa,r,60111.41796875,48.85695152282715,1.1305625236857235,1.022794346188606,1.0911383277342819,1.0911383277342819,-0.0394241959514417,0.34625789132441187,0.3576413203215606,-0.010183075160619823,0.0414651222509178,0.6,97.72265584384877,39.90234179174877,97.72265584384877,39.90234179174877,809.7773498205061,20,2.699545931202084,0.005712086249957579,0.002979197120272168,0.018532436488602852,0.007135698658835472,0.000623791467989973,0.0009963052587282585,0.5789473684210527,0.2631578947368421,48.85695152282715,3.167620062828064,3.2438149452209473,16.82957277875598,0.5716156612553871,3.522000967772869,0.06483458267649128,0.08817225751575239,True,16,809.7773498205061,25.835925228340784,53.985156654700404,243.19530433702312,160.5671860848582,71.60208128591607,4,679.0976544704317,0.0,0.0,0.0,17.508780078886048,16.958983676609932,27.03513595754339,25.212875937932406,0.0,31.898437360621756,2,2,0.125,0.5,raw,0.048691500714148184,0.008384308477660824,-1.3222209431325411,0.031610214249057036,0.005443040025916366,0.42804255282315656,-0.36655176910125636,1.0,1.0,1.0,0.46645912915891097,5.807455778121948,-0.5719574471768434,0.3173,0.045499999999999985,0.0027000000000000357
121456044,SNII,r,59783.36328125,9.203094005584717,2.2025207189924174,1.1820591255974586,1.1077597965253057,1.0947609224671115,-1.1077597965253057,0.42375609874722386,0.5109839104983257,-0.07706104318552362,0.3284248430306177,0.11538461538461539,810.753917236485,511.71875200609793,797.8515738936185,355.0547007943969,810.753917236485,26,11.699371617504964,0.055234226052807166,0.02246294373792809,0.3453643138569716,0.09076012984979215,0.007104500574946657,0.012890290773881716,0.52,0.6,9.203094005584717,3.2986375093460083,3.328279270575597,3.090614689896927,0.683900460097457,0.8661409763064777,0.3584270145827365,0.4859500793951924,True,20,809.7460665539475,19.050777926386218,42.618214029155126,239.2734287841231,109.00312236015299,64.11115174035471,6,482.70311871008744,0.16666666666666666,0.0,0.16666666666666666,8.641925094145941,7.968747239239747,19.96483329458715,16.462862313575897,0.0,328.05079852639756,3,0,0.15,0.0,raw,0.3099252010788873,0.07169284721871447,0.36747671749390665,0.187237592692952,0.0433123736947061,1.0149746692535078,0.20762241107561275,0.6666666666666666,1.0,1.0,0.16980214117691428,4.322958469390869,0.014974669253507766,-0.016033333333333344,0.045499999999999985,0.0027000000000000357
54793588,SNIa,r,60467.32421875,26.918140792846668,1.4212585583833053,1.092710444011972,1.0835736307475978,1.0835736307475978,-0.33768492763570757,0.34682303897412137,0.30100867713272655,0.034782825078268,0.12924332626298213,0.36,756.7577803062813,38.92187453668157,89.76562211224518,38.92187453668157,865.8320253654674,25,5.006397928286953,0.022564544989714216,0.016286936054675974,0.11816871557936363,0.034800419214673556,0.004349202743785416,0.009621736834008793,0.20833333333333334,0.4166666666666667,26.918140792846668,3.328192949295044,3.3320665550231934,8.763851133708462,1.1645124113045373,2.1905881180724363,0.12364126389365981,0.1850165652482783,True,20,799.7734275149924,21.96875053808617,42.09333829026276,254.30469385015022,115.1844053660621,63.14849628484654,5,839.8086107577474,0.2,0.0,0.2,22.36795846125897,11.89061881518137,66.05859785047505,47.99609438590561,0.0,34.94531206070678,4,1,0.2,0.2,raw,0.19481492594049615,0.027262309137831703,-0.023043726108183605,0.10887829424543578,0.015236377304198426,1.0730958320225215,0.5919049355979519,0.8,0.8,1.0,0.4418078665579727,7.14594368934629,0.07309583202252146,0.11730000000000007,-0.15449999999999997,0.0027000000000000357
61063886,AGN,r,60553.11328125,100.80623435974121,0.9253331395576878,0.7329682881842197,1.0640897053837584,-0.13875656582607052,-1.0640897053837584,0.2394986395038065,0.3486905262611378,-0.5393880502802768,0.17923465744863035,0.0,865.8320051448609,865.8320051448609,,,865.8320051448609,26,2.8391289526149492,0.01282589466764836,0.0059601121875001075,0.11262067796182561,0.02538570493707904,0.0018089805905829592,0.003945741951880522,0.0,0.12,100.80623435974121,3.8892509937286377,3.927029848098755,27.580342948724432,16.870442399038286,17.991756083630516,0.03858145300665928,0.05607219272058868,True,20,852.7382855163742,20.902343672707502,44.88096239559864,254.2929830982248,115.18434893151858,63.11437774943142,6,719.0077873321061,0.16666666666666666,0.16666666666666666,0.0,18.46287905669548,17.968722954894474,31.929688948388502,30.445313392585376,0.0,50.84374858614319,4,0,0.2,0.0,raw,0.05683385007835021,0.0006646682876821986,-1.3201572957732186,0.034289330198427774,0.00040101155134377044,0.6685567358130802,0.23150368640193797,0.8333333333333334,1.0,1.0,0.2890432375267131,85.50708847045895,-0.33144326418691983,0.1506333333333334,0.045499999999999985,0.0027000000000000357
89285651,SNIa,r,60209.015625,8.034350824356078,58.34231138612546,1.5661376100375808,57.33502672572187,57.33502672572187,-1.0072846604035885,11.977105469731782,0.6734954901477572,-0.09439449307636744,0.4485070887826879,0.9545454545454546,0.0,0.0,0.0,0.0,801.6210692912064,22,126.8988337505061,0.21829380380728672,0.032826137970329405,1.7212897857466944,0.5167172398982863,0.0482314421277253,0.1588247702941288,0.6190476190476191,0.7142857142857143,8.034350824356078,3.374611496925354,3.457915344021537,136.50451901144305,0.930425229867113,4.418146144024298,0.4200229204200597,0.6522635727945454,True,17,801.6210692912064,26.408195574083948,50.1013168307004,253.3554728329982,120.05273481826953,65.62898760418021,5,430.8632884902763,0.0,0.0,0.0,14.539061433216556,8.9414048388644,36.87890506840631,30.49608819005516,0.0,33.894531803554855,2,2,0.11764705882352941,0.4,raw,0.5512317804070928,0.08531845061309494,1.360331474477609,0.2986935699196886,0.04623113815176188,1.9543170514877493,-0.21893790676816524,0.6,0.6,0.8,0.2286540309925642,6.460874247550951,0.9543170514877493,-0.0827,-0.35450000000000004,-0.19729999999999992
120060791,TDE,r,60119.34765625,192.45356063842763,1.1349401010052895,1.015617011174202,1.108836676975363,1.108836676975363,-0.02610342402992657,0.32478420078678594,0.23272582310763973,0.0019191902289553418,0.011317154003167533,0.6956521739130435,80.77734218990372,36.87890618437814,80.77734218990372,36.87890618437814,799.7578272977335,23,2.3685287600080054,0.004807985344535859,0.0012439996492293365,0.022776331827458116,0.007999461224721588,0.0003700294017745252,0.0007149897070080823,0.36363636363636365,0.36363636363636365,192.45356063842763,3.2873640060424805,3.4613099720167075,64.91510105304505,0.665915680196477,10.69825213348953,0.017081336376096566,0.028731705039498668,True,18,799.7578272977335,14.937499153864337,47.04457807633726,294.18750148344407,129.82264637699126,83.1958837822516,5,683.1289034387373,0.0,0.0,0.0,25.907025760128455,11.93358100122714,91.92967203249282,63.531241538535696,0.0,2.925781265417754,5,2,0.2777777777777778,0.4,raw,0.03674577768837082,0.0041557121771061195,-1.041060623459249,0.04726251601612351,0.005345087944377253,0.4835772048860517,-0.4311542816375463,0.8,1.0,1.0,0.519786094253918,8.842233562469474,-0.5164227951139483,0.11730000000000007,0.045499999999999985,0.0027000000000000357
129073978,SNIa,r,60649.09375,8.789973616600037,4.757749139042566,1.4195356918498696,4.267581473453754,4.267581473453754,-0.49016766558881164,0.8811746485319952,0.5709239288792802,0.05482587640823855,0.29387155749080374,0.38461538461538464,181.76953145953303,0.0,181.76953145953303,0.0,865.8320028575545,26,16.93362096265981,0.07467665551701753,0.03870472038691839,0.3067689698717154,0.112111416404462,0.014584287789429681,0.025190362053104886,0.8,0.72,8.789973616600037,3.294373035430908,3.3250619814946103,11.386666948432875,0.7824232282404513,1.293415030968074,0.37478759085344926,0.5488607728015609,True,20,865.8320028575545,23.98828004137613,45.570105413555495,254.30468782556272,115.18438731438943,62.23997364318629,6,786.6796753108865,0.0,0.0,0.0,8.148437501333925,7.974622844561964,13.093733034882462,12.494131540988747,0.0,66.05859451178549,1,0,0.05,0.0,raw,0.32958020333433347,0.061811526937021216,0.40158470955666603,0.1984272182039518,0.03721427809973699,0.8172252209501546,-0.36946734981138935,0.6666666666666666,1.0,1.0,0.23973368606580453,5.332018470764159,-0.1827747790498454,-0.016033333333333344,0.045499999999999985,0.0027000000000000357
20051340,M-dwarf,r,60532.20703125,5.758371162414551,2.0614281026426604,1.8901745176098572,1.1046681518383512,0.9567599508043091,-1.1046681518383512,0.5715485213650238,0.803449689502796,0.13421963919367347,0.4426831846055865,0.08695652173913043,799.7578050665397,745.8749661766997,708.050773181676,654.167934291836,799.7578050665397,23,11.654156612239973,0.06423939667923895,0.028236780565563495,0.39877417356935735,0.1148496329634991,0.01792339128007864,0.05937869881848522,0.5,0.36363636363636365,5.758371162414551,3.1605279445648193,3.4787902002749234,2.012666662391942,0.6285843138329201,0.8216132296341305,0.548857976573982,0.958105293498616,True,18,799.7578050665397,13.124988954827131,47.04457676861998,294.18750618317426,131.46483122001518,74.0928598937281,5,715.9960600595368,0.0,0.0,0.0,18.535931733164762,20.93359281813173,34.89842003597005,30.124993399513187,0.0,20.93359281813173,4,2,0.2222222222222222,0.4,raw,0.7673350577622361,0.13994292581868464,1.1869419766647258,0.4539576901468216,0.08279064890154245,1.0838436555960262,0.2318072096186659,0.4,1.0,1.0,0.2763047674898187,5.483200049400314,0.08384365559602625,-0.28269999999999995,0.045499999999999985,0.0027000000000000357
101806291,TDE,r,60463.359375,119.95805168151853,1.111291374861516,1.0244888563301924,1.0485087689297212,1.0485087689297212,-0.06278260593179479,0.3246520035594813,0.15156678415497665,0.0004960317327224854,0.02885517847661347,0.5909090909090909,68.84765620838152,38.9101554600129,68.84765620838152,38.9101554600129,798.613278140554,22,2.4834985348904586,0.006515914458562102,0.00422091285032398,0.02296649380543151,0.00904836875573363,0.0005852115996133226,0.0011673325613572726,0.3333333333333333,0.38095238095238093,119.95805168151853,3.195438504219055,3.3334595398469404,39.36144254559391,1.373538496555163,7.298554899164264,0.02663796601751047,0.041487206866592054,True,17,798.613278140554,29.919930482585187,49.91332988378463,254.2968773538596,118.15818579778716,63.954621864312884,5,430.86720246693585,0.0,0.0,0.0,8.122658646038326,3.984375007566996,20.9335961198085,16.9429701244022,0.0,3.984375007566996,2,2,0.11764705882352941,0.4,raw,0.028187758599258234,0.003352669775596953,-1.777803736424643,0.01952262609390305,0.0023220334534520795,0.48148033378651905,-0.212984040533814,1.0,1.0,1.0,0.3081477113061528,8.40755591392514,-0.518519666213481,0.3173,0.045499999999999985,0.0027000000000000357
120797603,SNII,r,60085.39453125,28.23028640747068,2.182592267104692,1.1084373619415882,1.994758472656656,1.994758472656656,-0.18783379444803555,0.4752489294988982,0.3395125636245999,-0.050005566337480004,0.09595058944726183,0.5,78.96484287723433,36.878906871737854,78.96484287723433,36.878906871737854,798.6132792855788,24,6.534360512523369,0.02686965605294215,0.007440937658527518,0.20532679601147358,0.05399070491875121,0.003408883286673246,0.007236071439608923,0.34782608695652173,0.34782608695652173,28.23028640747068,3.4039905071258545,3.613942633072535,16.54311399486642,0.781822142809227,2.334919561413326,0.12057938265284636,0.19530971362197425,True,19,798.6132792855788,25.874991689743183,44.367404404754375,258.2695272557394,100.80977009046624,62.733748621806555,5,430.8671952425939,0.0,0.0,0.0,8.120309894286038,3.9960987507001846,20.933603238561773,16.933588876674186,0.0,36.878906871737854,2,1,0.10526315789473684,0.2,raw,0.2760011846537147,0.03663443046891142,0.33974862094570923,0.1667404270270203,0.022131936092745174,1.2613345615547578,0.22171641388340727,0.6,0.8,1.0,0.1902406838447892,7.5339286327361865,0.26133456155475776,-0.0827,-0.15449999999999997,0.0027000000000000357
127249666,SNIa,r,60467.34375,30.66754150390623,1.2516307365605424,1.098575962174997,1.1423501165273853,1.1423501165273853,-0.10928062003315714,0.3365263374184448,0.3353815687601752,0.0033423284833795502,0.0965870231457299,0.2916666666666667,732.0429637415873,38.91015631568007,732.0429637415873,38.91015631568007,798.613284469182,24,3.8273561467969857,0.013595015565653143,0.007004433869434637,0.07879257484103015,0.022092207661923883,0.00233521129051027,0.00603282982719402,0.391304347826087,0.13043478260869565,30.66754150390623,3.213673949241638,3.3706701199213662,10.901252013715578,1.0424447557792362,2.5713393198831764,0.10479072633951768,0.1577385703216893,True,19,790.8046942164001,21.04297715974826,43.93359412313334,298.9999981520232,100.80975985064075,71.0408013739491,5,431.7851382873705,0.4,0.0,0.4,13.642971316883632,7.808590252781869,44.72656782130798,30.01876458446641,0.0,113.77734172463533,4,0,0.21052631578947367,0.0,raw,0.12554482681627158,0.020737531428788755,-0.6723113507824827,0.07005593416425022,0.011571859815700527,0.6726498965409795,0.2543021073934447,0.8,1.0,1.0,0.30762202294871305,6.053990912437375,-0.3273501034590205,0.11730000000000007,0.045499999999999985,0.0027000000000000357
8667146,SNIa-91bg,r,60164.359375,8.038787889480584,2.015074703799883,1.5259495530700746,1.360278093975536,1.360278093975536,-0.6547966098243473,0.44791911979285043,0.47293843692499016,0.0451065509444072,0.3984191389615839,0.16666666666666666,765.738264420128,410.6601518067182,730.9999932797509,410.6601518067182,865.8320337219702,24,10.433162860984794,0.06040265073112453,0.025295658226665164,0.6417586176529363,0.1407785935663269,0.009756149346489901,0.02325282541733898,0.391304347826087,0.391304347826087,8.038787889480584,2.9911965131759644,3.0790247122446694,3.6557233936348177,0.7623936357919077,0.812916892549605,0.37209546442818714,0.6014379721551669,True,19,865.8320337219702,24.99609549768138,48.10177965122057,254.30079522926098,114.50976282169003,66.3383665860735,5,497.64061705866334,0.0,0.0,0.0,14.352345730304659,8.015621312719304,33.91015679456905,28.703907602820255,0.0,78.96484393922583,6,0,0.3157894736842105,0.0,raw,0.2373825448458294,0.049946302007928045,0.11250911042915168,0.14642666516775632,0.03080879617847355,0.6923620345815984,0.1289570260128819,1.0,1.0,1.0,0.2940061058536422,4.752755165100098,-0.3076379654184016,0.3173,0.045499999999999985,0.0027000000000000357
19347158,SNII,r,60085.35546875,2263.9483642578107,1.1172567838709717,1.0012814646037305,1.115802885378809,1.115802885378809,-0.001453898492162709,0.33124278146109715,0.17832971089777894,-0.00037285876434807116,0.0012123756245043936,0.7083333333333334,83.77343888281757,36.91406215821189,83.77343888281757,36.91406215821189,865.8320206922363,24,2.2469263251927023,0.00281666276834165,8.422899599627953e-05,0.01830651047050549,0.005489177876525902,0.0001904665486402703,0.00048153904809900835,0.30434782608695654,0.30434782608695654,2263.9483642578107,3.636743903160095,4.850572854280472,694.6103944774513,0.8903798165202508,42.09211781208885,0.0016063722832973392,0.005677657987167498,True,19,852.7343566007039,25.455092278240045,47.37413092226133,254.2851646550771,101.98906105325518,61.929882586439554,5,748.9492244335415,0.2,0.2,0.0,10.371876515929761,11.949213502150087,17.925781647696567,15.994534625230882,0.0,63.859375848776835,3,0,0.15789473684210525,0.0,raw,0.0011131953714759674,0.00012044695771903027,-2.317563981244258,0.012599321377578859,0.0013632377282000558,0.010807659059263664,0.007299973935400525,1.0,1.0,1.0,0.4967177288154609,9.242204141616819,-0.9891923409407364,0.3173,0.045499999999999985,0.0027000000000000357
27613436,SNIa,r,60148.23828125,21.056318283081055,1.365056535237996,1.1397218841078574,1.2127666146568141,1.2127666146568141,-0.1522899205811818,0.3409346008640959,0.18952085734731638,0.008949451815966647,0.1050134945562428,0.23076923076923078,25.88281263000681,4.9609373023267835,25.88281263000681,4.9609373023267835,865.8320259445463,26,5.427593967328905,0.022774245164473888,0.006797106330803645,0.12970107046737717,0.038748202751563085,0.005838599721933115,0.0211782065667943,0.6,0.6,21.056318283081055,3.3313045501708984,3.265932587476877,7.665585495627698,0.5893646385572312,1.3744224293891645,0.15820926077317288,0.1914202822572427,True,20,865.8320259445463,23.97265644105937,45.570106628660334,255.28124025815487,92.25546363435564,59.87553798567575,6,773.7382716138382,0.0,0.0,0.0,6.316408234238527,4.515622179114871,12.925801688397769,12.437509861774743,0.0,20.921875327680027,4,1,0.2,0.16666666666666666,raw,0.06273961058827833,0.011837035640586517,-0.6263111929353541,0.05565250380438868,0.010499916477701283,0.2409425674774128,-0.16769821194052273,1.0,1.0,1.0,0.41523037900917226,5.3002806186676,-0.7590574325225872,0.3173,0.045499999999999985,0.0027000000000000357
67410269,EB,r,60467.32421875,637.6887207031249,5.684294496918613,1.8325831564874524,4.785080090797264,0.8992144061213498,-4.785080090797264,1.1476589749880355,1.430616960818508,0.4265582832402939,0.73319898645865,0.08,538.2578170263587,0.0,735.855471897441,735.855471897441,865.8320233454942,25,29.21411960422256,0.1614650865149401,0.0584307698768168,1.0394892431868181,0.3068911616963091,0.019207702557328173,0.03213958291796645,0.5833333333333334,0.5416666666666666,637.6887207031249,34.56132507324219,33.21867500305176,88.28919594650975,13.483624735298218,16.016798529687183,0.05419779894355724,0.055763610018174016,True,20,799.7734275982148,22.843706465428113,42.093338294642884,254.28906306121644,99.30314373320138,60.89584716534555,5,852.7382840787104,0.2,0.0,0.2,18.993743408420414,8.01561710327951,66.05859574727947,44.810146351173174,0.0,28.953124642350303,4,1,0.2,0.2,raw,0.7217973091589697,0.0022003550542522596,1.58924664442661,0.5533140395324974,0.0016867440873292643,0.7024234780904971,0.47657674570585284,0.8,1.0,1.0,0.4235832558519973,328.036744689941,-0.2975765219095029,0.11730000000000007,0.045499999999999985,0.0027000000000000357
75954855,SNII,r,59926.06640625,7.668408155441282,1.6961801114830464,1.5216771953791919,1.1530950404082128,0.5430850710748335,-1.1530950404082128,0.47794196656257937,0.5849891344681658,0.2371485063799537,0.3743602345379043,0.07407407407407407,811.9101314177315,627.1484400642075,827.9179420590735,526.8046693700599,865.8320024429704,27,10.772285354737582,0.07392729298357847,0.02105792511966955,0.6541542244072422,0.15636147113691998,0.023447652673705025,0.09119822765513863,0.4230769230769231,0.38461538461538464,7.668408155441282,3.2797629833221436,3.1811183293660483,2.6960495184650726,0.8343491729733634,0.8998856594423854,0.4276980198289156,0.5357696043995028,True,21,865.8320024429704,23.43552499058933,43.29160012214852,254.28513685512007,85.22265675380125,59.50997598632797,6,765.7304693469123,0.0,0.0,0.0,5.645185351779219,3.984380464429705,11.89453302750917,9.953125538988388,0.0,2.9999998769999365,1,1,0.047619047619047616,0.16666666666666666,raw,0.2890513465997453,0.0407827958987794,0.2964017095317327,0.17110992342363698,0.02414221959292581,0.5825058252132008,0.2602821282020214,0.8333333333333334,1.0,1.0,0.28184415929588136,7.087580442428578,-0.4174941747867992,0.1506333333333334,0.045499999999999985,0.0027000000000000357
7532482,SNIa,r,59796.33984375,141.83273468017552,1.2222801914462922,1.029970427635967,1.184557848076065,1.184557848076065,-0.03772234337022709,0.32141380802321357,0.08609539517750783,-6.092387575583312e-05,0.01701471220977654,0.72,29.773437057549017,11.933593972513336,29.773437057549017,11.933593972513336,864.6913854545128,25,1.5420966914322554,0.007365426394600402,0.0015600889365346943,0.052994577178749815,0.014682206388887767,0.0008750679252104203,0.0019379734706838013,0.2916666666666667,0.2916666666666667,141.83273468017552,3.0231881141662598,3.1544616508483885,55.57347827355627,0.8847786886527691,6.474240498176393,0.02131516480298692,0.033590025082004905,True,20,798.6288959220474,20.9257391334977,42.033099785370915,282.2656014860622,94.6593764882185,66.29945597040405,5,563.7030905644497,0.2,0.0,0.2,24.79140110651351,23.984376301021257,66.0624895324654,50.81873068385321,0.0,289.0547009175498,6,0,0.3,0.0,raw,0.013704552865176217,0.0017774788489060345,-1.0636357907636558,0.042363932630081834,0.0054945969377660836,0.05679241849001028,-0.0983310417538611,1.0,1.0,1.0,0.5058182557996032,7.710107421874983,-0.9432075815099897,0.3173,0.045499999999999985,0.0027000000000000357
17984784,SNII,r,60082.41015625,120.86967239379857,1.3200291450036254,1.0251367872658161,1.29414563038105,1.29414563038105,-0.025883514622575626,0.3345996524978114,0.0926618074728467,-0.002430220902262841,0.018830217938449054,0.68,39.874999736661266,2.9843748858984327,39.874999736661266,2.9843748858984327,864.6913806522789,25,3.034659424707131,0.007100543619103178,0.0031203570793957567,0.04619280896570543,0.01176507319283412,0.000620296043861966,0.0011654860604431356,0.5,0.2916666666666667,120.86967239379857,3.365755081176758,3.355872073173523,46.474848763901676,0.8058221114508766,5.146823195230221,0.027846150440542138,0.04066730395775149,True,20,864.6913806522789,29.94140736311965,45.51007266590941,254.32814202691225,94.659381580929,60.365598615842295,5,756.8203066745045,0.0,0.0,0.0,9.724998153391061,10.957014737796271,20.949231619379134,17.342972372766237,0.0,39.874999736661266,3,1,0.15,0.2,raw,0.02261941851725145,0.002868972466333724,-1.9710440017343256,0.016243922332002912,0.0020603255508198077,0.5238794302379819,-0.16263699033315637,1.0,1.0,1.0,0.28703779743058644,7.884153223037701,-0.4761205697620181,0.3173,0.045499999999999985,0.0027000000000000357
28381358,M-dwarf,r,60151.23046875,8.737436771392822,5.7831051129155835,1.7385594272739076,4.765836306390188,4.765836306390188,-1.0172688065253952,1.034376114796634,0.3792792010503537,-0.0487714561560682,0.46422865503464233,0.5384615384615384,13.128906663827365,0.0,0.0,0.0,865.8359334267152,26,24.768087826317924,0.11894603352099843,0.03812340229280538,0.6110327573599709,0.1988554187873523,0.018781254971243725,0.03527884572087963,0.72,0.72,8.737436771392822,4.222449064254761,4.146997387592609,9.861858072464877,0.4355841623260649,1.13748760632339,0.48325947010906567,0.6308562234562138,True,20,865.8359334267152,29.93749864504207,45.57031228561659,254.32031081680907,91.50625502392644,60.060365811108625,6,722.89451768031,0.0,0.0,0.0,7.597657665680647,4.832031813326466,17.99219597951742,14.970706705600605,0.0,13.128906663827365,4,3,0.2,0.5,raw,1.266962905028961,0.21406342344114365,2.0004861833716503,0.7367773488453747,0.12448437202202495,1.3969270125537774,-0.6499277894087497,0.6666666666666666,0.6666666666666666,1.0,0.3217376983870263,5.918633294105521,0.3969270125537774,-0.016033333333333344,-0.2878333333333334,0.0027000000000000357
53641640,SNII,r,60491.3125,101.3658248901367,1.3280071535237252,1.0547909590382107,1.266086232764419,1.266086232764419,-0.061920920759306344,0.377365608326394,0.22614745103642678,0.003338126805328941,0.03764480799730087,0.6521739130434783,91.71874877601658,40.89843874982034,91.71874877601658,40.89843874982034,833.792937748025,23,2.837524073647644,0.007425258471317555,0.002855626095692694,0.05276470411816706,0.013559520819175521,0.0006726223000439327,0.0014558281247014269,0.09090909090909091,0.2727272727272727,101.3658248901367,3.153671979904175,3.3106158505315366,40.694744470574435,1.1371840072287018,6.686615964313508,0.03111178726481256,0.05121759496270325,True,18,833.792937748025,20.88281072439713,49.04664339694265,294.24998840455373,130.12656356073137,79.89529082883155,5,773.7148325339367,0.0,0.0,0.0,33.73906324729178,29.937499301799107,76.0469119048721,61.584390353255735,0.0,10.957031199286575,5,1,0.2777777777777778,0.2,raw,0.11451710309784932,0.012086054652715105,-0.09258697766931882,0.09944469629256497,0.010495323421582147,0.6028530326277123,-0.2220425853561438,0.8,1.0,1.0,0.4091041057252218,9.475143575668286,-0.3971469673722877,0.11730000000000007,0.045499999999999985,0.0027000000000000357
94181978,TDE,r,60463.359375,82.36966896057129,1.2718874518995746,1.0411362367443426,1.214165175943951,1.214165175943951,-0.05772227595562383,0.3315883854233835,0.14849495101837473,0.0010262879986673284,0.033167864339563376,0.6538461538461539,68.85156328717858,3.9687500928193913,68.85156328717858,3.9687500928193913,864.6914241475024,26,3.041882994695966,0.0068616798349304545,0.005355618929000983,0.027888525219198407,0.010100098180315811,0.0006498177278455686,0.0008634507185216227,0.4,0.24,82.36966896057129,3.2810654640197754,3.2230565593792844,30.481069244936666,0.8654875777151652,4.192765152743409,0.03983341811887523,0.057270940274785735,True,20,852.7578456489864,27.9023879217566,44.88199187626244,254.3164056697933,94.65937344038389,60.717432304180385,6,768.7539158797445,0.16666666666666666,0.16666666666666666,0.0,9.631514837055875,9.455088071674254,20.94921531278669,16.441396905651345,0.0,38.910157762031304,3,1,0.15,0.16666666666666666,raw,0.07379404754989134,0.008295021231747511,-1.4485771899141688,0.03804437225285722,0.004276481451604849,0.9003802282789461,-0.06907947657445762,0.8333333333333334,1.0,1.0,0.3472744213513478,8.896185493469213,-0.09961977172105385,0.1506333333333334,0.045499999999999985,0.0027000000000000357
100122518,EB,r,60589.046875,2462.879180908203,1.4577830425832794,1.3306885781152953,1.1014216523731122,0.35636139021016716,-1.1014216523731122,0.4378969757445035,0.3813834477695395,0.20391416122881717,0.2666660465429049,0.11538461538461539,865.8359112376929,440.04686515832145,799.7616908193158,799.7616908193158,865.8359112376929,26,8.886839946780581,0.06075002265046676,0.013429829357364555,0.5836241516719529,0.13418251153213623,0.017630715091640846,0.059245624330429535,0.36,0.44,2462.879180908203,34.954715728759766,34.44054126739502,77.60522151233924,20.2050380399068,23.642932854872836,0.014192623007950387,0.019037186604071377,True,20,865.8359112376929,25.949230115104,45.570311117773315,294.17577277215605,89.10233757616074,68.04793962857761,6,455.707038974404,0.0,0.0,0.0,13.290365414201611,6.486325908495928,39.89063111101859,30.386721060418495,0.0,14.035156192519935,2,2,0.1,0.3333333333333333,raw,1.3110653494938616,0.0033276917016859483,2.715149477492656,0.8172103276787936,0.002074209364924955,1.2830727570866933,-1.4595580184833434,0.3333333333333333,0.8333333333333334,0.8333333333333334,0.6227787221997048,393.98642272949166,0.2830727570866933,-0.34936666666666666,-0.12116666666666664,-0.1639666666666666
127540625,EB,r,60463.41015625,15.412599468231194,1.9205168062813145,1.3947024910814785,1.4571209230624218,0.46339588321889263,-1.4571209230624218,0.46937512265459236,0.5929530333234274,-0.05016882451787444,0.336934822535477,0.14285714285714285,864.6874890923864,743.8711129881049,864.6874890923864,864.6874890923864,865.8359487043708,28,13.880130072246937,0.14178450981539634,0.026886769132493403,1.5957374563390223,0.33511740897334813,0.04647583240428646,0.18327511760505186,0.5555555555555556,0.48148148148148145,15.412599468231194,4.440783500671387,4.508640493665423,5.057220456828188,0.9382440484834202,1.2849917465649099,0.28812683479025275,0.3829164272544495,True,22,865.8359487043708,20.921862058108672,41.23028327163671,254.35937017580727,107.88674827947398,60.792377174930635,6,832.6445269301184,0.0,0.0,0.0,14.506518897218484,9.507807825109921,32.04296216226794,31.941431991876016,0.0,153.64453745121136,3,0,0.13636363636363635,0.0,raw,0.4286873618105756,0.06301494601985504,0.635004753803403,0.25346842152553406,0.037258618571608566,1.1244129213569047,-0.4788954495238338,0.5,0.8333333333333334,1.0,0.37682099784526013,6.802947378158553,0.12441292135690474,-0.18269999999999997,-0.12116666666666664,0.0027000000000000357
7484291,SNIbc,r,60649.09765625,8.874427366256713,6.8746041156651945,1.4848790768520408,6.082247891036147,6.082247891036147,-0.792356224629048,1.2636330406709226,0.5635354350830933,0.10609134983557139,0.491020738100203,0.4166666666666667,0.0,0.0,0.0,0.0,864.6914140491717,24,17.90267333556746,0.07134354511702236,0.02502417287951606,0.37710696990254083,0.12077006143857504,0.009087007520559723,0.015496707934956862,0.5217391304347826,0.5217391304347826,8.874427366256713,2.863875985145569,3.1479478577772775,18.847347934245406,1.0383669749539295,1.814326576602915,0.32271107384741254,0.5287276630160113,True,19,864.6914140491717,19.960916779135005,48.038411891620655,297.2382747662268,106.27695638393129,71.78322806873031,5,388.875009730451,0.0,0.0,0.0,22.932809492739032,27.980468506539182,42.91013288306567,40.111701718166294,0.0,95.9570327308902,1,0,0.05263157894736842,0.0,raw,0.3489184278643605,0.05255584189585408,0.6536432879389265,0.24038729099592757,0.03620833825453873,0.760150806407603,0.050212019643940856,0.8,1.0,1.0,0.19616845195877763,6.639003682136529,-0.23984919359239698,0.11730000000000007,0.045499999999999985,0.0027000000000000357
14119494,TDE,r,60502.26953125,184.10388717651367,1.0508553724765612,1.019752319655789,1.030345257374884,1.030345257374884,-0.02051011510167723,0.3804713492320266,0.5873928999621204,-0.004624495053968166,0.014202172095571897,0.5454545454545454,125.64062456635293,89.74999679164466,125.64062456635293,89.74999679164466,864.6914196540602,22,2.1538389852507804,0.003863149661569624,0.0021850365189069474,0.010681220258990005,0.00497191343922597,0.0002270019412555798,0.000368653719867808,0.2857142857142857,0.047619047619047616,184.10388717651367,3.3629000186920166,3.4211833368648183,56.40684110804483,1.2299092094033364,15.275718740376858,0.01826631729653683,0.024458940001225896,True,17,804.640644145984,27.935546494303708,50.290040259124,254.3242360993463,123.58594694003114,68.85954629657928,5,563.7031219750643,0.2,0.0,0.2,14.16484102163231,2.984371274826117,60.050775508076185,37.613277361379005,0.0,34.90624997469422,4,1,0.23529411764705882,0.2,raw,0.011368332426245152,0.0006626517938898554,-2.260793187936257,0.014953917864961513,0.0008716529502622248,0.30950606267830477,-0.2650010630478427,1.0,1.0,1.0,0.4703911892099385,17.155816268920827,-0.6904939373216952,0.3173,0.045499999999999985,0.0027000000000000357
21974297,SLSN-I,r,59784.40625,266.17585372924793,1.1400107694717372,0.982578146350565,1.1505316489300836,1.1505316489300836,0.010520879458346403,0.332014332003059,0.1468921569910963,0.04134006449142988,0.03101173035599621,0.4166666666666667,144.664068668033,95.64843529940117,144.664068668033,95.64843529940117,864.6914228745736,24,1.2901856269375198,0.002308604208101007,0.001135370232405419,0.006586581645005681,0.003243107103584171,0.00015113044063776269,0.00027522028064065504,0.0,0.13043478260869565,266.17585372924793,3.1731289625167847,3.4125403811534247,96.51159707470114,6.14097054414449,15.656541650352674,0.011921175110588609,0.018114649375090323,True,19,864.6914228745736,28.37108406844345,48.03841238192076,258.28125840681605,108.26914335098704,62.67461526272134,5,701.0664170341333,0.0,0.0,0.0,14.537491948145908,3.9570388747379184,42.91015432117274,34.1195236879983,0.0,95.64843529940117,2,0,0.10526315789473684,0.0,raw,0.007392483056720099,0.0001511977142583872,-3.1022542688023322,0.005152210235837429,0.00010537763902335053,0.4225598198625762,-0.2528585017490689,1.0,1.0,1.0,0.4186857968140473,48.892822837829534,-0.5774401801374238,0.3173,0.045499999999999985,0.0027000000000000357
38965969,SNII,r,60463.41015625,7.451762866973872,1.8495468309495913,1.5938044109659812,1.2082122469475156,1.2082122469475156,-0.6413345840020757,0.4702464796387743,0.4827655059970839,-0.11775904980556245,0.49892141064883444,0.08,735.8945191244056,735.8945191244056,717.8945219017842,679.0585831925564,798.6835863392625,25,15.267086150342337,0.07117270653863189,0.02576019975592312,0.37282215926963447,0.11691309741644525,0.00879571314516985,0.0143059964199086,0.7083333333333334,0.6666666666666666,7.451762866973872,2.812638998031616,3.103637218475342,3.201019101110166,0.5892804846542125,0.8610416247696339,0.3774461222454086,0.6287099504991192,True,20,745.8945523889852,23.949218055313395,39.2576080204729,254.3242233175988,83.09064242579181,61.58314092877636,5,747.8554595798923,0.6,0.6,0.0,22.89295429526974,15.964834685211827,52.78903395027737,42.79215425142611,0.0,38.835938709227776,4,1,0.2,0.2,raw,0.5281896066454664,0.10123634921868757,1.0757562337115707,0.33646611014503214,0.06448934283888609,1.420282995171113,0.5286591454098464,0.4,0.8,1.0,0.37352637617854545,5.217390894889817,0.4202829951711129,-0.28269999999999995,-0.15449999999999997,0.0027000000000000357
90198283,SNIbc,r,59784.40625,105.25932998657224,1.7273508192543983,1.012321748352359,1.7045221063186167,1.7045221063186167,-0.022828712935781658,0.4108562795474931,0.045574906308535244,0.01748494924100922,0.02147283695042676,0.8181818181818182,52.73828007787233,24.933593991539965,52.73828007787233,24.933593991539965,864.6913881179644,22,2.102201137538931,0.00560838705150659,0.0019095664776643921,0.027480087180278834,0.009687521204635839,0.0005000976166966002,0.0008491070053231426,0.19047619047619047,0.47619047619047616,105.25932998657224,3.363179087638855,3.3536988334222273,53.34739845339588,0.8445871018888745,5.2933388539121164,0.03195136324796947,0.0428302199338097,True,17,864.6913881179644,33.43554791990027,54.043211757372774,254.32424002616608,131.20313847187572,68.75094437299492,5,771.7812241776483,0.0,0.0,0.0,10.539853921970643,2.984375278247171,24.933593991539965,23.33984732552053,0.0,24.933593991539965,1,1,0.058823529411764705,0.2,raw,0.08386408969924009,0.011480818306247562,-1.3070493361272157,0.04048691988559202,0.005542574570988222,0.9841427655202399,-0.5749328877608982,0.8,0.8,1.0,0.39070817104516586,7.304713606834404,-0.015857234479760063,0.11730000000000007,-0.15449999999999997,0.0027000000000000357
103047716,SNIa,r,60589.05078125,128.85291471481304,1.181279736096185,1.029532047431625,1.115313262910401,1.115313262910401,-0.06596647318578398,0.3141901587402072,0.030451860305580038,-0.009411226830409876,0.024882220149879487,0.8260869565217391,7.929687698735506,7.929687698735506,7.929687698735506,7.929687698735506,805.6562272025185,23,1.7122703709059517,0.004250426653414495,0.0013512769109323107,0.03895473257074951,0.008949890275199423,0.00039958404315902163,0.0006935183771803346,0.5,0.45454545454545453,128.85291471481304,2.893317937850952,3.1924895514612612,49.67009082065732,0.6965508091785598,4.653285577831627,0.022454423667905853,0.04062624746669667,True,18,805.6562272025185,27.984374827268766,47.391542776618735,254.31639139555773,115.7054775749319,66.99032220430469,5,722.8671681584747,0.0,0.0,0.0,14.119528527710646,10.949221670984116,36.882809656824975,26.914061036308706,0.0,56.84374996386032,4,0,0.2222222222222222,0.0,raw,0.02372662602115314,0.004160730689932855,-1.2992357984570668,0.03122053100220811,0.005474871200864241,0.28431901440101565,0.029363351359050598,1.0,1.0,1.0,0.36993472445153774,5.702514243125895,-0.7156809855989843,0.3173,0.045499999999999985,0.0027000000000000357
6460481,KN,r,60151.2578125,8.84774122238151,5.462375429250928,1.3196531121632402,4.895172357907282,4.895172357907282,-0.5672030713436457,1.130594365045412,0.4353954209100823,-0.07555645931630724,0.2685475400865514,0.5263157894736842,0.0,0.0,0.0,0.0,797.7265700746357,19,14.389333106484273,0.04034151781007064,0.02094493201766138,0.16199808500561316,0.06300068449575773,0.003145697207416765,0.004462365175484249,0.3888888888888889,0.4444444444444444,8.84774122238151,2.5009279251098633,2.720410096017938,17.318059359833864,0.7316687708177554,2.0962024109798625,0.28266286979364197,0.4211093770646363,True,15,797.7265700746357,33.40820565290778,56.9804692910454,261.1718609703312,128.0000056445607,66.9751726628004,4,382.9257898597134,0.0,0.0,0.0,11.945311908950316,10.474601971862285,23.94532639856334,22.15938002359908,0.0,31.91406283017568,2,1,0.13333333333333333,0.25,raw,0.1827252413550111,0.032326620465599164,0.2155520561664726,0.14231270232721036,0.02517708380872994,0.4234177822334034,-0.055541821148835435,1.0,1.0,1.0,0.3521896524766328,5.6524696588516194,-0.5765822177665967,0.3173,0.045499999999999985,0.0027000000000000357
32195171,SNIbc,r,59880.0546875,15.396573066711426,4.5294121636767795,1.336408822658052,4.166795121328489,4.166795121328489,-0.3626170423482904,0.9400734987887498,0.27497956034747983,-0.08878702760083217,0.16899144606811276,0.5714285714285714,46.042970060727384,0.0,46.042970060727384,0.0,805.652348498108,21,11.606034297750865,0.03058600786031322,0.00884975756987966,0.16916137893363362,0.050502758482195965,0.003569517145593192,0.006013994549781217,0.35,0.35,15.396573066711426,2.9793460369110107,2.9564653862090338,21.533036023591976,0.7216174021781705,2.4961052474769674,0.19350708914262135,0.23450465444002924,True,16,792.710938496275,29.929672389007465,52.84739589975167,282.2304567488027,120.72422161689897,71.78326392006288,5,683.9765588500741,0.2,0.2,0.0,12.534374326161924,12.941410001832992,23.941412561543984,22.342971702336218,0.0,42.914064160919224,2,1,0.125,0.2,raw,0.2845220311379492,0.0509503524763857,0.1757181598321727,0.16263750668334084,0.02912406557149562,0.8969914002281372,-0.5808576078016144,0.6,1.0,1.0,0.34179200405921834,5.584299564361572,-0.10300859977186283,-0.0827,0.045499999999999985,0.0027000000000000357
63753371,SNII,r,59837.140625,76.9660163879395,1.88489523938313,1.0620717635718484,1.812411719534967,1.812411719534967,-0.07248351984816308,0.4444294205975442,0.06715518201627406,0.003836972683676175,0.048029278251233105,0.8,88.93750260327215,42.914064560682164,88.93750260327215,42.914064560682164,805.6562714985048,20,4.503835746802734,0.009583101998498468,0.002825343724279073,0.06519498647472466,0.018286378377255864,0.0007769004400877176,0.001248450542028823,0.5789473684210527,0.47368421052631576,76.9660163879395,3.2296860218048096,3.216196584701538,43.19122947730688,1.1389968288702808,5.340881170520856,0.04196249427183421,0.054900722433108395,True,16,805.6562714985048,31.925764314466505,53.710418099900316,261.1835524093767,117.57188709739853,65.28237528297097,4,427.87888549231866,0.0,0.0,0.0,4.94236143737362,2.95702544139931,10.956980217713863,8.556993784819499,0.0,285.16015069129935,4,0,0.25,0.0,raw,0.06126617477766135,0.010595977678326202,-1.2059223770411056,0.03770423796961891,0.006520943495399198,0.5688924453197336,0.171558674604967,0.75,1.0,1.0,0.32800919953196095,5.782021880149835,-0.4311075546802664,0.06730000000000003,0.045499999999999985,0.0027000000000000357
69998442,SNIa,r,60613.05859375,13.627085113525467,9.196065480813683,1.3027865602311084,8.59584689641445,8.59584689641445,-0.6002185843992336,1.8926006270025328,0.2971576220976119,-0.022157013501556005,0.16428475988284957,0.85,0.0,0.0,0.0,0.0,829.664079670838,20,15.08714624464049,0.04496948313354585,0.01504254220153514,0.2703425869952546,0.07974490949463951,0.0035406239779373775,0.004890965063235581,0.7894736842105263,0.7894736842105263,13.627085113525467,3.130028486251831,3.060327833890915,37.42340933789478,0.7861988137410226,3.354924784879313,0.22969171030898922,0.31214958268978454,True,16,829.664079670838,32.89062272251613,55.31093864472253,258.2851540095944,144.7140584277323,71.33045469849421,4,753.7929666138007,0.0,0.0,0.0,19.22363939351635,13.957036186311598,46.023454382127966,36.69297744303258,0.0,62.878905269557436,2,0,0.125,0.0,raw,0.08012292068767167,0.01590335799389375,0.31554688268693765,0.1465649833367183,0.029091243546386963,0.2383046514674305,0.07862100014597782,1.0,1.0,1.0,0.42517892517665035,5.038113379478451,-0.7616953485325695,0.3173,0.045499999999999985,0.0027000000000000357
73022626,SNIa,r,60085.4140625,14.831632184982297,1.6677906043074184,1.2310944954738907,1.3164541438859854,1.3164541438859854,-0.3513364604214332,0.43096185866061115,0.5933404420975851,0.036816413858312996,0.23926630485124675,0.09090909090909091,662.972659189094,36.89062471748184,503.6367297963152,36.89062471748184,805.6562528375143,22,6.666252925478321,0.031592865916847866,0.011221559645223686,0.12127365127231397,0.05232385004670793,0.0047998246545825525,0.010203670380731611,0.3333333333333333,0.42857142857142855,14.831632184982297,3.217562437057495,3.178894265131517,6.068309172694322,0.9668389215364765,1.780539762282506,0.21693920108910358,0.2809447301067708,True,17,792.6679924109703,28.867185040875484,49.541749525685645,258.28514870795334,124.13671767748019,65.61826881241082,5,797.7226458107107,0.2,0.2,0.0,14.355463494797004,7.9336070268036565,42.91405567496258,30.94373757559515,0.0,36.89062471748184,2,1,0.11764705882352941,0.2,raw,0.26098930699046874,0.0315331490245172,0.18462149459296331,0.14944117768806434,0.018055724124395565,1.1476216534709192,0.15709039963708654,0.8,0.8,1.0,0.26463640926052434,8.276664876937858,0.14762165347091916,0.11730000000000007,-0.15449999999999997,0.0027000000000000357
71323295,SNIa,r,60502.26953125,1178.4087646484365,1.0788518505361513,1.002569415468179,1.0739886652383948,1.0739886652383948,-0.004863185297756431,0.308915397895217,0.08542643625287105,-0.0006367170768740523,0.0012710612162391281,0.6956521739130435,40.890625501051545,10.953125269370503,40.890625501051545,10.953125269370503,865.8398394244723,23,2.1691553448179843,0.005087021874896491,0.00035143745342480727,0.04422232822353648,0.012175902036980355,0.00048816757883504344,0.0010610439607231447,0.5,0.36363636363636365,1178.4087646484365,3.6034328937530518,3.9718480369319087,351.2199875968422,0.8835388136016952,26.96214482604483,0.0030578802550132855,0.006684936446683941,True,18,799.7734355302964,23.960936823583324,47.04549620766449,254.31251172521297,113.2788971159142,68.34823213923468,5,852.7226455909549,0.2,0.0,0.2,22.028124566041516,13.117193833517376,66.06640389417589,50.0695267222909,0.0,146.8359353808337,6,0,0.3333333333333333,0.0,raw,0.007435875172779247,0.0007498560129389148,-1.2442942497327887,0.03731829196934856,0.0037632887825047937,0.036938733390012204,0.005004220927732049,1.0,1.0,1.0,0.4777915059194139,9.916404008865356,-0.9630612666099878,0.3173,0.045499999999999985,0.0027000000000000357
95416643,SNIa,r,60209.09375,165.2809036254883,1.072103282262245,1.0319542470981846,1.0333737748733265,1.0333737748733265,-0.038729507388918345,0.30422541292009997,0.03955368982301803,-0.0015076817441794078,0.024264199903811883,0.9,42.92187304061372,42.92187304061372,42.92187304061372,42.92187304061372,865.8398457490694,20,2.3898318988308622,0.005337712632172977,0.000975414140560334,0.06612841113922087,0.015023601195836586,0.0004390370348282245,0.0009192171240929741,0.2631578947368421,0.2631578947368421,165.2809036254883,3.3246794939041138,3.3852113366127012,51.37245608399425,0.9177906144751122,6.178164531903909,0.020115327427284276,0.029951105913650408,True,16,865.8398457490694,29.875005378416972,57.72265638327129,258.26171739377605,173.55938199937657,77.83642923748754,4,409.9257751719779,0.0,0.0,0.0,8.450198664117124,7.947269655749551,14.92969144556264,14.03554991619676,0.0,42.92187304061372,1,1,0.0625,0.25,raw,1.3218551747471055,0.15912307951674576,12.744872765939293,0.6606125875827077,0.07952362052355505,4.60306251897736,2.477939083426322,0.75,0.75,0.75,0.25,8.307124137878418,3.60306251897736,0.06730000000000003,-0.20450000000000002,-0.24729999999999996
112424999,SNIbc,r,59809.33984375,34.34924640655514,2.756826976700526,1.2317630745384265,2.384612801704129,2.384612801704129,-0.37221417499639675,0.548096577472487,0.17071890246786195,-0.05708646350131697,0.1352275896041526,0.6086956521739131,27.859374572668457,0.0,27.859374572668457,0.0,865.8398713371207,23,7.6898461142349746,0.026986376869990523,0.008739092596905432,0.18255738850753045,0.05165589344592635,0.003022093222041104,0.005012575183849635,0.5454545454545454,0.5,34.34924640655514,3.3393969535827637,3.444605827331543,24.52827676628318,0.9412114195877251,2.460280855067667,0.09721892917410498,0.15428602690102475,True,18,865.8398713371207,27.859374572668457,50.93175713747769,254.31641171707452,137.72267003878085,74.06365289465613,5,723.8789118572167,0.0,0.0,0.0,24.141398852529527,11.945313962249202,88.88281336644286,58.51250057266007,0.0,12.957031381985871,3,1,0.16666666666666666,0.2,raw,0.4505556820362684,0.06937925824034935,0.9077008743572241,0.23506656868537618,0.03619695594291213,1.4762690307109958,-0.7612996395660037,0.8,0.8,0.8,0.28107358162521123,6.494097709655762,0.4762690307109958,0.11730000000000007,-0.15449999999999997,-0.19729999999999992
126463327,SNIa,r,60467.35546875,81.12940940856927,1.4557241232796327,1.063557477996835,1.3860440656742283,1.3860440656742283,-0.06968005760540438,0.35516281065266403,0.11551194764310822,-0.029390254101171506,0.037440582997388075,0.7037037037037037,27.910156516751158,3.945312379852112,27.910156516751158,3.945312379852112,865.8398689653404,27,3.5195133455358283,0.008037464782849339,0.002650290113547233,0.044031566972568166,0.014461319883223042,0.0011043424290245205,0.00222292332825534,0.38461538461538464,0.2692307692307692,81.12940940856927,3.4649078845977783,3.4420363329075,32.45365828115108,1.0221358175196473,3.550704600186609,0.042708407590500694,0.06226870525829593,True,21,865.8398689653404,24.447288434213988,43.29199344826702,312.16798161153565,81.38869394277802,70.37107387937859,6,756.7773648870279,0.0,0.0,0.0,22.587895451146323,16.42383868711113,57.808598976334906,39.380859404096554,0.0,52.90624990483775,4,0,0.19047619047619047,0.0,raw,0.020410181517545815,0.0034825453014207188,-0.8113646392065522,0.04403728513177693,0.007513987089784342,0.07086384155578217,0.06501733911051523,1.0,1.0,1.0,0.49789373656763997,5.860708117485046,-0.9291361584442178,0.3173,0.045499999999999985,0.0027000000000000357
21143135,SNII,r,59880.13671875,9.843392372131348,10.036974939313833,1.4997757603149529,9.297262376901907,9.297262376901907,-0.7397125624119257,2.009641325524159,0.3822177300006927,0.03857664053685761,0.3929163614183585,0.7619047619047619,0.0,0.0,0.0,0.0,805.7070035558354,21,27.113892914650858,0.047090112278388524,0.027656189324795515,0.14651573631219006,0.060633111008390486,0.005343571231876264,0.008714425942739738,0.65,0.7,9.843392372131348,3.5009779930114746,3.46796647139958,26.14029615301271,0.6090521971389606,2.631182472875852,0.3556678287988862,0.4854419081639425,True,16,771.8398155713003,28.91795976369758,51.455987704753355,265.15621856294456,146.54219187044941,73.9828913262854,5,425.7421937209656,0.4,0.4,0.0,14.501559604267822,7.980476767683285,33.86718798453512,28.64218720724748,0.0,83.74999956138345,1,0,0.0625,0.0,raw,0.4413930012306833,0.10724798724456251,0.5169112982120967,0.2487853975965842,0.060448926633812475,0.5896982190059268,1.176669281337788,0.2,1.0,1.0,0.6707531593824707,4.115629696846008,-0.4103017809940732,-0.48269999999999996,0.045499999999999985,0.0027000000000000357
21453534,SNIa,r,60583.046875,23.25990819931025,1.5397694522191634,1.2788200788104647,1.2251294666169956,1.2251294666169956,-0.31463998560216777,0.3589636085087251,0.26264372745610753,0.023953361369801585,0.15540377458001609,0.32,820.6719065724101,1.9062499464780558,820.6719065724101,1.9062499464780558,833.7616933057143,25,6.414867724676023,0.020508675058920785,0.01313906120994587,0.09419576233938652,0.03104582986864866,0.0023846879485109464,0.004181069621477669,0.5,0.4583333333333333,23.25990819931025,3.218938112258911,3.20106397151947,8.852732774593083,1.0301067154119634,1.7483560868690649,0.13838997491633978,0.20856491477793718,True,20,833.7616933057143,25.929700377171685,43.88219438451128,254.3281185425003,82.79609713928937,65.59286463800258,5,576.179681095884,0.0,0.0,0.0,21.18125394605595,17.99219340275158,46.03517603486398,37.2054801617589,0.0,80.77734805741056,4,0,0.2,0.0,raw,0.20195138659308431,0.03561444050859125,-0.12443582453432948,0.12052918756847215,0.021255509321435797,0.6456986115497806,-0.4988144444989552,0.8,1.0,1.0,0.5177320649801447,5.6704916238784575,-0.3543013884502194,0.11730000000000007,0.045499999999999985,0.0027000000000000357
47350884,SNIbc,r,60491.33203125,8.537116479873657,2.57415338025093,1.4165208410323067,1.5644114959943685,1.5644114959943685,-1.0097418842565618,0.5185184321677386,0.5281494674356809,-0.02808102705859514,0.45814814182451263,0.13043478260869565,771.8398583481467,380.0039019695614,703.0390756498236,372.02343471942004,833.7304486474604,23,13.294160585605015,0.055702924686884064,0.030376991622374436,0.2605253003318975,0.0895911463279768,0.006082897256376096,0.009552282521885207,0.5454545454545454,0.5454545454545454,8.537116479873657,3.5013980865478516,3.4297757459723432,3.814351534339539,0.8975758319804277,0.9206364135698684,0.4101382586031753,0.5522889661448506,True,18,833.7304486474604,29.925780912431946,49.04296756749767,265.1523604110989,118.67657287510525,69.68435001781548,5,477.7031227783591,0.0,0.0,0.0,5.755473992216866,5.984374993437086,7.980467250141373,7.5273542578463095,0.0,4.96093761564407,4,1,0.2222222222222222,0.2,raw,0.5366736893064785,0.13173523777516183,0.7964481121068474,0.30716839966130904,0.07539945216746068,1.1476532981606107,-0.7403083449484826,0.2,0.8,1.0,0.46333732318302057,4.073881053924558,0.14765329816061068,-0.48269999999999996,-0.15449999999999997,0.0027000000000000357
103989029,KN,r,60467.35546875,5.644450926780701,2.1370709367565364,1.9356517972251805,1.1366942916841338,1.0003766450724025,-1.1366942916841338,0.6041482131620837,0.76409213257425,0.23623218836269747,0.5108712006743441,0.041666666666666664,784.7539365742778,670.0195417339855,763.9492060086122,611.1953228409402,833.7304509184833,24,16.978356838911917,0.07775879841641932,0.03330547295417762,0.361641358984826,0.1290499121419925,0.013039692595583881,0.02315064231988721,0.4782608695652174,0.5652173913043478,5.644450926780701,3.523243546485901,3.42684272925059,1.8210535444142668,0.8009888461761849,0.8534144940648312,0.6241959744515618,0.8319652851082896,True,19,833.7304509184833,28.464841612665623,46.31835838436018,258.3046844211349,105.52110348655702,63.121483863278414,5,685.0820172756285,0.0,0.0,0.0,20.329696956386034,20.804730565665523,23.976563071424607,23.967187416166418,0.0,23.976563071424607,1,3,0.05263157894736842,0.6,raw,0.7116983415932019,0.1604329436002462,0.9666283504303337,0.3943365728954554,0.08889240491586284,0.9082878289165717,0.45790307139406555,0.8,1.0,1.0,0.38496851491742323,4.436110973358153,-0.09171217108342833,0.11730000000000007,0.045499999999999985,0.0027000000000000357
106793212,SNII,r,60553.15625,201.03371582031247,1.265524729661882,1.0211419594495328,1.2387058357189726,1.2387058357189726,-0.02681889394290934,0.37174799223682625,0.028049781971206018,-0.0011181880069477765,0.013569994684054025,0.8,95.94922212777601,63.89843624086643,95.94922212777601,63.89843624086643,865.8398321250497,25,2.300983686675526,0.006507940482517606,0.0015106104621502342,0.05845340094922396,0.014806073007755863,0.0006072186725312026,0.0011209503264281112,0.4583333333333333,0.4166666666666667,201.03371582031247,3.7578859329223633,3.7873377895355222,66.26641718452483,0.7718065465534192,10.541234162485862,0.018692814374884403,0.02631968410176965,True,20,865.8398321250497,28.007812549214577,45.57051748026578,254.3125027046699,124.65859567583827,61.780371364859576,5,786.6640806249634,0.0,0.0,0.0,11.328907167725266,10.953122635793989,27.859391369311197,21.898451519482478,0.0,29.890624180501618,4,1,0.2,0.2,raw,0.02157460277664129,0.003664330203237394,-1.1726260799602017,0.0372736905598378,0.006330735797018519,0.40260306472368773,-0.0790706971299747,1.0,1.0,1.0,0.36269480376169105,5.88773434162139,-0.5973969352763122,0.3173,0.045499999999999985,0.0027000000000000357
78737520,SLSN-I,r,59783.26171875,14.98841905593872,1.4727892440913914,1.286406420953932,1.1594324473014708,1.1594324473014708,-0.31335679678992073,0.45620571693579787,0.6610463056584366,0.006456851623229134,0.18791378382276439,0.2727272727272727,791.7500194407621,65.7968758027273,791.7500194407621,65.7968758027273,865.8281387188108,22,6.057168920606765,0.019642985611643633,0.012091266326560903,0.11281990945595442,0.030893180700696535,0.0022252891647233887,0.0036760076769954985,0.42857142857142855,0.23809523809523808,14.98841905593872,3.2621220350265503,3.1756323142485186,5.327225407453401,1.3234346309947038,1.7532041544014298,0.21764283630260725,0.27123113761390777,True,17,865.8281387188108,27.93948629067745,54.114258669925675,254.24611196858314,146.69531355521758,73.04609477131072,5,765.7265812769256,0.0,0.0,0.0,7.776561808498809,8.00781863956945,14.035147677292116,11.999215626966908,0.0,26.023438163836545,4,1,0.23529411764705882,0.2,raw,0.19374180149151585,0.02358428642692638,-0.12999337364900873,0.11214296124251519,0.013651218778529841,0.9895702767933638,0.29933853914667263,0.8,0.8,1.0,0.2512325355640258,8.214868068695061,-0.010429723206636154,0.11730000000000007,-0.15449999999999997,0.0027000000000000357
95541281,KN,r,60444.3671875,7.013356685638418,8.074673674155195,1.4439140676125195,7.590267523112314,7.590267523112314,-0.4844061510428802,1.5148372542718713,0.5983616822731739,-0.03235333728440313,0.3731813279140774,0.64,0.0,0.0,0.0,0.0,791.7968978357676,25,27.09161713921661,0.07789802109109749,0.03365724955945,0.3958418950435385,0.13477899529183698,0.010452832824697625,0.017554963585985236,0.7916666666666666,0.6666666666666666,7.013356685638418,3.366837978363037,3.361457557678223,15.81105292892235,0.6356073801804277,1.0641335326910717,0.4800608509271274,0.6528215962999926,True,20,735.832004908094,15.902350475582352,38.72800025832073,238.39455107287358,75.84843669968963,68.6178822771201,5,791.7968978357676,0.6,0.2,0.4,16.981259481591405,13.164115325882449,42.8007776017912,34.060155430479796,0.0,57.906250955064024,3,0,0.15,0.0,raw,0.46162779271356735,0.09444183311471463,0.9040679727458718,0.3006014689468598,0.06149836342703167,0.4611804864540307,-0.09005530936800579,1.0,1.0,1.0,0.2966870101608984,4.88795883655548,-0.5388195135459692,0.3173,0.045499999999999985,0.0027000000000000357
100590632,SNIa,r,60082.40625,29.016955947875974,2.8618536780241013,1.1689213636241553,2.6715168623692027,2.6715168623692027,-0.19033681565489877,0.6057214699044431,0.5318666079770059,-0.020285691179903552,0.09273147378401615,0.56,83.76172314696305,0.0,83.76172314696305,0.0,865.8281226206382,25,7.459734422366836,0.014511467263232715,0.009606368697732407,0.05974280397651803,0.021037806756940627,0.0026616892923580836,0.005250643035115342,0.4166666666666667,0.375,29.016955947875974,3.1999659538269043,3.1517042350769042,24.22503496222143,0.7440993667406918,3.103857179557035,0.11027917468583193,0.15207439547828655,True,20,852.7109339227463,22.042958419733623,44.87952283803928,287.18358383650775,89.70547353638243,66.99100732531456,5,680.0781242871817,0.2,0.2,0.0,13.991406030861253,13.117188697891834,32.9374972757214,26.93437459136767,0.0,39.89062555288547,3,1,0.15,0.2,raw,0.10600728214863704,0.013743448239360006,-0.48633381753447413,0.07487528404799464,0.009707300950118953,0.3411902885733523,-0.24230110545070374,1.0,1.0,1.0,0.3789637454053584,7.71329584121703,-0.6588097114266477,0.3173,0.045499999999999985,0.0027000000000000357
115713701,KN,r,60589.046875,6.283032655715942,2.3977428104915317,1.7602733758563416,1.5493139686188442,0.8484288418726875,-1.5493139686188442,0.538539559922551,0.6506044778897421,0.07043254912381912,0.47284685456384973,0.07692307692307693,852.7109721607994,852.7109721607994,339.035190119248,325.91800234931725,865.8281599307302,26,12.957508569534287,0.060285433173595866,0.013289328120938493,0.2452768657285562,0.09573550244573173,0.010681236392005673,0.023099498158793315,0.28,0.36,6.283032655715942,3.152872920036316,3.1971960159448476,3.0874667345225375,0.5402929560973287,0.8630104317028261,0.5018075016955408,0.6871368172116146,True,20,865.8281599307302,22.831989180886012,45.569903154248955,294.1913884675014,89.70543226203439,68.17464751801498,6,760.9804818580378,0.0,0.0,0.0,14.930983694630413,11.412107890864718,39.945290830146405,28.937488371648215,0.0,13.878906153608114,2,1,0.1,0.16666666666666666,raw,0.43492073139009635,0.08243028488455864,0.49953408302692665,0.23754870023363958,0.045022473340440586,0.4335358873094727,0.7693952661465944,0.8333333333333334,1.0,1.0,0.6222933668298636,5.276225018501282,-0.5664641126905273,0.1506333333333334,0.045499999999999985,0.0027000000000000357
116977094,SNII,r,60649.0859375,8.98505229949951,8.892240120909706,1.6269552120211048,7.8682969530723454,7.8682969530723454,-1.0239431678373603,1.6474482188098947,0.48822914889483443,-0.11778517736997199,0.466048770586978,0.625,0.0,0.0,0.0,0.0,865.871113498346,24,20.2214260587537,0.09443359226904603,0.04123859070156729,0.7998953712995127,0.1848326025038607,0.015132316855651392,0.031292236014091326,0.6086956521739131,0.5217391304347826,8.98505229949951,3.339116930961609,3.611770123243332,21.172382127686706,0.7353625195874238,1.4833546225234844,0.37163021645935285,0.564331849367419,True,19,865.871113498346,19.99022738703934,48.10395074990811,280.2265542485766,124.25274330282421,77.71259896461734,5,731.996126455786,0.0,0.0,0.0,15.594528774895299,6.023435210423486,38.03124209698581,33.19374548512569,0.0,68.05078330987453,1,0,0.05263157894736842,0.0,raw,0.37012951320805954,0.09210465521409354,0.5813203783161595,0.23356047056121637,0.058120214262918864,0.7715186712961344,-0.528178715092866,0.6,1.0,1.0,0.33088079581279295,4.018575525283803,-0.22848132870386562,-0.0827,0.045499999999999985,0.0027000000000000357
29390759,SNII,r,60444.390625,87.24160690307616,1.798251291946916,1.055756349760159,1.7335459601643979,1.7335459601643979,-0.0647053317825181,0.4307326834883021,0.28725525862663864,0.0069560960284337165,0.0343237444057627,0.6666666666666666,108.73437382585689,22.93749929661135,108.73437382585689,22.93749929661135,865.8515486161195,27,4.20741178889312,0.006995586366234776,0.0037102535251590744,0.03739227586773762,0.00980293138211866,0.0006467947715789657,0.0010861027315342345,0.34615384615384615,0.34615384615384615,87.24160690307616,3.106229066848755,3.3893173623968056,48.688403833174874,1.2337251792736226,5.9853376709231725,0.03560490432391644,0.05113450708438413,True,21,827.9101729218237,22.437495433525328,41.39550864609119,242.2187567216679,81.37618343585794,56.86770492721328,6,425.8163769160019,0.6666666666666666,0.6666666666666666,0.0,15.251295345879043,9.445306188641553,37.94137569429586,31.37107828088847,0.0,235.33594519824692,3,0,0.14285714285714285,0.0,raw,0.08143423586327452,0.00981253490755528,-0.9526593274142124,0.05324578518106443,0.006415927161723543,0.7169701553048764,0.25314487851805695,0.8333333333333334,1.0,1.0,0.2865256353642193,8.299000883102412,-0.2830298446951236,0.1506333333333334,0.045499999999999985,0.0027000000000000357
50957767,AGN,r,60649.08984375,270.32157745361326,2.056874456138573,1.3019984683272665,1.046414349716817,1.046414349716817,-1.010460106421756,0.4862576622742359,0.7282775066164262,-0.5207822624995506,0.4657701019117383,0.08333333333333333,865.7890894216689,566.6836153083932,865.7890894216689,0.0,865.7890894216689,24,5.164021111748138,0.007988385091899124,0.00693096032947638,0.01808669270176535,0.009644148512482874,0.0006727341555757027,0.0009750147106923675,0.2608695652173913,0.17391304347826086,270.32157745361326,4.992806434631348,5.268984834353129,56.6551860940375,12.165680922580005,20.921216818240236,0.01846987754977904,0.027061846833923323,True,19,865.7890894216689,30.91992371966262,48.099393856759384,235.34376560758392,99.9870986262206,58.20669772538207,5,751.8632954059285,0.0,0.0,0.0,16.93281750865426,15.835966166487196,27.964840180182364,27.572653881646694,0.0,60.04296901606722,1,0,0.05263157894736842,0.0,raw,0.14943291097135045,0.0015308242999566787,-0.3893092288126344,0.09259753131767232,0.0009485899065719803,1.1928822407084299,-0.0457843399063528,0.4,1.0,1.0,0.35765218097580775,97.61597785949654,0.19288224070842985,-0.28269999999999995,0.045499999999999985,0.0027000000000000357
14888486,SLSN-I,r,60122.30859375,771.003405761719,1.5664110493355194,1.0054186425616536,1.5557654860113022,1.5557654860113022,-0.010645563324217362,0.43789297674917,0.4976220880126626,0.000245421736527843,0.0038438557033177874,0.65,86.7382807738104,26.914061544041033,86.7382807738104,26.914061544041033,791.9531108614028,20,3.1550674232814617,0.006865848541859016,0.0008970024104259315,0.030505004060795687,0.011743912914515669,0.00028886693282257974,0.0005385827378238361,0.2631578947368421,0.2631578947368421,771.003405761719,4.2746288776397705,4.271537697315216,280.6092698610019,0.9697576145716885,37.31258873659179,0.005544241239008038,0.009467609710139463,True,16,791.9531108614028,25.925780629033397,52.796874057426855,254.28514373997314,161.55781306945713,75.91343842654015,4,607.2734343551565,0.0,0.0,0.0,16.439453128048626,16.94726540417105,19.910158616796252,19.626563511483983,0.0,41.843750753294444,4,2,0.25,0.5,raw,0.03478697563623633,0.003437666164290209,-1.1608721565157243,0.03361104557369193,0.003321460173006228,0.15463055544975965,0.2629888853910569,1.0,1.0,1.0,0.49878364796221475,10.11935830116272,-0.8453694445502403,0.3173,0.045499999999999985,0.0027000000000000357
16501517,TDE,r,60463.33984375,68.37822494506838,1.5650415250450966,1.027322257731342,1.5087918781145913,1.5087918781145913,-0.05624964693050543,0.44142979738734617,0.3409418732399767,0.01397263546284173,0.04572425453790102,0.6,75.85156308682053,60.83593667708192,75.85156308682053,60.83593667708192,791.9531340615067,20,3.4693667773824624,0.011673539641026916,0.004687677531934066,0.05483480714489828,0.017446463123708813,0.0013132540129048105,0.002210102595182079,0.42105263157894735,0.10526315789473684,68.37822494506838,3.462349534034729,3.4854758381843567,29.79725455875273,1.1825797517187842,5.223927258426283,0.05063526490803477,0.06995789118730394,True,16,766.9140689510677,25.92578765231883,51.12760459673785,254.2851625691037,155.59060265462023,76.29334035368127,4,406.0312483731832,0.25,0.0,0.25,15.999998674729795,16.9902354222977,25.03906511043897,23.216798907764314,0.0,18.964844434856786,3,1,0.1875,0.25,raw,0.29532119492846454,0.024149355234219596,1.6056226948489198,0.15873046705286492,0.012979896130657833,2.409139949711516,-0.5785757737566745,0.75,0.75,0.75,0.5234820839479133,12.228947401046753,1.4091399497115158,0.06730000000000003,-0.20450000000000002,-0.24729999999999996
23677355,SNIa,r,60164.15234375,95.93448486328123,1.434929034917247,1.0577417810437821,1.3515715770281362,1.3515715770281362,-0.0833574578891107,0.3617297151809877,0.10764417787814343,-0.017630198621082227,0.04786590427103975,0.6363636363636364,20.87890653325303,4.960937331583409,20.87890653325303,4.960937331583409,797.8242144332617,22,3.742676684939179,0.025255942574922616,0.005243339859666002,0.1792079656250055,0.047839362785014335,0.004045583246600961,0.006373649365655078,0.38095238095238093,0.5714285714285714,95.93448486328123,3.5181995630264282,3.697140108455311,36.85473796333164,1.1845877739837416,5.101569189185585,0.03667293953827247,0.056482137861986845,True,17,756.9804618138005,21.98047902608596,47.31127886336253,248.24609515797056,143.5898289376819,75.92099342965132,5,797.8242144332617,0.4,0.2,0.2,12.542968939829734,9.933600315634976,30.91015230382618,23.327342281202437,0.0,44.96875172355794,6,1,0.35294117647058826,0.2,raw,0.06735756338014792,0.009386125345372184,-0.36874393893229374,0.07241199463230534,0.010090449001122154,0.38693441879100016,0.20317084372888888,1.0,1.0,1.0,0.4446864604111979,7.1762906312942505,-0.6130655812089998,0.3173,0.045499999999999985,0.0027000000000000357
68996599,EB,r,60149.21875,2692.7832677841166,1.3581005306782974,1.0161240534690754,1.3368903831795915,0.021210147498705777,-1.3368903831795915,0.34674018706080106,0.01389489252012302,0.0012435486966070094,0.009820700262256739,0.9090909090909091,59.902342254456016,59.902342254456016,696.9999914873406,669.117179170833,791.9531281924646,22,5.032398920402762,0.07791917564109191,0.000896274869337696,1.357525686907436,0.2908327803339207,0.015332029522192942,0.046485387570706825,0.5714285714285714,0.5714285714285714,2692.7832677841166,16.71193790435791,17.415697357871316,215.4122445457838,1.0876993977083944,13.606359599458044,0.006206194944946355,0.008790012108862601,True,17,791.9531281924646,17.01953378361941,49.49707051202904,236.30079120198207,173.53516497930104,74.69962714307938,5,713.0234339293092,0.0,0.0,0.0,27.34063322593429,30.890638020784536,41.871110595842765,40.280485755864355,0.0,312.11717787079397,5,0,0.29411764705882354,0.0,raw,0.008455824020094089,0.0003191248629498278,1.3524549557622543,0.45071422097018365,0.017010064738202515,0.020629674301694146,-0.007967656156021009,1.0,1.0,1.0,0.4982609453697784,26.49691390991211,-0.9793703256983058,0.3173,0.045499999999999985,0.0027000000000000357
71843921,SNIa,r,60494.23046875,85.3840850830078,1.6552692401390103,1.0726420125571072,1.5443945361637623,1.5443945361637623,-0.110874703975248,0.43309996205864765,0.2110848374055937,0.005632015564201425,0.04142731961510459,0.6086956521739131,41.8710938622753,38.93359421563946,41.8710938622753,38.93359421563946,791.9530963350189,23,3.693664596005716,0.017816233676816208,0.005360042805765447,0.11996184706957799,0.03302252020969846,0.00287069706714829,0.008042824174100101,0.36363636363636365,0.3181818181818182,85.3840850830078,3.3143210411071777,3.4668116051217783,39.78694666026917,0.957686130745584,6.246415984740364,0.03881661363338491,0.06033347914983911,True,18,782.0195408567015,15.066409186591045,46.001149462158914,299.195316223042,121.0468774483176,82.49095248819552,5,748.9413793409913,0.2,0.2,0.0,24.73592640899442,17.97265328632784,62.886727997407434,48.10703203611484,0.0,37.921876074018655,6,1,0.3333333333333333,0.2,raw,0.06081063895893131,0.005536881489977658,-0.30873497786399584,0.07701165479181792,0.007012003380154246,0.15655166968639395,0.1985431652459329,1.0,1.0,1.0,0.5016912693830894,10.982831954956055,-0.843448330313606,0.3173,0.045499999999999985,0.0027000000000000357
76572933,SNIa,r,60444.375,608.6575057983396,2.3814756258748306,1.007051078184359,2.3734460002451363,2.3734460002451363,-0.00802962562969431,0.5251490139298789,0.12651704927242557,5.7209519875694645e-05,0.0069980536520838224,0.7272727272727273,18.964843391229806,0.0,18.964843391229806,0.0,797.8476755545926,22,4.769068467255342,0.00644517624086597,0.0012119586148325338,0.07076133920546458,0.015515538094755614,0.0002677551719515581,0.000511679918619376,0.42857142857142855,0.23809523809523808,608.6575057983396,3.564277410507202,3.9096690741452305,405.303952604149,1.6266999852160053,21.44054335660551,0.005855965590750668,0.009883804364387547,True,17,797.8476755545926,22.44531824767182,49.865479722162036,235.3203155083902,149.66404774615512,71.30561404584658,5,713.0234075393673,0.0,0.0,0.0,12.391407993776374,15.015625291067408,25.039063271738996,21.390620186294836,0.0,75.8515633035131,2,0,0.11764705882352941,0.0,raw,0.01672834484232478,0.0012308952176398838,-1.6128696446055084,0.026753271292682616,0.0019685434512963446,0.117287801391062,0.1344544463772207,1.0,1.0,1.0,0.5049990819709042,13.590389013290405,-0.882712198608938,0.3173,0.045499999999999985,0.0027000000000000357
105425239,SNIbc,r,60082.39453125,14.473544359207152,5.656602688561322,1.2049701724421515,4.646065899592704,4.646065899592704,-1.0105367889686179,1.0281117372452275,0.3114375623543761,-0.04179363389669746,0.303359979879037,0.6363636363636364,233.33984836428135,0.0,0.0,0.0,797.8476453764742,22,14.821937144606311,0.05363651745469254,0.02002793992249517,0.33556617696791785,0.09597146038196834,0.006083718586502384,0.01309365364125422,0.42857142857142855,0.42857142857142855,14.473544359207152,3.366814970970154,3.4854002649133857,19.97289470118339,0.7352974547038926,1.884366694526212,0.23261855475147658,0.3258818515892341,True,17,784.6796838973387,18.451173376590305,49.04248024358367,275.24218452612695,142.15623990121094,78.53066523204117,5,766.9140503913877,0.2,0.2,0.0,16.227339097166258,13.167961479135556,39.9218694829251,33.968738917539305,0.0,66.82812637207826,2,0,0.11764705882352941,0.0,raw,0.1815046304500827,0.03315953168322103,-0.08658308080673051,0.11867444407270063,0.02168092890224975,0.436970031839864,0.3681923397595611,0.8,1.0,1.0,0.44467948495867504,5.473678946495056,-0.5630299681601361,0.11730000000000007,0.045499999999999985,0.0027000000000000357
124539003,SNIa,r,60444.390625,12.827828407287592,4.384051895802478,1.258184737914109,3.6156379403005885,3.6156379403005885,-0.7684139555018893,0.7847697437453989,0.21537000482419358,0.10011359418176545,0.28032086179214294,0.5217391304347826,204.699220622555,0.0,18.94921862110641,0.0,865.874996190636,23,11.980694137433984,0.04138942457647071,0.012232986421477755,0.20110828292816915,0.06825787816117074,0.005943038031992197,0.01091988432578046,0.4090909090909091,0.5909090909090909,12.827828407287592,3.45638108253479,3.6389949632727583,13.418885815403383,0.540030518560924,1.0737867259225171,0.26944397545660903,0.3463493367347281,True,18,805.8320266644296,26.066371950037137,47.40188392143703,258.2773629406438,121.07578502043623,74.02144260184232,5,566.6914207424488,0.2,0.0,0.2,19.791411495261126,4.980472790040949,60.042969526206434,47.58516350207938,0.0,204.699220622555,3,0,0.16666666666666666,0.0,raw,0.27117326252147017,0.050666459137207735,-0.16824668932065084,0.1330898055947681,0.024866718547564573,0.690121080448956,-0.47724429616705305,0.8,1.0,1.0,0.39965162798258236,5.352125787734981,-0.30987891955104396,0.11730000000000007,0.045499999999999985,0.0027000000000000357
127035076,SNIa,r,59837.18359375,13.091250896453857,2.674162627020432,1.4565659247427627,2.1096217818798286,2.1096217818798286,-0.5645408451406031,0.5528723123113399,0.6024381688900733,-0.08761538201806542,0.3029794118837382,0.23076923076923078,799.8320567280825,15.83593728136475,684.1172112229469,15.83593728136475,805.832055106519,26,11.516327526031128,0.06137283553182926,0.024375372172932598,0.2320992705463479,0.0930000126237149,0.01089537236345775,0.02047296626621428,0.44,0.44,13.091250896453857,3.639464497566223,3.6315883214657125,7.5883658328529595,1.0003228373469073,1.4145208049285467,0.278007390306153,0.3822479288613827,True,20,799.8320567280825,22.929731446347432,42.09642403832013,235.34763056311203,91.93906661130744,58.155142336996015,6,779.7656474887626,0.16666666666666666,0.0,0.16666666666666666,9.29687696302426,5.94528859807906,26.98831237172999,17.49610182669494,0.0,27.902344041402102,4,1,0.2,0.16666666666666666,raw,0.3477652755587393,0.0576102195218057,0.36014513182259594,0.1990867118113212,0.032980374917815615,0.8563627544725494,-0.01807352574784654,0.6666666666666666,1.0,1.0,0.24275609856700758,6.036520576477039,-0.1436372455274506,-0.016033333333333344,0.045499999999999985,0.0027000000000000357
102178865,SNIa,r,60444.39453125,82.57948722839349,2.591039443831241,1.0337642986093438,2.4986172791402583,2.4986172791402583,-0.09242216469098266,0.5384745206244652,0.13851493779452625,0.009882465995686915,0.04324818658211081,0.6521739130434783,51.88281291187013,0.0,51.88281291187013,0.0,805.7500309777897,23,5.521622136919236,0.0073720799205090675,0.003304467462895385,0.0724729505873372,0.015863205839890922,0.0004087186006571235,0.0007220018383203246,0.3181818181818182,0.13636363636363635,82.57948722839349,3.4711410999298096,3.5461156160935112,59.44285402157192,1.761275733455404,4.9570103049666985,0.04203393865027923,0.05243244505906819,True,18,805.7500309777897,31.945312920543074,47.39706064575233,242.22265684478043,106.36171258360267,60.131291250957595,5,743.8788798701135,0.0,0.0,0.0,13.332823057408678,12.898487411301176,20.953124724765075,19.742189185947062,0.0,108.76562381949043,2,0,0.1111111111111111,0.0,raw,0.030219204505295215,0.003074949201332136,-1.0335118882134757,0.035623415525987835,0.0036248536291272897,0.2199615968127155,-0.004749541563228632,1.0,1.0,1.0,0.38798952013645194,9.82754592895505,-0.7800384031872845,0.3173,0.045499999999999985,0.0027000000000000357
29865365,SNIa,r,59814.171875,95.14546613693221,2.422731672244324,1.042274164520616,2.366754005512492,2.366754005512492,-0.0559776667318321,0.512743681016264,0.07704449742072342,0.012204060607871447,0.03887384032517697,0.875,21.894531984893547,0.0,21.894531984893547,0.0,804.6836034232401,24,5.627781971224049,0.015379593639628314,0.004704676305933046,0.115362689581732,0.02945839045491547,0.002344235461684481,0.004504218814851737,0.4782608695652174,0.6521739130434783,95.14546613693221,3.518507480621338,3.6560710072517395,64.00040765187505,0.8646302000959362,4.7096568014704685,0.036980295787899596,0.06059343858465678,True,19,774.8593843435083,16.97458867430396,43.04774357463935,258.3046809749212,103.94295498670633,74.8327883578324,5,384.81248626961315,0.4,0.4,0.0,10.919527429758455,2.992164362636686,29.824219079731847,25.008594177497436,0.0,17.785156824145815,2,2,0.10526315789473684,0.4,raw,1.6043862628592587,0.2372282407060148,33.61641774614537,0.979501735099471,0.14483137805731774,6.739254050832412,-4.990178439098925,0.4,0.6,0.6,0.4,6.763049197196952,5.739254050832412,-0.28269999999999995,-0.35450000000000004,-0.3973
34161124,M-dwarf,r,60520.23046875,9.156528854370116,6.962582964144376,1.7415986468272204,5.953165755479114,5.953165755479114,-1.009417208665262,1.2906716422641975,0.5927138022448672,0.16633923500323355,0.4768735997569194,0.4782608695652174,0.0,0.0,0.0,0.0,804.6836077337575,23,20.305213603313817,0.07010358476204756,0.030648506856200103,0.4182243895202412,0.12387698611482865,0.011346112860091915,0.023011959875464626,0.5,0.5,9.156528854370116,4.649409770965576,4.413077033084372,11.724140632924257,0.5843334624260611,1.196136932135688,0.5077699033020098,0.6639457533135767,True,18,804.6836077337575,14.976563070653356,47.33432986669162,298.06252399782534,123.14532141805692,85.2417299754673,5,753.7695406908024,0.0,0.0,0.0,28.727342314434644,12.03906630288111,95.78905988848419,69.40312097799615,0.0,17.957031577265298,5,2,0.2777777777777778,0.4,raw,0.17616758939365887,0.023920480097394437,0.6114575394220298,0.19344462370419682,0.02626639943925324,0.3470795491187718,0.17690483798242196,1.0,1.0,1.0,0.44710764141487513,7.364717960357664,-0.6529204508812282,0.3173,0.045499999999999985,0.0027000000000000357
48889152,SNIa,r,59926.078125,10.60090947151184,9.19537524730713,1.3224964817722031,8.823841845604512,8.823841845604512,-0.3715334017026169,1.7168612990771268,0.624192229561561,-0.023205084494480263,0.2659688850979813,0.7692307692307693,0.0,0.0,0.0,0.0,805.7461168472,26,23.630386265461212,0.041060404830644694,0.020454972685254393,0.19825781380545923,0.06533525256739993,0.007351379093001874,0.017916181331971703,0.36,0.36,10.60090947151184,3.575514078140259,3.494190839620737,26.16148239160199,0.8545983839129743,2.086033500410621,0.33728371020890713,0.40248450653960915,True,20,795.7226399551146,18.98827039569005,41.88013894500603,258.277339835593,89.7093713190697,61.64315083416294,6,805.7461168472,0.3333333333333333,0.16666666666666666,0.16666666666666666,5.485679804684575,3.5214816809020704,14.925786343541404,10.46291245669272,0.0,142.7773416646378,1,0,0.05,0.0,raw,0.13026976124450354,0.031561601737921635,-0.04411958102740443,0.10460575685625502,0.025343757490998608,0.3807669078589265,-0.19065793072765166,1.0,1.0,1.0,0.3427251276587876,4.12747623920439,-0.6192330921410736,0.3173,0.045499999999999985,0.0027000000000000357
87842606,M-dwarf,r,60589.03125,85.80464534759496,1.387281251709759,1.0388616321246933,1.3330622614538732,1.3330622614538732,-0.054218990255885786,0.34389360343414666,0.05581669726146857,0.021212289104814864,0.29883581116249913,0.88,774.8593505802564,774.8593505802564,774.8593505802564,774.8593505802564,805.7304731595796,25,4.823547660741449,0.03499254924536344,0.0024421940244371146,0.4051410326881241,0.09564958728321632,0.0042210454658990525,0.009746888806444916,0.5,0.5416666666666666,85.80464534759496,4.0361008644104,4.0845557308197025,28.339959384791474,0.5505474147392021,3.064645719210064,0.04703825588999453,0.052794529150677415,True,20,805.7304731595796,23.933591507186065,42.406867008398926,258.3047011110466,102.37499408477447,62.57394685907798,5,649.2539129624784,0.0,0.0,0.0,12.527333000703948,14.92575394839514,17.91796630807221,17.083589910995215,0.0,86.75781118849409,4,0,0.2,0.0,raw,0.06764696519519796,0.00796391128835644,0.4994700348953208,0.1612664564255098,0.01898550436156933,0.08215207822481313,-0.08624767295398358,1.0,1.0,1.0,0.4975969102408747,8.494188690185506,-0.9178479217751869,0.3173,0.045499999999999985,0.0027000000000000357
13067683,SNII,r,60082.390625,199.2383422851562,1.5045684629935296,1.0141683760095133,1.4782997750527602,1.4782997750527602,-0.026268687940769312,0.40441183293468574,0.2280287353044669,0.0012635695243216356,0.017252065300253472,0.68,83.77734220763523,36.917969117319444,83.77734220763523,36.917969117319444,805.7500052699033,25,3.2712754757947753,0.005097051584348088,0.001960359680901417,0.015946293112438562,0.007108310060690687,0.0004468710040378521,0.0011111854581250088,0.4583333333333333,0.3333333333333333,199.2383422851562,3.6637380123138428,3.701105670928955,80.39166435812302,0.909189648023266,12.964721594963684,0.018388719612363495,0.02244569774234826,True,20,805.7500052699033,16.003905406803824,42.40789501420544,235.33986194757017,104.19297482538374,67.14120234950786,5,656.976577620946,0.0,0.0,0.0,30.182811544228752,25.01561738456803,73.05078285740456,55.38828412604926,0.0,156.32031829762855,3,0,0.15,0.0,raw,0.24066847986106105,0.030655070710347194,-1.1767877108316553,0.09500073692326043,0.012100688505611109,1.0503789309598026,-0.09285581703183601,0.8,0.8,1.0,0.3211674043165127,7.850853848457336,0.050378930959802615,0.11730000000000007,-0.15449999999999997,0.0027000000000000357
66542546,AGN,r,60505.2109375,370.7063110351562,1.1411708242859215,0.9999790772768072,1.0181483556137774,1.0181483556137774,-0.12302246867214427,0.38708518530716207,0.7730472079056487,0.6511517073697438,0.3857857562434026,0.12,506.6289127404234,506.6289127404234,506.6289127404234,506.6289127404234,804.6679825331885,25,2.0589861072387388,0.007800245387442974,0.0037055753456650565,0.03362810074808253,0.012607327172385049,0.0024864468508293464,0.008011896107382687,0.08333333333333333,0.25,370.7063110351562,6.246365070343018,6.011099090576172,60.42458561829897,48.92429308574989,40.48453337371518,0.016849902158128188,0.019823741203850952,True,20,779.7382960837786,25.01562707744597,41.03885768861992,235.3203118440142,74.84452406080807,62.5689614882071,5,337.96485075521196,0.4,0.4,0.0,13.924998114959454,12.898422474921972,24.929686449409928,21.307800745655552,0.0,382.8945384115941,7,0,0.35,0.0,raw,0.05751795876757348,0.00020524982742783609,-1.1991070942127127,0.03277178440375286,0.00011694439854087147,1.2971175930713275,0.46220833572880526,0.8,0.8,1.0,0.2484645926323522,280.23389587402335,0.29711759307132746,0.11730000000000007,-0.15449999999999997,0.0027000000000000357
78781060,TDE,r,59796.3828125,222.48246231079085,1.0895512952161583,1.0210640694437356,1.0588366544168033,1.0588366544168033,-0.03071464079935502,0.3163387922929839,0.02344107310459252,0.007466534524910319,0.015824497020492434,0.782608695652174,69.6874992286248,25.949219163863745,69.6874992286248,25.949219163863745,799.7148589250646,23,1.8861392611988281,0.005040947976877787,0.0010971705447115792,0.03866489450333549,0.010249086299983728,0.00036858733636952113,0.0007210629795017156,0.18181818181818182,0.45454545454545453,222.48246231079085,3.828566074371338,3.772093949110612,61.530239124383414,0.8842200935484172,8.792734397592541,0.017208394920688742,0.021355841884784173,True,18,786.6640774407133,25.019594610159402,46.27435749651255,235.3241945920454,115.70624271576678,68.7000372948266,5,718.9414241483828,0.2,0.2,0.0,20.01561203214369,8.0156272514796,73.05078161005076,49.05078155977099,0.0,13.050781484351319,3,1,0.16666666666666666,0.2,raw,0.20283859093642242,0.02851974742834625,2.272472500832314,0.10133192470469836,0.014247589108484903,2.590201918675541,-1.3811073914260341,0.8,0.8,0.8,0.36246228499988487,7.1122155427932645,1.590201918675541,0.11730000000000007,-0.15449999999999997,-0.19729999999999992
92999561,SNIa,r,60444.390625,5.390154981613159,2.4085252033879803,1.6962377249919969,1.3949309845830065,1.3949309845830065,-1.0135942188049738,0.5918041611833796,0.847028995810792,-0.1346438117344269,0.4637123891593438,0.0,786.6640367489017,730.0273584752431,786.6640367489017,730.0273584752431,800.8203308394295,27,17.620825314509077,0.15099332795842596,0.04609818506759457,0.9816711704716716,0.29520972537616996,0.05239822964716088,0.14430953604182248,0.5,0.5,5.390154981613159,3.526073932647705,3.601407519093266,2.1323699783886134,0.7596640540946911,0.789456674752229,0.6541693039765669,0.8550198313879748,True,21,799.7148540526978,17.859359281603247,39.98574270263489,235.312490495744,93.733982110904,58.30429050682959,6,119.8164101771763,0.16666666666666666,0.0,0.16666666666666666,15.612630773289615,13.910155246918293,34.871092345209036,31.882810421106115,0.0,19.945312116476998,1,1,0.047619047619047616,0.16666666666666666,raw,0.5626130328777469,0.10943795428196176,0.8598187071632059,0.335637489365236,0.06528728996657762,0.9548662005024083,0.2411081153576529,0.5,1.0,1.0,0.3309995579589244,5.140931558609006,-0.045133799497591665,-0.18269999999999997,0.045499999999999985,0.0027000000000000357
21330509,SNIa,r,60444.390625,50.05361862182617,2.4195670356491337,1.0934128819247622,2.284573859157597,2.284573859157597,-0.13499317649153675,0.48519972833675334,0.13376766215400093,0.008894092447262174,0.06554456473109911,0.6296296296296297,22.95703108125599,0.0,22.95703108125599,0.0,805.7343569317527,27,5.946048729787929,0.01546985259902974,0.00598110456024724,0.0981607556246452,0.026775165188184055,0.00169580583706969,0.0025984142264993725,0.3076923076923077,0.2692307692307692,50.05361862182617,3.633358955383301,3.7301425668928356,31.47258227548412,1.0501199729345223,2.3324943321597127,0.07258933630422784,0.10398036367829974,True,21,805.7343569317527,22.48046647850788,40.286717846587635,235.31249349835707,81.37849924510385,55.65988107378282,6,768.8710857536425,0.0,0.0,0.0,7.456389767953321,5.98828203589801,17.793013293092372,14.367209214884497,0.0,22.95703108125599,2,1,0.09523809523809523,0.16666666666666666,raw,0.06309931703685333,0.010853548697095101,-1.0899678616419022,0.040785536539880034,0.007015413601294579,0.6062576433133766,0.20520825057407163,0.8333333333333334,1.0,1.0,0.4041699616571953,5.813703775405877,-0.3937423566866234,0.1506333333333334,0.045499999999999985,0.0027000000000000357
35730106,SNII,r,59783.296875,569.2619232177733,1.1622057754967472,1.0061746481727978,1.1530648868069242,1.1530648868069242,-0.009140888689823086,0.3401532128018679,0.022188693249315074,0.001015846075043796,0.004217817536011362,0.7777777777777778,69.72265405859798,30.878905631660018,69.72265405859798,30.878905631660018,805.7499747892289,27,1.2419134831935192,0.0029939084730807326,0.0005257151192540046,0.013759773530432872,0.0045605926789492705,0.0002823453793662959,0.0008901586672685784,0.4230769230769231,0.38461538461538464,569.2619232177733,3.752872943878174,3.759709428857874,174.90491814526555,0.8693535833089023,18.826848576812775,0.00659252409271452,0.011003703052959606,True,21,805.7499747892289,16.960949024589354,40.28749873946144,298.1679603041557,81.37852264651605,68.61040538948646,6,778.789045324389,0.0,0.0,0.0,16.45246704286789,12.017557992832735,42.910166456094885,32.400395675376785,0.0,13.08593702998769,1,2,0.047619047619047616,0.3333333333333333,raw,0.05845180325809092,0.00778775398546651,-1.176532470383162,0.03381940734714948,0.004505887067178239,1.4358507417031898,0.9105815820293056,0.5,0.6666666666666666,0.8333333333333334,0.4128350706050018,7.505604743957443,0.4358507417031898,-0.18269999999999997,-0.2878333333333334,-0.1639666666666666
44307163,EB,r,60082.41015625,1216.243859863281,2.217821568725201,1.7418221786733592,1.3454462555348567,0.872375313190344,-1.3454462555348567,0.5821675131048529,0.7642152943655263,0.6637540885982722,0.4145832003721105,0.08333333333333333,829.7265709303247,804.8320343972373,829.7265709303247,804.8320343972373,833.7578147261884,24,14.873177319192337,0.1757030738339502,0.018633274956366092,1.5273251399471433,0.3767432952228111,0.05975152127354402,0.1855466460398741,0.391304347826087,0.4782608695652174,1216.243859863281,35.26523780822754,36.51050424575806,46.4023738041697,22.926740400634525,20.285677179184635,0.02899520315949775,0.04099770679033631,True,19,829.7265709303247,25.414059177252057,46.09592060724026,294.19922085487633,125.23086126426718,72.3518438739663,5,684.0507727425502,0.2,0.2,0.0,14.958595251434598,17.921871366088453,28.945323125983123,26.125009065461928,0.0,3.007812476971594,4,1,0.21052631578947367,0.2,raw,0.9489674099178879,0.0021277992712019677,2.78479080020008,0.8739353720951758,0.001959560495320529,1.3427924699922955,-0.7630973073843155,0.8,0.8,0.8,0.42087304179127716,445.98540039062414,0.3427924699922955,0.11730000000000007,-0.15449999999999997,-0.19729999999999992
54991416,SNIa,r,60082.4140625,274.61082763671874,1.0578438222082884,1.01396927473565,1.0336996350348253,1.0336996350348253,-0.02414418717346312,0.33322117444752686,0.05995025546649569,-0.0018744127250904924,0.01304878034036109,0.7391304347826086,3.003906322926923,3.003906322926923,3.003906322926923,3.003906322926923,805.6875050551607,23,2.2669525954234104,0.005342816458358279,0.00123505406860267,0.029813365471647625,0.009105595930059275,0.000626113075358241,0.00152562080873965,0.36363636363636365,0.2727272727272727,274.61082763671874,3.693834066390991,3.7107881203941675,76.84836600741893,1.1118419834904962,9.61857079273758,0.013451159585293358,0.020771722995586484,True,18,805.6875050551607,21.890621099410055,47.39338265030357,235.31250141148485,144.47108990797136,70.42816965298896,5,734.7929551036796,0.0,0.0,0.0,11.778129452213761,7.968758844064723,34.87891040745308,24.550788557718626,0.0,66.81640613439959,4,0,0.2222222222222222,0.0,raw,0.020345398157446695,0.0028752408754697937,-2.1251132955102383,0.01669110483077013,0.0023588108964393145,0.655961863567184,0.09022672787838437,0.8,1.0,1.0,0.3709951300617719,7.0760673761367565,-0.344038136432816,0.11730000000000007,0.045499999999999985,0.0027000000000000357
79307105,SNII,r,60083.4140625,133.94552459716797,1.139450722654536,1.0449943925138119,1.09377219084538,1.09377219084538,-0.04567853180915626,0.34017159616904913,0.11963746335667906,-0.0005382412508454558,0.03085412234373492,0.6666666666666666,36.89843669199763,3.0039062783835107,36.89843669199763,3.0039062783835107,805.7343820936367,24,2.6000353399758973,0.010646498075190618,0.003581012910066328,0.09352247256523145,0.022892748621578966,0.005515178579373605,0.019815297539563858,0.21739130434782608,0.17391304347826086,133.94552459716797,3.697664499282837,3.610726445913315,39.62119600655846,1.3157843966139604,5.629689909989435,0.027605733826518732,0.038246172453498976,True,19,805.7343820936367,11.99805638349062,44.76302122742426,255.2578235809633,119.26210728806268,75.24954623096356,5,305.1367200785244,0.0,0.0,0.0,14.723433938086965,16.95312961124,28.898436784889782,24.45624394635088,0.0,2.003906289995939,2,2,0.10526315789473684,0.4,raw,0.0832319531911487,0.009416641443619915,-1.236755429231953,0.04478610243779622,0.005066980313983645,0.5410128041866372,-0.9169001656167964,0.6,1.0,1.0,0.6583352247452902,8.838815164566036,-0.4589871958133628,-0.0827,0.045499999999999985,0.0027000000000000357
28396939,TDE,r,59784.3203125,14.018773078918457,1.7998837939341685,1.326780749793755,1.2899671960385173,1.2899671960385173,-0.5099165978956511,0.4118476308863382,0.4131532024798519,-0.08398487790505811,0.25263880971112407,0.09523809523809523,796.7969087783131,11.949218654786819,796.7969087783131,11.949218654786819,828.738308796077,21,6.245423085115263,0.02403684639730618,0.012312083143794998,0.13768221214097845,0.043276616077853186,0.0032928711203482437,0.006835390273690559,0.45,0.45,14.018773078918457,3.2391819953918457,3.0483555453164235,5.5828161017933455,1.034549320472174,1.331761128120426,0.23106030585964427,0.29767576303513754,True,16,796.7969087783131,27.980485694817617,53.11979391855421,258.2851732449708,136.14530830238357,70.05328935778984,5,527.6445553325539,0.2,0.0,0.2,15.944526659807888,4.972653062723111,36.89061320347537,34.910927929190805,0.0,301.09375346352317,3,0,0.1875,0.0,raw,0.3104991796490809,0.06599249913008164,0.19225203309426425,0.1801284940814373,0.03828393202972944,1.0973184551853044,-0.13833242554382302,0.4,1.0,1.0,0.28265295015746084,4.705067753791806,0.09731845518530435,-0.28269999999999995,0.045499999999999985,0.0027000000000000357
33253530,TDE,r,60496.29296875,368.76915740966797,1.018893375642085,1.010456857629922,1.0071372458946215,1.0071372458946215,-0.011756129747463505,0.3517558674545876,0.4046564512825507,-0.0002304314051649011,0.007951087127841216,0.6818181818181818,113.69531104867929,82.80468808465957,113.69531104867929,82.80468808465957,864.8008145118511,22,2.090132946491231,0.0036530492665411037,0.0012715919311209471,0.014457008897829726,0.005845175467214292,0.00022837222075337447,0.0003766743720370813,0.3333333333333333,0.23809523809523808,368.76915740966797,3.3101134300231934,3.1400714462453667,112.20194153946282,1.3533550236988499,22.743251666808455,0.008976112463618988,0.01176545066995638,True,17,864.8008145118511,32.92969421730959,54.05005090699069,258.2812495580947,113.69140789170706,63.74518968701032,5,713.0390613208365,0.0,0.0,0.0,9.14609346789366,2.9609672500300803,19.94919712995761,19.157018597831485,0.0,23.9531256935079,3,1,0.17647058823529413,0.2,raw,0.013062496929886766,0.0011345616279243187,-2.495666519097682,0.010280261087060146,0.000892906602545176,0.6140921654486609,0.39867240705955925,0.8,1.0,1.0,0.36954459169479387,11.513254642486556,-0.38590783455133915,0.11730000000000007,0.045499999999999985,0.0027000000000000357
59183655,TDE,r,60085.41015625,1497.415441894531,1.3030083533829688,1.0030424121272685,1.2994416249750251,1.2994416249750251,-0.003566728407943756,0.3682559180375556,0.10995732404209614,-0.00046259942024826794,0.0022047816388376783,0.7272727272727273,36.894530152116204,36.894530152116204,36.894530152116204,36.894530152116204,864.8046922320646,22,2.6374709245188237,0.004247984588758595,0.00019470459295586916,0.03182963691684501,0.008528959255605373,0.0001855481556480471,0.0003671447009473435,0.38095238095238093,0.38095238095238093,1497.415441894531,2.966705560684204,3.9772884087129072,655.8803748051657,1.3910356387041967,33.95227243720845,0.001981217421486402,0.0059658256642285985,True,17,864.8046922320646,38.417967643959855,54.050293264504035,258.28125437883864,113.69140456080277,64.01716449071145,5,683.1054575293238,0.0,0.0,0.0,11.53984026703838,14.92578297068394,19.949208199614077,19.157022576493908,0.0,36.894530152116204,2,1,0.11764705882352941,0.2,raw,0.05685823394206031,0.005069766176831952,-0.6559880947695723,0.032203429679790174,0.0028714197970861285,1.2883852994531242,-1.6271609764227133,0.4,0.6,0.8,0.5688686021611569,11.21515903472899,0.2883852994531242,-0.28269999999999995,-0.35450000000000004,-0.19729999999999992
65406030,SNIa,r,59926.078125,4.841760158538818,38.32509466553121,1.8534173102038456,37.38217889921584,37.38217889921584,-0.94291576631537,7.9479969407414,0.8777012631689457,0.3515824622975176,0.6884983402013138,0.9523809523809523,0.0,0.0,0.0,0.0,829.664036607981,21,91.22022208575723,0.13460911694787428,0.04130273767328302,0.8131998187590551,0.23906361123193837,0.015936341997079426,0.03094099043095451,0.7,0.7,4.841760158538818,3.0819320678710938,3.0595461641039168,58.72794741988588,0.9480635276280912,3.581854327183521,0.6365313371493357,0.8632705617650428,True,16,829.664036607981,31.941412200947525,55.310935773865396,258.27343812455365,120.74687502630401,64.38432024261681,5,665.1288940438681,0.0,0.0,0.0,9.757031446545444,5.976558305163053,19.9492208998563,17.938277730703703,0.0,88.93749789250433,2,0,0.125,0.0,raw,0.17831455422562859,0.03896609688478575,-0.36387524195668497,0.09960867071776533,0.021766933891677304,0.5768843193188945,0.4965837343672737,0.8,1.0,1.0,0.37441076896843284,4.5761461496353055,-0.4231156806811055,0.11730000000000007,0.045499999999999985,0.0027000000000000357
69562605,SNIa,r,60520.24609375,5.715457916259766,2.186983780659466,1.7943639944122332,1.1924802756240018,1.1924802756240018,-0.9945035050354641,0.607190608957534,0.7771338651233788,-0.35532733979388265,0.4669367704115075,0.0,816.6718448334577,795.8671970026189,795.8671970026189,795.8671970026189,829.6640599953971,21,14.714433061014248,0.06373775777531328,0.028039876516305184,0.46071421828275927,0.12405292293360419,0.008343597158607744,0.014119611908667111,0.45,0.55,5.715457916259766,3.081866979598999,3.0323232525870916,2.2115071404495352,0.827854094752302,1.0141238645694954,0.5392161091469979,0.7313114832877586,True,16,829.6640599953971,31.941403392484062,55.31093733302647,258.27344279628596,131.17654125335392,65.63839730130006,5,756.7499729848132,0.0,0.0,0.0,15.952341867164069,12.992215161939384,42.91402452797047,31.717164449708072,0.0,17.97656155459117,4,2,0.25,0.4,raw,0.4728616132451879,0.11634582889906771,0.630531664566478,0.2704291431954084,0.06653807782705368,0.3835612431333796,-0.8330121769160017,0.6,1.0,1.0,0.6309950199379656,4.064276456832884,-0.6164387568666204,-0.0827,0.045499999999999985,0.0027000000000000357
88444541,AGN,r,60520.24609375,227.17853927612305,1.0746569583972836,1.004811556644303,1.0104609316689763,1.0104609316689763,-0.06419602672830717,0.34372533701437713,0.5524215994323489,0.3657884640213619,0.2635921539270383,0.09090909090909091,769.0664268550754,563.714839417029,769.0664268550754,563.714839417029,864.804675516476,22,3.130491267086257,0.007932308466851933,0.004842882892585969,0.03934359307064909,0.011477601145861528,0.0007511060485505619,0.0012027171889097648,0.047619047619047616,0.14285714285714285,227.17853927612305,5.139010190963745,4.820422410964966,44.66911524242352,24.210802031811404,25.83192130373864,0.022621019605718832,0.02491527879112914,True,17,864.804675516476,30.92577183774847,54.05029221977975,301.18358355021337,127.65820712318236,74.72886958486399,5,371.97654699622944,0.0,0.0,0.0,23.142968773603208,23.953124694773578,42.90234566151776,36.914844047288355,0.0,17.968749664862116,2,3,0.11764705882352941,0.6,raw,0.20631316611987283,0.001605029239277558,-0.7833949853047558,0.09659811966203935,0.0007514925461747895,0.8746682000253257,-0.4162308442496935,0.6,1.0,1.0,0.34266580134542685,128.5416870117187,-0.12533179997467425,-0.0827,0.045499999999999985,0.0027000000000000357
105636094,SNII,r,60491.33203125,6.599226880073543,1.9150155898676966,1.5825601280720778,1.2442962646302793,1.2442962646302793,-0.6707193252374173,0.4562302045831748,0.3681806754696135,0.02888823281174498,0.32224571538076,0.125,795.8632863427774,467.72657689902553,527.6445469439714,405.92188919818,828.7304612273147,24,12.326305594811025,0.07233267180521494,0.023446647924269353,0.4798928162262563,0.13294435585433875,0.026346886067654406,0.07225630292473142,0.6521739130434783,0.6521739130434783,6.599226880073543,3.4070029258728027,3.3810621897379556,2.4101515422736703,0.40154193374471014,0.6313493301744478,0.5162730404314929,0.6671232447676881,True,19,828.7304612273147,18.46679519486497,46.04058117929526,325.1406106279901,103.5445209968989,81.42527346137966,5,654.9882909637818,0.0,0.0,0.0,28.75624175694684,27.933597500639735,46.011689987339196,44.774197996073056,0.0,23.953125608990376,6,1,0.3157894736842105,0.2,raw,0.37062371271100036,0.08362759941174917,0.362989878207627,0.20048941530946712,0.045238466764995766,0.4753025226302477,0.4412281733045158,0.8,1.0,1.0,0.4224682350996644,4.431834888458247,-0.5246974773697524,0.11730000000000007,0.045499999999999985,0.0027000000000000357
115771765,TDE,r,60085.4140625,19.930416154861433,2.357339683284006,1.1993867950747727,2.1299837124393117,2.1299837124393117,-0.22735597084469403,0.4885734184504958,0.3439194673751159,0.07070331481107286,0.18638677093369319,0.2916666666666667,36.890624055646185,0.0,36.890624055646185,0.0,828.7343849791505,24,8.353430336338965,0.037294598925089906,0.01413734535093438,0.18465733215536165,0.06228298314931775,0.01037590893104074,0.027127994754245068,0.4782608695652174,0.5217391304347826,19.930416154861433,3.1671900749206543,3.0938682705163956,13.403509353020342,1.2456385859952441,1.967628230508378,0.15891239050460632,0.20196013673872953,True,19,796.7500136596209,20.43359467470873,44.26388964775671,258.28513888899033,91.66133067084459,68.0073709655243,5,686.9648414504773,0.2,0.0,0.2,20.569537440981367,10.945325396867702,46.007816010402166,40.398438134053144,0.0,159.3242220208922,3,0,0.15789473684210525,0.0,raw,0.33745986208456535,0.055448001840292124,0.626267394635059,0.20116642469168955,0.033053638490833606,0.945581283787426,-1.1129998260661274,0.6,0.8,1.0,0.5349491432204775,6.086059927940362,-0.05441871621257399,-0.0827,-0.15449999999999997,0.0027000000000000357
4966507,AGN,r,59796.38671875,40.9157829284668,1.406508794147062,1.1801244113857141,1.1356431536701086,1.1356431536701086,-0.27086564047695344,0.3510585351000065,0.3720001555591005,0.16681523718404184,0.19211432072442902,0.043478260869565216,864.7929928980011,141.77734455020982,864.7929928980011,141.77734455020982,864.7929928980011,23,3.5949069008851247,0.011458814957957773,0.003789444128451583,0.051949640748113986,0.01887637190332238,0.0012494001488200467,0.002359317719579632,0.09090909090909091,0.2727272727272727,40.9157829284668,3.455009937286377,3.509460070858831,13.448797428426673,3.0282771212257344,4.9274352393351615,0.08444198521941479,0.11716287820976415,True,18,864.7929928980011,31.941388946026564,50.870176052823595,196.2500072283001,115.31484276851118,52.24496901548195,5,703.0351336068197,0.0,0.0,0.0,18.267195608399923,10.960976654998376,40.734374899824616,32.77031233707385,0.0,20.824218492947693,2,2,0.1111111111111111,0.4,raw,0.17121170655318393,0.013906100359809272,0.07234535895656913,0.11097433926062863,0.009013520922078128,1.6832833094949555,0.05409721543179611,0.2,0.8,1.0,0.3569367199184659,12.31198554039,0.6832833094949555,-0.48269999999999996,-0.15449999999999997,0.0027000000000000357
20114810,SNII,r,60613.05859375,169.51019182205175,1.2035237599934359,1.0226529088941814,1.1745288135901164,1.1745288135901164,-0.02899494640331938,0.31999886167982466,0.020468158318026588,0.0037533583583919594,0.013499716349826166,0.9130434782608695,3.9960937416544766,3.9960937416544766,3.9960937416544766,3.9960937416544766,832.7344058470553,23,1.621171006699615,0.004510003956152646,0.0010997370240407147,0.0507683117223071,0.01153173200455604,0.0006712607687816892,0.0015141189005901977,0.2727272727272727,0.36363636363636365,169.51019182205175,2.6809329986572266,2.899661115978075,74.26317800254841,0.7189212936138547,6.940592802235578,0.015815762874433023,0.023878273726362156,True,18,816.7890903581574,27.9843736979019,48.04641707989161,231.31637728080386,119.31249405291895,60.01248177094947,5,832.7344058470553,0.4,0.2,0.2,7.167972908896627,7.925784219667548,11.949221747243428,10.339853372235666,0.0,3.9960937416544766,3,1,0.16666666666666666,0.2,raw,0.08288169046434722,0.01837578519695757,0.5271827583167951,0.17041651932053678,0.03778322251275063,0.0866108963197339,-0.10826286125194798,1.0,1.0,1.0,0.5021494142016707,4.510375452041621,-0.9133891036802662,0.3173,0.045499999999999985,0.0027000000000000357
7713926,SNII,r,60467.38671875,100.06962280273437,1.6088704465372528,1.0691031845648906,1.5194802727373586,1.5194802727373586,-0.08939017379989408,0.42570735680724797,0.22718882680070096,0.018563726033150624,0.04407338193573616,0.5217391304347826,52.847658234182745,34.88671784750477,52.847658234182745,34.88671784750477,865.7851237586001,23,3.6924300397246927,0.007026938214096085,0.003096988563375663,0.038010267105025745,0.011267989489260739,0.0005273800029365315,0.0008923342992792067,0.4090909090909091,0.13636363636363635,100.06962280273437,2.959625005722046,3.2955548555954643,51.37604171307087,1.79785765900801,7.51011783055506,0.02957565865473788,0.04891628719555421,True,18,865.7851237586001,27.957029764838808,50.92853669168236,258.29297203764145,127.86249724554365,65.43426508086668,5,665.136725579534,0.0,0.0,0.0,21.767967323870106,19.94140273463563,46.02343632950942,40.38749901551491,0.0,23.945313336822437,2,2,0.1111111111111111,0.4,raw,0.06227082840808374,0.007462438664192249,-1.2695551668847256,0.03817931707768827,0.0045753496334731665,0.6709284605128476,0.11991360676388166,0.8,1.0,1.0,0.3209747303463815,8.344568204879721,-0.3290715394871524,0.11730000000000007,0.045499999999999985,0.0027000000000000357
16755032,SNII,r,60467.35546875,25.656196594238278,2.035948741067364,1.2210452704866674,1.6971814337359037,1.6971814337359037,-0.33876730733146015,0.4641142763644281,0.36322193505117306,-0.05436479963625648,0.12879857492442873,0.3333333333333333,115.69140713352681,34.91796811261156,115.69140713352681,34.91796811261156,865.7851583593874,24,5.907757705314218,0.021590233599859322,0.006508603340345587,0.1128279353024646,0.038108125678618036,0.0023933520604657622,0.003606284729786068,0.13043478260869565,0.30434782608695654,25.656196594238278,3.5614460706710815,3.4718865354855857,12.226275410598792,1.3735364112410522,2.1502339451670367,0.13881426491216126,0.19361474012499666,True,19,811.9687336575735,29.968746686361555,45.109374092087414,258.26172096303344,79.10743227541104,61.40731587468108,5,338.9843843051567,0.6,0.6,0.0,24.096101073311,19.94534032118827,53.81642470181396,48.58986219953804,0.0,345.0507811925563,4,0,0.21052631578947367,0.0,raw,0.19139352398069426,0.02789377874191347,-0.02413231201766166,0.12102910359851746,0.017638836293383156,0.9271105943482422,-0.38583242956313935,0.6,1.0,1.0,0.3522034785478861,6.861512947082514,-0.07288940565175783,-0.0827,0.045499999999999985,0.0027000000000000357
18269270,SNII,r,59837.109375,223.391111755371,1.06876910929436,1.0231807208181518,1.0360553507342503,1.0360553507342503,-0.032713758560109725,0.35570194490951484,0.23628750659384884,0.006517788165517238,0.01945000690150229,0.7391304347826086,142.757815014862,96.73437249867129,142.757815014862,96.73437249867129,865.7851346877651,23,1.7487129764033524,0.0027488664368564234,0.0011434645286206363,0.014109415043768152,0.004534360058644216,0.0002178504689167342,0.0004803468080529507,0.2727272727272727,0.22727272727272727,223.391111755371,3.3398690223693848,3.417289692422618,69.29779434177686,1.2666525418407015,15.424664027933998,0.014950769509696413,0.02102500110842369,True,18,852.7187301182494,28.92973206048191,50.15992530107349,207.1992053962531,133.7343636339953,60.436413582845574,5,797.7968885226219,0.2,0.2,0.0,19.992948111210715,13.066404569515726,46.0234425161907,41.57030523614376,0.0,53.789062070492946,4,0,0.2222222222222222,0.0,raw,0.04647558819959127,0.00257712178506569,-1.8149680310172465,0.026138068509585267,0.0014493842549406204,0.644136731058801,-0.161802362302806,0.8,1.0,1.0,0.3236423275862095,18.033912277221553,-0.355863268941199,0.11730000000000007,0.045499999999999985,0.0027000000000000357
36593619,SNIa,r,60520.2421875,180.099292373657,1.2797154832131932,1.0205788232139683,1.2562311317760508,1.2562311317760508,-0.02348435143714225,0.3282822438704553,0.10465006533778955,-0.0012380947736622683,0.015144358046872777,0.6666666666666666,23.949219215777703,17.96874967799522,23.949219215777703,17.96874967799522,865.7109638149486,24,2.7783082700949895,0.012636553967287252,0.0014307009362338852,0.09843623583373581,0.02766202108074049,0.001149848767585188,0.002203405327512398,0.34782608695652173,0.13043478260869565,180.099292373657,3.2580080032348633,3.394094785054525,69.44314982221833,1.3740774306195642,7.91265269284461,0.01809006554270843,0.026977871432458517,True,19,865.7109638149486,29.962891965664312,48.09505354527492,258.2617192128673,109.15859666221372,61.77982280272222,5,701.0624787924753,0.0,0.0,0.0,13.372662697541818,5.980469537782483,42.91799902234925,30.960173480270896,0.0,17.96874967799522,4,2,0.21052631578947367,0.4,raw,0.2170067970462465,0.020422407282464118,0.1132879551929249,0.1356832832763353,0.012769089771417374,0.9129296622609673,0.7356734179090525,0.8,0.8,1.0,0.4966701240092388,10.625916624069157,-0.08707033773903272,0.11730000000000007,-0.15449999999999997,0.0027000000000000357
77030468,SNIa,r,60085.4140625,97.08739814758296,1.1002211720279733,1.0187604276359588,1.0628984604535607,1.0628984604535607,-0.037322711574412484,0.32718402725117385,0.10793476514159797,0.012360440342690883,0.01956227278819743,0.7083333333333334,68.82031296107016,39.890624422921974,68.82031296107016,39.890624422921974,865.7109521609527,24,2.447478329029338,0.01368129998588022,0.0016534363579445784,0.1690881721013917,0.038652509906922976,0.001207240029109949,0.0023862288152463173,0.391304347826087,0.30434782608695654,97.08739814758296,2.873606562614441,3.270050053795179,35.910986341366325,0.98358963194742,4.975522286529324,0.02959814164806703,0.05165076293298462,True,19,865.7109521609527,28.919921283719304,48.095052897830705,258.26172058964585,94.49412946685194,60.803001311441776,5,92.73437700176146,0.0,0.0,0.0,5.749999487488822,4.96093978654244,10.941435415588785,9.728915558662266,0.0,410.87889407026523,4,0,0.21052631578947367,0.0,raw,0.025044720351324497,0.0026612780587528632,-0.769557119504978,0.0480328403819152,0.005104019626284594,0.1454474734478832,0.0742495404935345,1.0,1.0,1.0,0.44717830464021124,9.410786771774248,-0.8545525265521168,0.3173,0.045499999999999985,0.0027000000000000357
128735416,SNII,r,60520.234375,68.4140998840332,1.5420113588698618,1.0329429616342627,1.4877018820502501,1.4877018820502501,-0.05430947681961167,0.4695663036923883,0.7359180817944861,-0.012573687487112017,0.023430771343901282,0.6521739130434783,128.8749980749999,68.7929706971554,128.8749980749999,68.7929706971554,865.7851752576244,23,2.8972873283242357,0.008929600602725756,0.0013998678964754652,0.08098804696302304,0.01948523468194911,0.0010428331235731011,0.0018661704322213083,0.2727272727272727,0.2727272727272727,68.4140998840332,3.0315170288085938,3.2825231655784277,33.57387875081478,0.6197387070890931,7.2252507529913705,0.04431129012801794,0.07162956565719836,True,18,805.7031478797799,29.921873941842932,47.39430281645764,282.2382953564738,97.24374164900368,68.15757347193522,5,484.84375919093145,0.2,0.0,0.2,22.188277461334657,13.023417641816195,60.0820273778445,45.627341524041555,0.0,52.84765673863876,6,0,0.3333333333333333,0.0,raw,0.2315051118995992,0.031997517739983335,-0.13894685751617092,0.11946886910833676,0.01651240971442398,0.3602611903207055,0.3995491300546879,0.8,1.0,1.0,0.5258105202711755,7.235095977783175,-0.6397388096792944,0.11730000000000007,0.045499999999999985,0.0027000000000000357
38976810,SNIa,r,60531.20703125,25.112840366363503,5.051578887874705,1.1657433876271135,4.851795627339202,4.851795627339202,-0.1997832605355034,0.9965099026459997,0.2842743167239719,0.0012443441708496102,0.1639462920827589,0.6956521739130435,21.96875023181201,0.0,21.96875023181201,0.0,832.734351349427,23,11.764892897493398,0.030516404909189578,0.006819761296539469,0.1723926043210661,0.05997008080123055,0.00481028659676146,0.013052185494509079,0.36363636363636365,0.2727272727272727,25.112840366363503,2.8207759857177734,2.913415411244268,43.19462789548171,1.056910200403751,3.26653193671273,0.11232405194180906,0.16847929927425628,True,18,828.738260015627,28.0195027779846,48.74930941268394,255.31251490178693,126.19609818189936,73.80699690525277,5,799.8281109519448,0.2,0.0,0.2,25.358600532345008,8.976564439646609,85.99610988342465,59.55704849042668,0.0,58.92968922633736,5,0,0.2777777777777778,0.0,raw,0.04077540101835591,0.007526608541216225,0.20960590604586593,0.12267542738641184,0.02264428789181648,0.05763707321657922,-0.03816983982660229,1.0,1.0,1.0,0.4929706240708922,5.417499899864197,-0.9423629267834208,0.3173,0.045499999999999985,0.0027000000000000357
49983452,SNIa,r,60531.2265625,101.00359573364236,1.5530637923163026,1.0376518720436252,1.4989934883018725,1.4989934883018725,-0.05407030401443025,0.36526893087199486,0.0850021037306466,-0.008370217152711183,0.03573380447293257,0.76,47.898436530682375,25.945311714924173,47.898436530682375,25.945311714924173,865.7968648018214,25,3.5809393984359605,0.00686940713180519,0.002307626272372483,0.05191138177933981,0.01329919943288453,0.0007809889401887175,0.0016382018072997853,0.2916666666666667,0.3333333333333333,101.00359573364236,2.863110065460205,3.3207532024383544,52.880863410142304,1.067322061708402,4.822565359591946,0.028346615233486763,0.060375831707530817,True,20,865.7968648018214,22.92578253296233,45.56825604220112,231.35941526871466,108.25155495611538,58.87465029650794,5,668.1757971523184,0.0,0.0,0.0,16.73904116085614,19.882768697381834,27.902306894306093,27.119508822553325,0.0,25.945311714924173,3,1,0.15,0.2,raw,0.25478978660445806,0.03329135891247402,0.18382058501766502,0.15822994740195778,0.020674651208991177,0.358332394819933,0.19256137404790707,1.0,1.0,1.0,0.42133891454652345,7.65333092212677,-0.6416676051800669,0.3173,0.045499999999999985,0.0027000000000000357
76798495,SNIa,r,59837.12109375,674.002197265625,3.4537270332485215,1.0063549911347631,3.445911617759615,3.445911617759615,-0.007815415488906309,0.7530693858157076,0.012433151079596558,0.0015261360499307607,0.007066855251129192,0.9047619047619048,42.97656357802043,0.0,42.97656357802043,0.0,865.7929869053769,21,6.981978087505024,0.012299035189755116,0.0003837621211957045,0.17315625919831137,0.04037290412444989,0.0009196003092661918,0.002573046019580055,0.25,0.4,674.002197265625,3.6601269245147705,3.750014679772513,634.5550440879942,1.0765182909663848,15.123035560189475,0.005430437674185075,0.007719657136580296,True,16,829.7382750088364,22.92579876261152,55.31588500058909,282.21874424985435,158.71560445762148,78.2332913327345,5,769.0156438628183,0.2,0.0,0.2,18.759379081219958,7.9257796953534125,42.97656357802043,40.20782290542847,0.0,42.97656357802043,3,1,0.1875,0.2,raw,0.3721617208370899,0.044868999933194605,0.4614799914670439,0.2093782012525823,0.025243301425207323,0.30426702884958456,0.15888649525177193,1.0,1.0,1.0,0.4966179468782507,8.294406414031982,-0.6957329711504154,0.3173,0.045499999999999985,0.0027000000000000357
83377667,SNIa,r,59817.22265625,33.09606609344482,2.7274413899924097,1.1560953489837922,2.53398574561729,2.53398574561729,-0.19345564437511964,0.5817141168804433,0.17372837162544955,0.0009355795315908974,0.0979540504399945,0.5909090909090909,40.710936909672455,0.0,40.710936909672455,0.0,865.7968551102167,22,6.404536053816632,0.02025610870973457,0.007280807376951005,0.08866934308177409,0.034172231299782106,0.001275029072717705,0.0023268608582430175,0.3333333333333333,0.3333333333333333,33.09606609344482,3.5388084650039673,3.358673220331019,23.698643355851377,1.0447706223024804,3.3924492064138234,0.10692535043326139,0.1400712377385624,True,17,852.7148232028194,35.43750038982034,53.29467645017621,231.3593723535305,127.65625399091732,60.78667708793914,5,806.8124767446789,0.2,0.2,0.0,19.571085078574832,22.92578641998989,27.976553236410837,27.164046810319995,0.0,33.902344178517524,4,1,0.23529411764705882,0.2,raw,0.12379106049993364,0.021704324951012283,0.06782381025497933,0.11226324118423156,0.01968314882250914,0.17530659999613976,-0.291979618368215,1.0,1.0,1.0,0.5121843374953222,5.70352041721344,-0.8246934000038603,0.3173,0.045499999999999985,0.0027000000000000357
20546536,AGN,r,60268.13671875,303.49525451660156,2.014569027994911,1.8202921437626651,1.1562695875512479,1.1562695875512479,-0.8582994404436631,0.5828675473356171,0.9202130551162614,-0.02767371410012084,0.4834272782069437,0.11538461538461539,848.7109407682001,796.0078050553348,510.671885046635,457.96874933376967,848.7109407682001,26,4.039554805927542,0.015646041940252483,0.0049955346208652805,0.14881514776554391,0.033234670889862004,0.002436308992012256,0.004844245726052609,0.12,0.16,303.49525451660156,6.7308900356292725,6.696451590611384,52.13609654980258,27.978143209475032,25.79611187657273,0.022177908667303674,0.02771195122490776,True,20,848.7109407682001,23.960934543523763,44.668996882536845,239.28907808258373,81.06015543806708,57.56476574374338,6,419.7929787811663,0.0,0.0,0.0,6.123696834406776,7.431642182156793,10.929683227921487,9.443362178797543,0.0,65.92968889128679,2,0,0.1,0.0,raw,0.13228886844817203,0.0007057212689160531,1.3419162526710908,0.08516650489158722,0.0004543376521871421,1.9413789949560112,1.5657552815675924,0.5,0.5,0.6666666666666666,0.4846273966838054,187.45200729370117,0.9413789949560112,-0.18269999999999997,-0.4545,-0.33063333333333333
14329136,SNII,r,60111.4140625,51.88585700988765,1.3292621869477232,1.073812311537787,1.210960993675575,1.210960993675575,-0.11830119327214837,0.3273996958547354,0.16203393485626827,0.02479536850907193,0.07310216960577595,0.4782608695652174,52.85156218743941,7.9257809951668605,52.85156218743941,7.9257809951668605,864.7851502764679,23,3.548477285675859,0.0062364952408056305,0.004252214097197818,0.023987724818744997,0.008550519763754415,0.0003225866506235725,0.000530399209197151,0.3181818181818182,0.36363636363636365,51.88585700988765,3.1179699897766113,3.5288839754850967,20.151492531492888,1.145023396333804,3.4110274025674006,0.06009286864400128,0.1199983985667651,True,18,864.7851502764679,22.929694530183042,50.86971472214517,266.28905906942964,119.31093997424327,66.43472611962082,5,732.9726696616417,0.0,0.0,0.0,17.768751490328576,20.062501116248313,34.960935252252966,31.35625242704118,0.0,36.84765647116001,3,1,0.16666666666666666,0.2,raw,0.025775073773008066,0.0036585624998324105,-1.1287131550113148,0.03397808518064547,0.004822913383402247,0.2074249950047379,-0.13480381548286857,1.0,1.0,1.0,0.4613893777223972,7.04513692855835,-0.7925750049952621,0.3173,0.045499999999999985,0.0027000000000000357
29725628,SLSN-I,r,60111.4140625,161.73636436462397,1.2629943685132523,1.013780298296149,1.24887438958961,1.24887438958961,-0.014119978923642255,0.34755592040158173,0.09770617475693409,0.008885627090336997,0.01582482674999385,0.6818181818181818,39.84765752658859,7.925781403508154,39.84765752658859,7.925781403508154,832.7343790316081,22,2.8072390720199505,0.006131543445964669,0.0014594035978712713,0.028428378527122374,0.009697873462596594,0.0007678724799904636,0.002293777128953415,0.3333333333333333,0.2857142857142857,161.73636436462397,3.476526975631714,3.3336531574075874,58.100628798834364,1.0845597010422052,9.615399845046724,0.021495023641029256,0.027639405329952856,True,17,832.7343790316081,31.898432362668245,52.04589868947551,231.32812509495125,127.65625354721124,61.32321799092351,5,470.804677645021,0.0,0.0,0.0,9.930459915670507,7.925781403508154,25.949196625733748,19.163259858149104,0.0,7.925781403508154,3,2,0.17647058823529413,0.4,raw,0.06305765882695946,0.00770960351458542,-1.050502526118825,0.040317738634758175,0.004929358071025865,1.2755386974643317,0.1142451917153741,0.6,0.8,1.0,0.25781842821079903,8.179105281829834,0.2755386974643317,-0.0827,-0.15449999999999997,0.0027000000000000357
43776050,SNII,r,60295.078125,9.614179682731626,11.68811485732067,1.05857939409647,10.67047618742478,10.67047618742478,-1.0176386698958897,2.247225607480678,0.36946516089061177,0.010500947608104608,0.24401798071870626,0.8636363636363636,0.0,0.0,0.0,0.0,865.7851577107067,22,27.64474027433491,0.032196410438250764,0.013536807934662248,0.1469063597487477,0.052516642387080294,0.0019113066829128077,0.0031071961791511163,0.42857142857142855,0.42857142857142855,9.614179682731626,3.0298964977264404,3.2173307104544207,33.858541188846004,0.5615422705482571,1.368656339745903,0.31514872799481236,0.46282151092443446,True,17,865.7851577107067,33.45115901385725,54.11157235691917,185.32812089809886,131.1523388385831,53.46077749163665,5,710.0781176424061,0.0,0.0,0.0,25.13906730157032,25.945308366521203,37.90623694087117,35.50624737485632,0.0,85.9726545260055,1,0,0.058823529411764705,0.0,raw,0.09808726762040283,0.014761271520134537,-0.21365148008928272,0.08610309654165182,0.01295775912215649,0.3850502154174844,0.06102047836497373,1.0,1.0,1.0,0.3352554914460105,6.644906401634216,-0.6149497845825156,0.3173,0.045499999999999985,0.0027000000000000357
61803685,SNII,r,60111.4140625,145.1239696502684,1.1468835388300271,1.02130634442164,1.120689863872473,1.120689863872473,-0.026193674957554203,0.34333082971707524,0.3554543545392565,-0.004733001771643422,0.011254615411495875,0.6666666666666666,97.67187282563827,39.84765800162131,97.67187282563827,39.84765800162131,833.734370539998,24,2.4481747514427497,0.004289798815273793,0.0012342445509648501,0.019659146400549693,0.006819673588051918,0.00048756553704175056,0.0009259991286730447,0.2608695652173913,0.2608695652173913,145.1239696502684,3.5272964239120483,3.3883271167675653,46.1086742496149,0.7791626865504939,9.633302993092423,0.024305402011896553,0.031918396466839534,True,19,833.734370539998,24.435541576502146,46.318576141111,231.32813144786633,110.9937470561134,59.16671616005677,5,736.0351552398861,0.0,0.0,0.0,7.385157479836198,7.964845368296665,8.972665289024008,8.583597853107495,0.0,7.925781001496944,2,3,0.10526315789473684,0.6,raw,0.08456228408176066,0.008843917965519062,-0.9182237892672273,0.05220194826497,0.005459523156319792,0.9791827241636712,0.9448529516657953,0.4,1.0,1.0,0.5293430234255839,9.561631441116333,-0.020817275836328752,-0.28269999999999995,0.045499999999999985,0.0027000000000000357
90813331,SNIa,r,60613.05859375,32.1923713684082,2.15919873322039,1.0665507361799693,2.072796931687822,2.072796931687822,-0.08640180153256823,0.4847964920802553,0.05281316458264136,-0.0008999960077642746,0.09517281194299897,0.8095238095238095,36.054687761912646,0.0,36.054687761912646,0.0,865.7929366336757,21,4.683635556736213,0.010266970621926079,0.0021640087066717257,0.09045120414968498,0.022310617403221666,0.0008577950734320647,0.0017740293840681765,0.55,0.55,32.1923713684082,3.199054002761841,3.374162515004476,20.858744034512352,0.3487133612144161,2.4126427058062374,0.09937304605963927,0.15123305834540127,True,16,865.7929366336757,23.957007167467964,57.719529108911715,300.1327991003636,160.74609997483634,84.32983146900185,5,469.7461090236757,0.0,0.0,0.0,39.50469313709618,8.972657249847543,130.8203025010589,96.42811287260557,0.0,31.898437562500476,3,1,0.1875,0.2,raw,0.08984751786059571,0.019656571256034736,-0.18990911922200185,0.09065457454012346,0.0198331367027665,0.32464324922537796,0.09742892087700833,1.0,1.0,1.0,0.4441302052068544,4.570864200592041,-0.6753567507746221,0.3173,0.045499999999999985,0.0027000000000000357
129335528,TDE,r,60111.4140625,64.70212478637693,1.4999795740576989,1.1430537815060802,1.281398452514811,1.281398452514811,-0.21858112154288797,0.3620925482774206,0.12426640685331375,-0.003094318885634051,0.07244690811089276,0.5454545454545454,39.84765593268821,7.925781009515049,39.84765593268821,7.925781009515049,832.7343756162809,22,3.76119930995395,0.007899550716805035,0.005634658675365598,0.0323010240206235,0.011268964949723868,0.0008275862135548159,0.0014823446917653256,0.47619047619047616,0.3333333333333333,64.70212478637693,3.4127719402313232,3.2828524600375784,24.29380105899015,0.953825475737172,4.4434728210711745,0.05274590210907393,0.06910972394066302,True,17,820.6523277895903,33.429688052870915,51.2907704868494,231.32812734337494,127.6562477917796,61.28788670604022,5,805.8242199807646,0.2,0.2,0.0,10.232821756968042,8.984383257193258,21.949235178297386,18.00236023765465,0.0,31.898438067699317,4,1,0.23529411764705882,0.2,raw,0.1092035187278102,0.014987544880122751,-0.8802912913722569,0.06182337460481654,0.00848489693669882,1.108305613462721,0.2519859009165738,0.6,1.0,1.0,0.32874679620763947,7.286284685134888,0.10830561346272094,-0.0827,0.045499999999999985,0.0027000000000000357
42198183,SLSN-I,r,60111.39453125,1435.0691589355465,1.1213512189072714,0.9996273023591634,1.1201776155688479,1.1201776155688479,-0.0011736033384234486,0.36824625518730075,0.5327397772252281,0.12244101652177786,0.07482254032581541,0.25,97.71484083095129,90.81250041603198,97.71484083095129,90.81250041603198,848.7109584609861,28,2.1376177110796815,0.00276512997755723,0.0010511513150005063,0.013285924735978253,0.0041517105552371265,0.00026236508360236085,0.0004944305672080244,0.1111111111111111,0.07407407407407407,1435.0691589355465,4.4199488162994385,5.497885959489005,363.69931314695725,59.62233908871973,71.1705338935284,0.003079955268203177,0.007264254106737586,True,22,843.7578088959272,21.01171842214535,40.17894328075844,287.2148312785066,53.906252200082236,72.71422819923835,6,820.6484608992178,0.16666666666666666,0.16666666666666666,0.0,7.35417026042948,6.076172461740498,15.996095162365236,11.998044483952981,0.0,39.92968632208067,5,1,0.22727272727272727,0.16666666666666666,raw,0.004992064585077136,1.4198596819726291e-05,-3.333257587576943,0.004045317082949552,1.1505825954345988e-05,0.3224991118756656,-0.10702513586649655,1.0,1.0,1.0,0.3216190953867648,351.58858642577957,-0.6775008881243344,0.3173,0.045499999999999985,0.0027000000000000357
129832862,SNIa,r,60496.32421875,62.48333015441892,1.6888761883578804,1.051521074375483,1.527557817071828,1.527557817071828,-0.16131837128605248,0.3655563162034019,0.08400545118518125,0.011682219704094544,0.053393470603203104,0.6785714285714286,12.039062008421752,12.039062008421752,12.039062008421752,12.039062008421752,848.7109581691329,28,4.054369140220333,0.012515924319048508,0.005196330351826463,0.08893667221367922,0.02162219073263746,0.0021841545924068365,0.0035926158689198475,0.37037037037037035,0.2962962962962963,62.48333015441892,3.407979965209961,3.3831304141453336,28.006883957189622,0.8128125031541107,3.063443602887285,0.054542226811336865,0.0726499365513755,True,22,820.6484545150379,12.972672558935301,39.07849783404942,287.2148282548005,47.761712584251654,72.98488457404339,6,815.8945339566999,0.3333333333333333,0.0,0.3333333333333333,11.51237138840103,7.5605485401829355,28.062503654095053,23.980470032267476,0.0,42.02343773159373,4,1,0.18181818181818182,0.16666666666666666,raw,0.06730660692641739,0.011364430466170368,-1.0972562594737478,0.044344831072497454,0.007487433585954101,0.4348514810584301,0.32261851477594056,1.0,1.0,1.0,0.38542867882826765,5.9225675344466815,-0.5651485189415699,0.3173,0.045499999999999985,0.0027000000000000357
1228479,SNIa,r,60151.234375,191.2642612457269,1.295957294811245,1.042423639718307,1.251060075187117,1.251060075187117,-0.04489721962412801,0.3366969939640012,0.03290057839163364,0.0029640979386843357,0.01978182586787272,0.84,7.937500129919499,7.937500129919499,7.937500129919499,7.937500129919499,829.7343592355755,25,2.9834455414959,0.008328553125881292,0.0012171921774933431,0.055004643017449666,0.017226618397777192,0.0027475759436092484,0.009795544585831291,0.3333333333333333,0.4583333333333333,191.2642612457269,3.3580238819122314,3.359254364967346,71.2571111669484,0.9021261004050773,6.264327403683267,0.017556985607457568,0.024897340688106395,True,20,806.7968582891699,23.984374594918336,42.46299254153526,255.30079267282417,77.55703329823439,60.43504930209627,5,410.91014873333916,0.2,0.0,0.2,8.96327285542211,6.9492202512628864,22.937500946405635,16.909367761951582,0.0,50.914061834599124,3,0,0.15,0.0,raw,0.02941537568808681,0.004135174901433808,-1.3740322641676141,0.028836872761367205,0.004053849719381288,0.23533133857386018,-0.1614285060441289,1.0,1.0,1.0,0.42725885787730467,7.113453817367552,-0.7646686614261398,0.3173,0.045499999999999985,0.0027000000000000357
3100669,M-dwarf,r,60111.35546875,11.841200399398797,49.476527555568865,1.535407515571413,48.69191123057179,48.69191123057179,-0.7846163249970746,9.74657650809917,0.5463398140517971,-0.1790504300459976,0.40972481109214454,0.9583333333333334,0.0,0.0,0.0,0.0,828.7148289652905,24,106.32761895583045,0.457322005379427,0.013833570022644412,6.072451562630266,1.339722731269812,0.06943565777489041,0.14946393361187257,0.34782608695652173,0.391304347826087,11.841200399398797,3.733940005302429,3.781086246172587,154.4134822445382,1.006161080440727,5.752471951053518,0.31533458427846633,0.466635997682275,True,19,828.7148289652905,24.9550786088912,46.03971272029392,255.29297488756856,106.60388834366682,62.58083964091719,5,792.6406309194936,0.0,0.0,0.0,10.613270316876878,8.957002144779835,30.00780959679105,22.82031316200446,0.0,37.87499847920117,6,1,0.3157894736842105,0.2,raw,0.11561673908389102,0.017677058946314567,1.0636712512269322,0.3891607330234554,0.05950018372560288,0.26229874280312127,0.10152808923870509,1.0,1.0,1.0,0.4633426498061549,6.540496325492854,-0.7377012571968787,0.3173,0.045499999999999985,0.0027000000000000357
90105327,SLSN-I,r,59926.078125,77.0979790687561,2.5097952186773465,1.0444680465611345,2.4505038436154294,2.4505038436154294,-0.059291375061917014,0.5085225321587105,0.11342205359838389,0.06587599468380047,0.04892433193548875,0.6538461538461539,45.94140854152647,45.94140854152647,45.94140854152647,45.94140854152647,865.7851820223514,26,5.772342649988127,0.009881124279723761,0.0034277159555583356,0.06575801718987101,0.01727418761767565,0.0016443619448759377,0.005431138647288555,0.12,0.24,77.0979790687561,3.1410614252090454,3.2473694452872643,60.1481055183106,1.9218224517807174,5.6216549318655815,0.04074116420623479,0.06110857426955987,True,20,865.7851820223514,27.988298932083126,45.56764115907112,258.2890603920241,84.52344568318506,60.54553508854475,6,688.1054836090843,0.0,0.0,0.0,8.968751527626106,4.476562942396413,31.9218759560099,19.929695366055967,0.0,111.90624721744098,2,0,0.1,0.0,raw,0.06422597963920576,0.006082182906559528,-1.439776970757891,0.0355205268078139,0.0033637842847413025,0.8318893455632194,-0.3630143434718665,0.8333333333333334,1.0,1.0,0.3103241018732389,10.559692239761347,-0.16811065443678064,0.1506333333333334,0.045499999999999985,0.0027000000000000357
91449873,SNIa,r,60111.328125,79.13435497283926,1.3207439560519592,1.1195605416058145,1.1854295733259725,1.1854295733259725,-0.13531438272598653,0.32665029604823903,0.1191224597508258,-0.00040850152375946367,0.05329063802974284,0.5217391304347826,7.992187663796358,7.992187663796358,7.992187663796358,7.992187663796358,805.7695478041351,23,3.2956498926707285,0.012497238173943043,0.002920845682080414,0.08250084577609282,0.02359642167907649,0.0017957341994334491,0.004608607150164947,0.3181818181818182,0.2727272727272727,79.13435497283926,3.289124011993408,3.434301065362018,28.520725977135005,1.056819340334664,3.9667731171252605,0.04156379379249773,0.06921324718858661,True,18,805.7695478041351,30.00781290535815,47.39820869436089,255.28515041818173,100.6976454061078,63.090287321684826,5,784.7734619872499,0.0,0.0,0.0,10.74921594560583,7.992187663796358,18.871086155239027,16.138273503340315,0.0,7.992187663796358,5,1,0.2777777777777778,0.2,raw,0.23272972884765852,0.03048369536280402,0.47650232442716833,0.17735792785092902,0.023230917122431433,0.32264472421461443,0.294854529875377,1.0,1.0,1.0,0.4775549510467112,7.634564185142514,-0.6773552757853856,0.3173,0.045499999999999985,0.0027000000000000357
63677512,SNII,r,60467.40625,40.66667976379394,1.2118926757282646,1.0738194759450004,1.1218887217958222,1.1218887217958222,-0.09000395393244244,0.3370729252177517,0.337154718084223,0.003371507064974965,0.07173901460935013,0.3181818181818182,88.78515466263343,70.86328327673255,88.78515466263343,70.86328327673255,865.781247924162,22,3.9927543809552235,0.01510142747663539,0.004515700981781663,0.07500072691436388,0.02442646171937931,0.002484009743324293,0.005700765177087083,0.3333333333333333,0.42857142857142855,40.66667976379394,3.176464557647705,3.222122398289767,14.362977628709565,1.2249869573908512,3.0380234959273,0.07810975904838319,0.11546497984278657,True,17,865.781247924162,29.873049315159733,54.111327995260126,262.19530792148726,129.63085912744282,69.93869943161249,5,470.79298640801426,0.0,0.0,0.0,11.155461946772993,7.921857583256497,21.95702995211468,20.342966525629162,0.0,63.82031209233537,4,0,0.23529411764705882,0.0,raw,0.10181374953141052,0.017998697048280082,-1.0457436148413306,0.0515586498311411,0.009114569719709344,0.6716756958654622,0.4256351560399684,0.8,1.0,1.0,0.41786797509012347,5.656728887557982,-0.32832430413453784,0.11730000000000007,0.045499999999999985,0.0027000000000000357
126386017,SNII,r,60119.33203125,97.0922210693359,1.2046214835063482,1.0416779568095467,1.157602947951354,1.157602947951354,-0.047018535554994065,0.35376295108564865,0.25517241071790187,0.0039833417244161595,0.02915337576297964,0.6521739130434783,97.69141010601015,36.847655968376785,97.69141010601015,36.847655968376785,865.7812532919343,23,2.9396005877169125,0.006801440028345023,0.0016285223402567727,0.05841999635931891,0.013817913230344071,0.0006678704456445185,0.0013506183607032173,0.2727272727272727,0.2727272727272727,97.0922210693359,2.9796791076660156,3.170803743859996,37.7202501584294,1.2955676446271323,7.116777093849516,0.030689164125086342,0.043543910675467215,True,18,865.7812532919343,36.92578471425804,50.9283090171726,185.3359376880835,118.08592880099607,51.91076766782439,5,798.882793151497,0.0,0.0,0.0,19.94061235400004,22.92967359884642,37.9491968594084,31.944506275933236,0.0,82.87109329059604,4,0,0.2222222222222222,0.0,raw,0.055974132643959056,0.006792721592139647,-1.208735098432887,0.03636484720950649,0.004413043510760552,0.5858519737746466,-0.1932696743313797,0.8,1.0,1.0,0.31207954906450397,8.24031014442441,-0.4141480262253534,0.11730000000000007,0.045499999999999985,0.0027000000000000357
127570499,SNIa,r,60085.4140625,14.980665779113753,1.9218008000908275,1.2308218475115043,1.64229627795929,1.64229627795929,-0.27950452213153754,0.43063098102031283,0.500886872922867,0.02035273350564344,0.18267892897532212,0.24,425.77344294260547,33.89843850006582,425.77344294260547,33.89843850006582,829.7343744822138,25,7.8668762813951725,0.02322603923952397,0.010801105473446648,0.10756035881729843,0.03546460076301114,0.0036615478039981196,0.0064790790344366215,0.375,0.2916666666666667,14.980665779113753,2.9899590015411377,3.052304434776306,8.228437793865892,1.164317585800273,1.5376782404654703,0.19958785848555402,0.31569582797997625,True,20,816.6718620291067,22.941396920534316,42.9827295804793,262.24998040000355,81.79453485911353,67.8794623284941,5,769.8476494275601,0.2,0.2,0.0,18.362500600413476,13.062512453107047,45.98046188176522,34.75234020609205,0.0,33.89843850006582,2,1,0.1,0.2,raw,0.39934449773268393,0.060212525059185916,0.4088467011522935,0.23111439294199204,0.034847058756455974,1.1137741208315852,0.05636488717204639,0.2,1.0,1.0,0.28799790573273854,6.632249641418428,0.11377412083158522,-0.48269999999999996,0.045499999999999985,0.0027000000000000357
36033639,SNIa,r,59787.328125,23.462932395935038,1.7350691537606355,1.1869541582803473,1.4203732816324914,1.4203732816324914,-0.31469587212814404,0.37372533434652383,0.15468755225551203,0.06473146582908385,0.14917525773548881,0.2608695652173913,364.960939628254,26.84765548249561,302.1171905415031,26.84765548249561,806.8164034311121,23,5.415637225884509,0.057968497162105614,0.014548671103309492,0.32761573960404466,0.10667258424462635,0.018158376742732556,0.05193215823077715,0.3181818181818182,0.5,23.462932395935038,3.684156894683838,3.5180414344953452,9.045793443820065,0.7302163992607813,1.5344272798618581,0.1570203089926696,0.19028358989588942,True,18,801.6914288466724,22.92968713121809,47.1583193439219,255.29298456397373,129.08437154912397,75.77168034603531,5,806.8164034311121,0.4,0.2,0.2,3.412493260539486,2.003922322852304,7.984380984940799,6.403128546688823,0.0,4.031249889310857,3,1,0.16666666666666666,0.2,raw,0.3805856583872461,0.05129870310890735,0.6475439780070269,0.20646359577426124,0.027828990580734434,1.567951225676143,-0.6950942486142704,0.6,0.8,0.8,0.36336074125738704,7.419011306762693,0.567951225676143,-0.0827,-0.15449999999999997,-0.19729999999999992
126309844,EB,r,60535.25,1543.384033203125,2.349147800568233,1.5264015496976209,1.6124821468145993,0.7366656537536337,-1.6124821468145993,0.5107819010327618,0.4078650493949334,0.20332310480992377,0.277158238931858,0.15384615384615385,747.921851663792,67.90234543330735,802.7851318582252,717.9257575933516,806.8164008199528,26,13.526913207378838,0.1289550964789881,0.03612618955606324,0.5526963947870647,0.2173623171560529,0.03212746290162155,0.08379235200613726,0.32,0.68,1543.384033203125,35.267921447753906,36.0870633492103,70.56495242866788,12.113763695785826,17.03874223753353,0.022851034278590525,0.03204643442682594,True,20,802.7851318582252,17.921887223725207,42.25184904516975,255.29297480826062,86.39296238368829,73.10589679949204,6,805.7226536060989,0.16666666666666666,0.16666666666666666,0.0,3.994138221076961,3.015627256623702,7.984358753426932,7.44530551887874,0.0,40.89843591767567,6,1,0.3,0.16666666666666666,raw,0.5224130253213888,0.001110816813721366,0.8328468939373993,0.32402002379249967,0.0006889699777100284,0.6028395490794209,-0.5901072262485375,0.6666666666666666,1.0,1.0,0.4828770646601461,470.29628906249997,-0.39716045092057906,-0.016033333333333344,0.045499999999999985,0.0027000000000000357
48625068,EB,r,59837.10546875,330.56209564208984,1.3141943897671302,1.0330454818927084,1.0678158076978248,0.24637858206930552,-1.0678158076978248,0.40798498731990523,0.610990881620026,-0.02397387619414812,0.29217715804881195,0.5384615384615384,801.6992420560637,801.6992420560637,0.0,0.0,829.738301545498,26,10.047290744089166,0.24977779366132866,0.012248869770602654,4.09495869654262,0.8143121158559258,0.17555681603997608,0.7175169679739624,0.48,0.44,330.56209564208984,8.154478073120117,8.357913952607374,43.286575546248855,1.8593013700567027,11.281236340714997,0.02466852122679314,0.03435222250059344,True,20,829.738301545498,27.95311272260733,43.67043692344726,255.296856335146,73.8429680943372,59.8265911570609,6,801.6992420560637,0.0,0.0,0.0,3.004564406478797,1.9746011280149105,8.968804767675465,6.486355230601475,0.0,22.92968840971298,3,3,0.15,0.5,raw,0.7185547840936779,0.058976000804356776,13.179050241996856,0.4818182478559328,0.03954564634754518,5.196880996763875,-1.1224270041752036,0.3333333333333333,0.5,0.5,0.4569652003593373,12.183850622177074,4.196880996763875,-0.34936666666666666,-0.4545,-0.49729999999999996
97766291,SNIbc,r,60083.41015625,10.500855636596675,4.384855262016926,1.2237090940203756,3.361879595949675,3.361879595949675,-1.0229756660672513,0.7904436740406292,0.5779133066614484,-0.22222835601797392,0.3229825531793318,0.2608695652173913,336.02342407411925,0.0,35.910158028469596,0.0,806.8163891596778,23,13.904277774899839,0.05404003838395484,0.02596659958550296,0.42677810928905635,0.10303116358301397,0.02202831418492162,0.07412011364429195,0.45454545454545453,0.45454545454545453,10.500855636596675,3.0550320148468018,3.243922129921291,11.555562145707265,1.1147188047592624,1.2950662286289243,0.29093172219220576,0.4265942536885936,True,18,806.8163891596778,28.90233344972512,47.45978759762811,262.29685888234235,99.49141123164011,64.50655101454693,5,723.0312368981176,0.0,0.0,0.0,11.35624906574958,7.925782884834916,24.890634220209904,20.939062172800188,0.0,35.910158028469596,2,1,0.1111111111111111,0.2,raw,0.23070508801208017,0.03264855833373208,0.1425316046929181,0.14190381248660172,0.020081719651996597,0.48907035217509015,0.30100488338502823,0.8,1.0,1.0,0.43875963887495967,7.066317772865291,-0.5109296478249099,0.11730000000000007,0.045499999999999985,0.0027000000000000357
9810940,SNIax,r,60202.14453125,27.205982208251953,1.6700905160416917,1.0490640973599545,1.5546108777693415,1.5546108777693415,-0.11547963827235015,0.38063318742472213,0.10832488754726136,0.033029206163587885,0.06360798456990997,0.6190476190476191,92.93359122114634,6.964843829584424,92.93359122114634,6.964843829584424,833.7343898144027,21,4.575330571462699,0.016438524526492714,0.005514481889502808,0.10612226538683722,0.031042804601560437,0.003060211337906371,0.008746425305588529,0.45,0.55,27.205982208251953,3.4487969875335693,3.3445832445507957,12.263614249905446,0.5811354245396726,1.8890464550562232,0.1267661266972196,0.19000199456384953,True,16,806.8125161062053,29.92577974377491,53.787501073747016,231.29687354427006,155.12344616183395,67.31426811308637,5,468.79297852912714,0.2,0.0,0.2,16.560942501245883,17.933599650583346,31.910176417135517,29.91485533356026,0.0,53.88281275859481,2,0,0.125,0.0,raw,0.11911790096915766,0.014928646724310494,-0.25628573477573163,0.08872272028269304,0.011119320746451767,0.3696237631199502,0.37892771311264767,1.0,1.0,1.0,0.4376910197571069,7.979149293899533,-0.6303762368800498,0.3173,0.045499999999999985,0.0027000000000000357
36346404,SNIa,r,59784.34765625,10.001178312301631,1.8279713106200384,1.52295078927539,1.279668226806867,1.279668226806867,-0.5483030838131712,0.4630127468675113,0.6254515443653452,-0.04309917081065227,0.3052134042156901,0.08333333333333333,865.7812599244935,58.81250212822488,769.8945211166865,58.81250212822488,865.7812599244935,24,6.42364499716032,0.03237113174635783,0.01204667213926211,0.2421817914438315,0.06197757285511689,0.0035143145601920136,0.005788594474962838,0.21739130434782608,0.21739130434782608,10.001178312301631,3.4046969413757324,3.2768883109092712,3.7589807073139885,1.2657457405169799,1.3055856264837293,0.34042958090127173,0.4727514426188539,True,19,806.7929530562324,24.957018917226378,44.821830725346246,236.28513858362567,99.15429360427817,62.19928908020325,5,834.9296982190644,0.2,0.0,0.2,14.99453758889722,4.035144063469488,58.988306868261134,38.164857858968034,0.0,29.82812419730908,3,1,0.15789473684210525,0.2,raw,0.22900229329932845,0.04155669028498167,0.04053059952507863,0.13111667389861326,0.023793539051067614,0.4849666873585901,-0.09005990060645826,1.0,1.0,1.0,0.33091232597318343,5.510599899291991,-0.51503331264141,0.3173,0.045499999999999985,0.0027000000000000357
1170601,SNIa,r,59880.0546875,9.85225772857666,11.38221612354696,1.4414642041243302,10.38221612354696,10.38221612354696,-1.0,2.2445236057291633,0.7050633389866323,0.049877552321248575,0.41417423557418903,0.6666666666666666,0.0,0.0,0.0,0.0,821.7265658319229,21,30.08515907611007,0.13961708274160478,0.043021725087822205,0.6090059879823687,0.22663323371558375,0.03796507127018517,0.08550849350829821,0.4,0.45,9.85225772857666,3.1232500076293945,3.0309316714604697,32.75058634214412,0.9842260322163466,3.0729112223065504,0.317008557192972,0.4344611440636827,True,16,820.6992225787762,21.92188482176425,54.71328150525175,268.21483550318953,184.10703400652704,84.8227526772368,5,748.8984337261427,0.2,0.2,0.0,8.94218445547449,1.0273432531466824,36.886716931338015,24.108592842468354,0.0,96.73437798093073,4,0,0.25,0.0,raw,0.15752076520684538,0.03187784896447113,-0.19152881575512706,0.11902528687137941,0.024087428174033483,0.7196108516321165,-0.31024021780874955,0.8,1.0,1.0,0.3502832404990909,4.9413862705230605,-0.28038914836788353,0.11730000000000007,0.045499999999999985,0.0027000000000000357
7044535,SNIa,r,60605.02734375,10.145635795593261,9.588856300034568,1.5534948248480307,8.588370910697293,8.588370910697293,-1.0004853893372754,1.7315950073737456,0.2747793334045341,0.048924483169582034,0.35884103207511153,0.72,0.0,0.0,0.0,0.0,821.7070219854286,25,17.349416372149072,0.10076478066714308,0.01722833929075768,0.77349810272637,0.21958087554714728,0.04541378023232827,0.13595810919979823,0.4166666666666667,0.4166666666666667,10.145635795593261,3.1315159797668457,3.3012204933166505,27.82501635003308,0.6013878528680676,1.8782399335027948,0.3086564551358146,0.4907336771033112,True,20,821.7070219854286,19.00390944177343,43.24773799923308,269.23437420604023,95.92500060834996,73.83224630317885,5,673.1406245125909,0.0,0.0,0.0,26.54765533020545,17.9335917331191,66.96483287023148,55.3413978652854,0.0,51.83203344090725,3,0,0.15,0.0,raw,0.3851048702126291,0.06773303901594976,1.1197199551632557,0.3467054812716428,0.060979275273900985,0.24438053106626328,0.01186684740765434,1.0,1.0,1.0,0.3776690238704282,5.685628104209892,-0.7556194689337368,0.3173,0.045499999999999985,0.0027000000000000357
94870591,SNIa,r,60228.11328125,19.891010189056388,2.115224889411162,1.095660662752297,1.889872089906219,1.889872089906219,-0.22535279950494314,0.432616212160782,0.11739120796862164,0.07446434333132324,0.10369798632950625,0.36363636363636365,66.96484449406125,66.96484449406125,66.96484449406125,66.96484449406125,821.7226463590705,22,5.262836503331924,0.029937758300833277,0.0049679236075941095,0.3682848544895302,0.08230624255527673,0.00220657467246717,0.003832335818861641,0.2857142857142857,0.23809523809523808,19.891010189056388,3.166782021522522,3.3356264396147295,11.87055652736866,0.6965600156284579,1.4052373599030934,0.15920669646355207,0.24514866924432696,True,17,821.7226463590705,24.470706412590516,51.357665397441906,301.1796969978459,118.14062331223249,76.0924720349097,5,668.2500065231288,0.0,0.0,0.0,17.55156591466075,10.960940242410288,37.90626634229557,35.52188529225532,0.0,116.73047248569492,2,0,0.11764705882352941,0.0,raw,0.07468510410009342,0.015796965795337323,-0.2518056727868634,0.08354524075893546,0.017671011194727308,0.21644694857387511,0.14409769657335394,1.0,1.0,1.0,0.45224639675003564,4.727813243865963,-0.7835530514261249,0.3173,0.045499999999999985,0.0027000000000000357
116089188,SNIax,r,59783.3203125,41.68377475738518,1.522322178485046,1.1143623837573884,1.3626328936806331,1.3626328936806331,-0.15968928480441288,0.3551201641735017,0.17437860743890424,-0.004130048372533546,0.09118824505457343,0.5,1.0273437255527824,1.0273437255527824,1.0273437255527824,1.0273437255527824,821.7382822187355,24,3.7370874127149643,0.02662054729472249,0.008522251940289109,0.22796041048727253,0.052430430545198095,0.00401215935545612,0.008257530361629217,0.5652173913043478,0.5652173913043478,41.68377475738518,3.068382501602173,3.0880580296119056,18.51127836491351,1.0409064686517735,2.1866613644349595,0.07361095580861574,0.10302973733836204,True,19,821.7382822187355,21.51757091850959,45.65212678992975,231.3320368697605,106.67304253246704,63.775805680436584,5,768.8515747494603,0.0,0.0,0.0,12.600762524503807,9.019516614622262,30.0038522802206,26.39449618875515,0.0,1.0273437255527824,1,1,0.05263157894736842,0.2,raw,0.3485932882805203,0.052628169001845373,0.4834472126685849,0.2199763359570837,0.033210483891588594,0.44419480658778315,-0.876865702477336,0.6,1.0,1.0,0.5619129109370061,6.623701620101909,-0.5558051934122168,-0.0827,0.045499999999999985,0.0027000000000000357
2779844,AGN,r,60605.02734375,101.5055351257324,1.4237313920100998,1.2834807191849307,1.1323026094827002,0.2914287825273995,-1.1323026094827002,0.4811995452904868,0.9425814704438906,0.0737880249615667,0.15001334947447334,0.15789473684210525,456.7656143919594,84.76953279496229,339.0312780897293,339.0312780897293,821.7304487358269,19,2.7233951729686736,0.009721586458989621,0.008712294096668773,0.031774965599254044,0.013052075953298825,0.0018233455518685004,0.0043343049226487245,0.16666666666666666,0.3333333333333333,101.5055351257324,3.7689859867095947,3.7315783500671387,30.494934898960818,5.160947854701838,10.736871011053289,0.03713084199833088,0.04494057608258119,True,15,821.7304487358269,28.917945111865265,58.695032052559064,269.22654038117616,202.9734399763571,85.87235105041597,4,125.73046148274443,0.0,0.0,0.0,11.459958284767708,9.474607605188794,23.867187404670403,21.181249891593325,0.0,14.914062361080141,1,2,0.06666666666666667,0.5,raw,0.12502300228453192,0.003961545976600871,-0.6977788554766037,0.07169602605676322,0.002271798776012771,0.958521343685725,0.106435134625879,0.5,1.0,1.0,0.40714319411305155,31.55914459228504,-0.04147865631427505,-0.18269999999999997,0.045499999999999985,0.0027000000000000357
89274370,M-dwarf,r,59783.32421875,402.4154449462891,0.3746867982634132,0.13903903637680814,1.0051681248880613,-0.6304813266246481,-1.0051681248880613,0.07566992043018464,0.01735840563543989,-0.9777145066223901,0.03216541921629734,0.0,829.7382603484002,829.7382603484002,,,829.7382603484002,23,1.267931830078246,0.007262214879046615,0.0012371638347818178,0.06825628669201274,0.01681599977565664,0.0013074978996475042,0.0024419589263715044,0.0,0.4090909090909091,402.4154449462891,6.154629230499268,6.371401600215746,65.72210332641652,63.263297935256446,62.86267363318199,0.015294217226977295,0.022214616813995662,True,18,829.7382603484002,23.97653705027915,48.8081329616706,274.27343999493314,123.48437205511148,68.89032123323928,5,678.1328220803844,0.0,0.0,0.0,13.992171497004165,9.01949785441684,42.9765575523561,30.16874317465554,0.0,58.8007805095549,2,0,0.1111111111111111,0.0,raw,0.1538240006336809,0.0004145264580099418,19.40827332856014,0.08098738480896804,0.00021824561596403428,6.071634358991393,2.711816255139829,0.4,0.6,0.8,0.3351119638943174,371.08367309570303,5.071634358991393,-0.28269999999999995,-0.35450000000000004,-0.19729999999999992
121429195,M-dwarf,r,59837.109375,18.046975135803223,11.146426015100172,0.6978299532991165,10.140820693709582,10.140820693709582,-1.0056053213905898,2.217934506403206,0.24174432752709907,-0.7653814213714338,0.19525516005180513,0.13043478260869565,0.0,0.0,0.0,0.0,829.738301537458,23,24.55854531042546,0.14059525486546168,0.0076403321030016035,2.1457788081721443,0.46691889981476925,0.018810530368071267,0.05247836511627983,0.09090909090909091,0.3181818181818182,18.046975135803223,4.213428020477295,3.9619432221288267,43.435211905028396,3.3832098300025066,5.076202149389552,0.2334700407559334,0.2684774243835417,True,18,829.738301537458,19.886718863956048,48.80813538455635,262.3008095647674,136.8015805252188,74.78064113395536,5,805.7694955692568,0.0,0.0,0.0,12.169544628557924,14.910217833181378,21.97656406534952,19.56718784721452,0.0,52.761718157242285,5,0,0.2777777777777778,0.0,raw,0.2000182949260924,0.01728421540094684,1.2211736097953723,0.39134506919526574,0.03381736892902111,0.026712668321349543,-0.11949899074565955,1.0,1.0,1.0,0.5349218130744515,11.572309780120843,-0.9732873316786504,0.3173,0.045499999999999985,0.0027000000000000357
129773611,SNIa,r,60464.39453125,44.98432559967038,1.906988999892436,1.0924079942557439,1.8062504910749069,1.8062504910749069,-0.10073850881752919,0.42546039671347563,0.07373471720356448,-0.007878366173654285,0.05471104364898819,0.6956521739130435,40.941407973645255,31.92187429543992,40.941407973645255,31.92187429543992,829.7382982244235,23,4.594575418846749,0.013664950226483728,0.005879340957076713,0.05855745265978318,0.021133263331399765,0.0020400665646366383,0.005066652246474155,0.45454545454545453,0.4090909090909091,44.98432559967038,3.476228952407837,3.372460987256921,23.37388052326002,0.761108911622113,2.574823256239605,0.07727644920908426,0.0942915441080868,True,18,829.7382982244235,24.906199185374135,48.80813518967197,231.2851658619984,123.48671405714998,60.51339732779074,5,787.8046560838848,0.0,0.0,0.0,9.205468638231105,8.035163450847904,21.976561471441528,16.79375035414705,0.0,40.941407973645255,2,1,0.1111111111111111,0.2,raw,0.1049823047652477,0.013047965892484036,-0.8046169237837637,0.05870097710931258,0.007295785217237316,1.042352535461356,-0.5535496665253615,0.6,0.8,1.0,0.36738595309129907,8.045875167846676,0.04235253546135609,-0.0827,-0.15449999999999997,0.0027000000000000357
18453509,SNIa,r,60143.3125,137.2637626647949,1.2753982194661853,1.0336751422103003,1.2387322570512564,1.2387322570512564,-0.03666596241492876,0.39137640100946763,0.08410345121828214,-0.006667528201570616,0.024758534640429927,0.7272727272727273,22.91406253653986,6.94531226590334,22.91406253653986,6.94531226590334,829.7382719589514,22,2.892326776690876,0.013219719227744807,0.0030471909661075867,0.06998807949276582,0.022681908056845206,0.002450728846133031,0.00581171571841656,0.38095238095238093,0.38095238095238093,137.2637626647949,3.582945942878723,3.4224922873757104,47.45621431298963,1.0970323817277001,8.410389113138223,0.026102635344686414,0.0320376801470304,True,17,829.7382719589514,23.449210598184436,51.85864199743446,269.23827463072666,158.04882768817333,82.08430502705096,5,655.1718866937372,0.0,0.0,0.0,14.185150587341923,9.015615175594576,37.95701905469468,29.946086497552464,0.0,6.94531226590334,4,2,0.23529411764705882,0.4,raw,0.02837931900267937,0.0034166924628609274,-0.916174962913955,0.045938053084313764,0.005530654196348452,0.25360352103398404,-0.25057193494072294,1.0,1.0,1.0,0.500052428801615,8.3060794353485,-0.746396478966016,0.3173,0.045499999999999985,0.0027000000000000357
20432463,TDE,r,60535.26171875,7.889735221862793,2.0073537526409746,1.8670850081113386,1.0779898481648769,0.929363904476098,-1.0779898481648769,0.5159956737957533,0.5456887805456482,0.3245794717192231,0.3811150810035678,0.047619047619047616,821.7031601821218,710.027310366233,821.7031601821218,710.027310366233,821.7031601821218,21,13.838209343251718,0.09139272538356107,0.04932269988025917,0.5303959820056761,0.1484381257305695,0.01917616051879457,0.03166248775768579,0.6,0.55,7.889735221862793,3.295865058898926,3.2568914549691335,2.580522661543158,0.9269514344163108,1.0664964057569104,0.4177408957611078,0.5249031577107519,True,16,806.793002954757,27.87105027528014,53.7862001969838,262.2382776563318,155.95859429224942,76.92843612692998,5,762.8945392188762,0.2,0.0,0.2,5.779691756595275,4.062499976163963,14.910157227364834,10.950779894914014,0.0,4.062499976163963,4,1,0.25,0.2,raw,0.3794749735788171,0.0655670983946573,0.48543938188795355,0.21841461146316213,0.037738489538787875,0.693129718488794,0.26065441336366957,0.8,1.0,1.0,0.3353395675063036,5.787582230567922,-0.306870281511206,0.11730000000000007,0.045499999999999985,0.0027000000000000357
40757084,TDE,r,59783.32421875,4.954714846611021,2.1714824064654996,1.7888673365230077,1.268047743221915,1.268047743221915,-0.9034346632435843,0.5867328887442098,0.8700185447398342,0.14906771791556203,0.5822234642415834,0.041666666666666664,806.7929441133019,806.7929441133019,806.7929441133019,806.7929441133019,821.7031109650852,24,14.838413353242444,0.11687301558166414,0.04944479316887175,0.9812112070120231,0.2601006558508348,0.04220116736008123,0.11749242379112997,0.34782608695652173,0.4782608695652174,4.954714846611021,3.358731508255005,3.4135662565628686,1.8705916099907003,0.6755912686726093,0.732852586430368,0.6778859353636357,0.9196422227812966,True,19,821.7031109650852,25.427720959796716,45.650172831393625,236.28905942532583,105.7117280621141,68.00784597417534,5,693.1288922499953,0.0,0.0,0.0,7.404683893741458,5.011720084366971,15.964864049761673,13.183605679683389,0.0,58.80859482617234,3,0,0.15789473684210525,0.0,raw,0.609306045463406,0.12044570703916142,0.8049289365008121,0.32378339568745773,0.06400448561355787,0.6091386333419333,-0.2737345529634235,0.8,1.0,1.0,0.32942551580878654,5.058761000633238,-0.3908613666580667,0.11730000000000007,0.045499999999999985,0.0027000000000000357
117909248,SNIa,r,60520.2734375,122.8567886352539,1.169225279659146,1.024680841435042,1.1313208618100197,1.1313208618100197,-0.037904417849126425,0.33128584878295547,0.07833319089168318,0.008764652083746686,0.02278864219578537,0.6666666666666666,14.988281191581336,14.988281191581336,14.988281191581336,14.988281191581336,821.7030958447649,21,2.5995110719467727,0.013888680170703752,0.0025840383148571632,0.07921121478261561,0.026798309438564583,0.004107136243680977,0.009174307822080903,0.45,0.3,122.8567886352539,3.3046059608459473,3.315740244729178,42.05961305064845,0.8971604151855338,4.91184611361726,0.026898033047704835,0.036043085843488996,True,16,821.7030958447649,15.964842824243533,54.78020638965099,298.16797407667036,166.6773436733914,85.67113320402957,5,777.8984413617072,0.0,0.0,0.0,19.528129822644406,17.9296885247677,35.91797830471478,31.513281685145923,0.0,32.917969716349035,4,1,0.25,0.2,raw,0.043673067805023426,0.004987395112842928,-0.4212652104258119,0.06722649898961466,0.007677159617254517,0.1300901980315026,0.07020234580821505,1.0,1.0,1.0,0.45921344540047687,8.756688976287823,-0.8699098019684974,0.3173,0.045499999999999985,0.0027000000000000357
130231675,SNII,r,60119.390625,42.89216346740719,1.2631384300709356,1.12591659398815,1.1268411089214752,1.1268411089214752,-0.13629732114946047,0.3235537935015584,0.17992996506499664,-0.011504607281961815,0.07508827603917673,0.4782608695652174,44.86718599143205,2.9843751219523256,44.86718599143205,2.9843751219523256,848.7304789189075,23,3.749770885966026,0.012392436887262864,0.00307706095913334,0.07649612021288772,0.021491040078973997,0.0009129391255624385,0.0016150129681580037,0.45454545454545453,0.45454545454545453,42.89216346740719,3.1878581047058105,3.399598054263903,15.16148192866779,0.8121458892816592,2.0993946226006717,0.07432262322529368,0.10730176916984138,True,18,848.7304789189075,21.960946007980965,49.9253222893475,302.2460753736741,112.73202833661637,72.8337150507058,5,386.89454077967093,0.0,0.0,0.0,23.17812602983322,6.074207507976098,88.94921096592589,59.33984833634314,0.0,28.95703047225834,4,1,0.2222222222222222,0.2,raw,0.1446252794306849,0.026332408230648387,-0.2893149848171637,0.09326516856559813,0.016981101105126038,1.215617424999304,-0.2049729665306598,0.6,1.0,1.0,0.2739045347321384,5.492292165756226,0.21561742499930392,-0.0827,0.045499999999999985,0.0027000000000000357
21920642,SNIa,r,60553.23046875,1202.872521972655,1.3337935455753174,1.0030784400195623,1.3305921330873456,1.3305921330873456,-0.0032014124879716824,0.34077149596388717,0.13428825986487342,-0.00045935664691670305,0.0034288398575493353,0.6956521739130435,40.8671872390114,4.968750195635948,40.8671872390114,4.968750195635948,843.7383059932326,23,2.6160480177268344,0.006629255576569953,0.0007649527411731816,0.05282802018753023,0.014408543124481074,0.00043187321736631694,0.0009060088663971128,0.4090909090909091,0.2727272727272727,1202.872521972655,3.4085090160369873,4.0223853899085,469.56974657049926,0.9317598658060537,30.962335624043416,0.00283364109976275,0.006627681526730092,True,18,825.6523691400362,21.945313319811248,48.56778642000213,210.2226557836475,129.28359147740414,59.79847970587126,5,668.0781379060354,0.2,0.0,0.2,9.58515501064394,9.988282813850674,18.085936853196472,16.432811601343566,0.0,40.8671872390114,5,1,0.2777777777777778,0.2,raw,0.01942731316352323,0.001501472272665416,-1.2749613663954409,0.03279705482523017,0.002534775037117896,0.060019232735138525,0.14300234945974194,1.0,1.0,1.0,0.523293366850066,12.938842439651472,-0.9399807672648615,0.3173,0.045499999999999985,0.0027000000000000357
40882197,SNIbc,r,60148.3203125,147.94345092773438,1.1163515025131963,1.0320020307877102,1.0794449288555186,1.0794449288555186,-0.03690657365767766,0.31088434413574867,0.2064809001230143,0.0008386887788117158,0.023246470672940868,0.7142857142857143,62.87109284481994,17.078125216597982,62.87109284481994,17.078125216597982,843.7382699269947,21,2.576305390882864,0.0070496809691775325,0.004051984557872476,0.023700397655650303,0.009758426719702342,0.0015389465113110738,0.003336027385643335,0.55,0.35,147.94345092773438,3.6866419315338135,3.608461380004883,43.31768878755385,1.1266314898413186,6.376518478222648,0.02491926414055746,0.03289124978263385,True,16,803.7148389464564,19.03124643911724,53.580989263097095,280.2265519021312,153.12967913845495,77.09109902829569,5,762.0429521492915,0.6,0.0,0.6,17.390623437990143,21.9414112350496,40.02343098053825,32.79530650044908,0.0,62.87109284481994,2,0,0.125,0.0,raw,0.049481400070344385,0.008120085148615418,-1.5089944060580376,0.031101213134659488,0.005103826862611924,0.45985215006891433,-0.19614217160634087,1.0,1.0,1.0,0.3469285213109359,6.093704581260656,-0.5401478499310857,0.3173,0.045499999999999985,0.0027000000000000357
74130796,AGN,r,60633.140625,18.56553630828857,3.2315697116197866,1.8491979026777714,2.269862176287777,2.269862176287777,-0.9617075353320093,0.7962947617100153,1.3177551901987736,-0.5533133027616388,0.48590757438091675,0.08695652173913043,765.8984506214911,0.0,668.0780935725197,0.0,843.7383130621165,23,9.637704880079422,0.03966785484208536,0.022655795554799015,0.21367975626002617,0.06075955767649792,0.004066154098335902,0.007304852447851989,0.2727272727272727,0.2727272727272727,18.56553630828857,3.222783088684082,3.608147082121476,13.076030092328871,3.210103714098903,3.447818188139667,0.17358954975328522,0.33228982768185944,True,18,843.7383130621165,28.07421872856503,49.63166547424215,213.2773277291708,128.4866944133712,59.742438217554735,5,770.8593767384664,0.0,0.0,0.0,7.382809369715687,4.968746269012627,13.953127285902156,12.367188973337761,0.0,18.08593722407386,3,1,0.16666666666666666,0.2,raw,0.22631215973657282,0.015277675273522104,-0.03327838915824281,0.13346834577375516,0.009010059593788916,0.4613363139099725,-0.8142566756306732,0.6,1.0,1.0,0.5697575830052705,14.813258934020986,-0.5386636860900276,-0.0827,0.045499999999999985,0.0027000000000000357
89763536,SNIa,r,60633.140625,6.3950571537017815,14.588321080616831,1.5038445015787272,13.581308013255494,13.581308013255494,-1.007013067361337,2.887282490653943,0.6746503278861817,-0.057292371950924854,0.4574340687873003,0.8636363636363636,0.0,0.0,0.0,0.0,841.8320553733793,22,24.36942318948656,0.09482690510733119,0.04685343627991356,0.7787147416845069,0.1856272221366276,0.01496820712598992,0.030831985494119935,0.47619047619047616,0.5714285714285714,6.3950571537017815,2.741350531578064,3.276702490719882,31.682646916663966,0.7447147194747976,1.3908133482546596,0.4286670886109645,0.9244001499947034,True,17,841.8320553733793,18.091816966236365,52.614503460836204,280.22656622279465,165.5761708427235,81.74062143455681,5,244.08201483929588,0.0,0.0,0.0,20.714846049813787,6.894534955063136,53.929697284911526,47.101573707550415,0.0,423.99608398955024,5,0,0.29411764705882354,0.0,raw,0.10437152101635919,0.024977008468858395,0.4330681500570597,0.16383358322363378,0.03920679468701741,0.20112581346560687,0.005466617024402915,1.0,1.0,1.0,0.4111636310273576,4.178703832626343,-0.7988741865343931,0.3173,0.045499999999999985,0.0027000000000000357
130739978,M-dwarf,r,60605.06640625,17.92058992385862,2.5623803406298666,1.3708391919355658,2.150308972058345,2.150308972058345,-0.4120713685715219,0.5343051118532121,0.3570656459157359,0.094203929141883,0.3614798802250446,0.25,456.74610172224493,439.67578505928395,456.74610172224493,439.67578505928395,841.8319956607666,24,11.444773315448597,0.05433214106349101,0.03278289372589178,0.2304285314786876,0.08239860206591929,0.008959437557438011,0.015539026843542586,0.43478260869565216,0.5217391304347826,17.92058992385862,4.239196538925171,4.326211879650752,9.090120013077263,0.8714750849077078,1.5167354181349815,0.2365545195184287,0.34060123035369877,True,19,841.8319956607666,18.091772538744408,46.76844420337592,299.19922226869676,119.35856882594459,74.74148655738271,5,450.66015962906386,0.0,0.0,0.0,5.815630353314918,3.054694474223652,17.070316662960977,12.226565734490578,0.0,10.984374569779902,6,2,0.3157894736842105,0.4,raw,0.6441664262469207,0.08222402605214667,0.8037855127046765,0.32165183591226626,0.04105695028202724,0.5317289200356836,0.2684838166302076,1.0,1.0,1.0,0.32607614683663744,7.834284663200374,-0.4682710799643164,0.3173,0.045499999999999985,0.0027000000000000357
59087004,SNIa,r,60209.171875,41.76743354797363,1.2283643621596372,1.1085784690458207,1.0326138663258357,1.0326138663258357,-0.19575049583380144,0.38837440742054574,0.10834946319096009,-0.003272034771184152,0.07951354355523621,0.4090909090909091,22.90234418847831,22.90234418847831,22.90234418847831,22.90234418847831,849.7851511922418,22,3.4789085075165804,0.014957291931402468,0.006200061631142859,0.068747653093805,0.023705262262373697,0.002214980065003281,0.003929801689556368,0.42857142857142855,0.42857142857142855,41.76743354797363,3.2315964698791504,3.333808801390908,13.346230398652885,0.7552642642518799,2.7828970631002545,0.07737120036756323,0.11213887966005845,True,17,849.7851511922418,24.458981021260115,53.11157194951511,275.19921392385004,139.6464857168612,75.54676744306951,5,724.9453107636509,0.0,0.0,0.0,11.610156990036193,12.992186884075636,24.99998189989128,21.37655259681342,0.0,57.87109253043309,5,0,0.29411764705882354,0.0,raw,0.0728117703884979,0.01523316997366586,-0.7477155978842916,0.05420158131674039,0.011339676217649121,0.44831083609478384,-0.3132760415701498,0.8,1.0,1.0,0.4003272449476345,4.77981736660001,-0.5516891639052162,0.11730000000000007,0.045499999999999985,0.0027000000000000357
120272506,TDE,r,60508.390625,15.624847173690796,1.586520736080808,1.1947885148534854,1.2613971032034783,1.2613971032034783,-0.32512363287732965,0.38898843686194523,0.43259358256319314,0.04994781710129947,0.23827891110323066,0.15384615384615385,810.7226287724043,397.9375075407079,810.7226287724043,397.9375075407079,849.7265295948746,26,7.705380258922515,0.04676819454261771,0.02076329493695903,0.37198907449843643,0.09458658967051191,0.007692461094684883,0.017607900490899317,0.28,0.36,15.624847173690796,3.3091955184936523,3.310065663777865,5.955869592094164,0.810563225436953,1.6208084584091489,0.21179058468269016,0.28490910532740044,True,20,849.7265295948746,21.92582758613571,44.722448926046035,240.32027196329727,103.68438683610721,63.6694634833979,6,694.1367086191094,0.0,0.0,0.0,5.984368590383383,4.033191123999131,16.953117924320395,10.958969357066962,0.0,29.95312463882874,5,1,0.25,0.16666666666666666,raw,0.3883274199600925,0.058064672522788054,0.6945579154021649,0.21175251965936057,0.031662303710512055,1.5492782748749432,0.2027222294271277,0.5,0.8333333333333334,0.8333333333333334,0.201402172755606,6.687843108177172,0.5492782748749432,-0.18269999999999997,-0.12116666666666664,-0.1639666666666666
128839699,SNIbc,r,59783.40625,93.1358289718628,1.4157237515729957,1.0328076589856472,1.342523845101569,1.342523845101569,-0.07319990647142671,0.3494532758685812,0.054734260686783776,-0.000954809784190548,0.04271989966493248,0.8076923076923077,1.0078124957290129,1.0078124957290129,1.0078124957290129,1.0078124957290129,849.7265381328107,26,2.450773173549722,0.01064113309524314,0.0062423640551043285,0.05240549387444836,0.016106811715190184,0.001812775353146373,0.0028328943366644605,0.48,0.48,93.1358289718628,3.569309949874878,3.464896899003249,35.03116092016904,0.7093158759039229,3.585082300290234,0.03832370409193652,0.0479711331646085,True,20,849.7265381328107,18.98439821237116,44.72244937541109,248.2968816672801,100.82813201392116,70.84323244272932,6,743.9843577121064,0.0,0.0,0.0,8.945320780375672,4.953131080230378,26.843756380993,20.890626241478458,0.0,65.72265588409209,2,0,0.1,0.0,raw,0.04786355502252719,0.008305589478073586,-1.763986028360911,0.025553768691923617,0.004434252998400887,0.47967733001417745,0.35056612496160716,0.8333333333333334,1.0,1.0,0.3457525571913218,5.762812519073451,-0.5203226699858226,0.1506333333333334,0.045499999999999985,0.0027000000000000357
74492858,KN,r,59965.0625,7.69564356803894,2.3094108512480904,1.3855631765599292,1.3066892527098275,1.002721598538263,-1.3066892527098275,0.510098774895508,0.6911817571963226,-0.11857942968390423,0.33412656694635023,0.13636363636363635,809.6913878995692,438.7382876937918,830.6445529572084,0.0,848.7265595320496,22,13.151232203727357,0.15470621017191902,0.01772299364461004,1.156965131754438,0.34680396338755465,0.03861673881159782,0.08784746485255966,0.5238095238095238,0.47619047619047616,7.69564356803894,3.389633536338806,3.7739826874299482,2.9666377309635155,0.7834884004025711,0.8914757061477058,0.4404613475624596,0.7720413360874764,True,17,848.7265595320496,23.880881838547793,53.0454099707531,268.277343576352,134.62109548204535,70.5334366336863,5,790.734399089517,0.0,0.0,0.0,5.545311964597204,4.843757572460163,12.980461092141923,9.783589245303302,0.0,1.9960937351206667,2,1,0.11764705882352941,0.2,raw,0.8021874027997324,0.21586820521718766,1.2370475073891058,0.4631563315276851,0.1246351235046987,1.350202469804615,-0.41908391336463086,0.6,0.8,1.0,0.33128064696861154,3.716097986698142,0.3502024698046149,-0.0827,-0.15449999999999997,0.0027000000000000357
98231865,M-dwarf,r,60538.35546875,8.679141426086424,3.155655682218524,1.6022450769219905,2.150614267671482,2.150614267671482,-1.0050414145470423,0.6220242692558677,0.6814905885559146,-0.040589497321503354,0.44837832095284225,0.16,843.7734297888674,0.0,784.0077764130256,0.0,848.722656491751,25,17.21132278874918,0.129757141994031,0.024388381225577134,0.7966069095196495,0.23844893900806885,0.02704182324923507,0.05108287439244096,0.5,0.4166666666666667,8.679141426086424,3.699007034301758,3.8266083717346193,5.046079990924771,0.7971610650103872,1.090201591329823,0.4261950408117389,0.6537558915267919,True,20,848.722656491751,21.968748876970494,44.66961349956584,240.28515090135625,103.2476236887174,58.31924114615863,5,461.7304503063715,0.0,0.0,0.0,4.169539946458826,4.886714571315679,7.976589942518331,6.771895859819779,0.0,42.76952954853914,4,1,0.2,0.2,raw,0.34867588604737443,0.09270705864991452,0.5537559678430729,0.2146034276083832,0.05705944502012367,0.5680347504003902,0.022897599240865717,1.0,1.0,1.0,0.21647046053793628,3.7610500335693255,-0.4319652495996098,0.3173,0.045499999999999985,0.0027000000000000357
104723380,SNIa,r,60580.15234375,11.015876483917234,1.4991796326402922,1.2983941185892245,1.1651688158818891,1.1651688158818891,-0.3340108167584031,0.43999534415024194,0.7361950128758299,0.06531377442338528,0.3271552210198123,0.125,848.726540064883,365.0038895491234,843.7383135958953,365.0038895491234,848.726540064883,24,9.399111626094669,0.06805463068791577,0.015360597559438633,0.6405037566235371,0.1474431313984371,0.009113680626224542,0.01689195810925783,0.4782608695652174,0.4782608695652174,11.015876483917234,3.472916007041931,3.4636113544305167,3.695843991804326,1.085948620816894,1.344260377051171,0.3152646103205912,0.43401955021371913,True,19,848.726540064883,26.42771391419228,47.15147444804906,240.28515584947309,107.08633306869456,60.07959263388289,5,791.7226882021423,0.0,0.0,0.0,9.76249083426228,4.988226468987705,21.91407335917029,20.745316949496917,0.0,0.9726562447322067,4,1,0.21052631578947367,0.2,raw,0.25780353368362635,0.056554735512324344,0.14888182680744425,0.15332563773674243,0.03363526777759857,0.5872712782593965,0.3939040828171241,0.8,1.0,1.0,0.3487231197598558,4.5584782838821,-0.4127287217406035,0.11730000000000007,0.045499999999999985,0.0027000000000000357
115240829,TDE,r,60165.3984375,8.389210128784178,2.117594931131411,1.7952285739450926,1.1101606184229214,1.1101606184229214,-1.0074343127084897,0.5448671906621211,0.8106181262198008,0.31607682855222796,0.5724206182668388,0.04,848.7265550129887,784.0078227961567,808.7031265529804,743.9843943361484,848.7265550129887,25,14.817965267276081,0.13141095327057217,0.03782110020357755,1.7019404327234584,0.35453457483860185,0.04903579365175515,0.15488702749104297,0.4583333333333333,0.5833333333333334,8.389210128784178,3.445941925048828,3.7470645236968996,2.7027068091169038,1.0331709755575977,1.109593810221526,0.410758804720539,0.7034851518140093,True,20,848.7265550129887,19.84373452646105,44.66981868489414,268.2773570661011,110.24452154977038,66.09123138675818,5,623.0547029980007,0.0,0.0,0.0,4.820306186120433,2.996093654073775,9.082024534181983,8.641398132358153,0.0,40.75000158048351,4,2,0.2,0.4,raw,0.4371503566649433,0.08241967587847139,0.585145495249986,0.24770295161871525,0.046701544846737615,0.8193549807086561,-0.07742784667128995,0.8,1.0,1.0,0.3067425676499691,5.303956270217875,-0.1806450192913439,0.11730000000000007,0.045499999999999985,0.0027000000000000357
127779559,SNIa,r,59963.0703125,9.494544982910156,36.14878916228528,1.607760116965549,35.41068198565011,35.41068198565011,-0.7381071766351753,6.796456574880302,0.48333425428335297,0.08690247921503066,0.3657648975264717,0.9615384615384616,0.0,0.0,0.0,0.0,849.7304747055896,26,76.83397499599981,0.10470480269376709,0.024274367960412314,0.9224994409326932,0.22794864121868963,0.04326227648591647,0.14343093715255173,0.32,0.4,9.494544982910156,3.2531769275665283,3.5146279518420878,103.34768765244345,0.5568247768577386,2.9514279828147236,0.34263642264291033,0.6663150859924997,True,20,849.7304747055896,21.968756333480997,44.722656563452084,240.28127752598084,92.71327729331965,58.6228565211982,6,461.7304815473253,0.0,0.0,0.0,10.641924014348964,7.001947731791006,29.960919800549163,23.935536505450727,0.0,180.26563149794674,1,0,0.05,0.0,raw,0.11956601511113521,0.021496332894881783,0.19812064446192176,0.16657397478036187,0.0299477205974796,0.22733135318948894,-0.2572631625770805,1.0,1.0,1.0,0.5055634662276147,5.562158703804013,-0.7726686468105111,0.3173,0.045499999999999985,0.0027000000000000357
129554871,SNII,r,60633.13671875,7.567844867706299,28.183331830585004,1.5227219012683637,27.183331830585004,27.183331830585004,-1.0,5.817232772186982,0.6990191999569527,0.09677431448370262,0.4241026028682304,0.9523809523809523,0.0,0.0,0.0,0.0,849.7304417131963,21,38.92541099221652,0.1766286519153993,0.026985327155362525,1.2597372485679703,0.3603852914174211,0.026664750035175388,0.054557394721562326,0.55,0.55,7.567844867706299,3.1814889907836914,3.503652799697149,64.66130760696912,0.8494718422928351,2.2361360470193876,0.4203956405554536,0.7299651356087022,True,16,849.7304417131963,29.980474173171388,56.64869611421309,286.023453559872,157.34298172603152,80.06863325779477,5,327.1640780050511,0.0,0.0,0.0,32.07968879009131,26.98827667407022,72.73046819293813,60.746093871729684,0.0,94.78124891483458,3,0,0.1875,0.0,raw,0.09277648485251722,0.020406539619792618,0.5783012461065082,0.18927726605450873,0.04163225234290135,0.5739003596861025,-0.3135115029988673,0.8,1.0,1.0,0.4762921083521938,4.546409463882444,-0.42609964031389747,0.11730000000000007,0.045499999999999985,0.0027000000000000357
66425544,SNIa,r,59791.30859375,10.764319992065426,3.460038778767568,1.283107037031905,3.0904352286388366,3.0904352286388366,-0.3696035501287317,0.6323771945065899,0.48514231002094815,0.15004450148502635,0.298745534250707,0.1724137931034483,841.8320466954028,0.0,841.8320466954028,0.0,841.8320466954028,29,13.659325929072136,0.06939936207736787,0.024648759196091975,0.6489586078372345,0.14706221590254104,0.026579194715076207,0.0644022655605362,0.42857142857142855,0.5714285714285714,10.764319992065426,3.1419661045074463,3.388183934935208,10.5877761278508,1.1378958038341118,1.3752849561825429,0.29188709614944985,0.556701836510919,True,23,841.8320466954028,17.525412725790375,38.26509303160922,228.31250117307354,62.73280808090203,55.86812008920528,6,683.0038974347408,0.0,0.0,0.0,6.104810861111521,3.431634853233845,22.035149938456016,12.966782672971021,0.0,75.92187932736852,1,0,0.043478260869565216,0.0,raw,0.4388712019684661,0.06909903967930342,0.609180228525905,0.2446962518424951,0.03852673845903494,0.502961114857694,0.368472197430229,0.8333333333333334,1.0,1.0,0.42509920064026363,6.351335763931274,-0.497038885142306,0.1506333333333334,0.045499999999999985,0.0027000000000000357
89023208,SNII,r,59844.32421875,21.631351947784424,1.3712788883700515,1.2370053131946481,1.092587016736291,1.092587016736291,-0.27869187163376047,0.41182523455549536,0.3850329123827576,-0.0964994244474496,0.1680306557679305,0.11538461538461539,773.890602778476,28.93749971059151,708.0742002285624,28.93749971059151,824.7421659866013,26,5.682587634623955,0.024778235085551034,0.016649430826354016,0.0870460812506266,0.03536316192069905,0.004138238444072014,0.006489149103838887,0.28,0.28,21.631351947784424,3.0318270921707153,3.2341373516963077,7.795343723141238,1.1397155605831153,2.1794764321885514,0.14015892762917428,0.24737108968644966,True,20,824.7421659866013,16.98828254941327,43.407482420347435,226.28910333394015,111.47656250894498,62.55895687094565,6,765.882795602156,0.0,0.0,0.0,7.566390221864519,7.384764060589077,14.98823953140527,13.42378450842807,0.0,4.851562314361217,3,2,0.15,0.3333333333333333,raw,0.17768603666030464,0.03901163758973,-0.3513409577716351,0.10033489927326668,0.02202890447454721,0.9206669854250219,0.23342010755876222,0.6666666666666666,1.0,1.0,0.2595789889749094,4.554693102836609,-0.0793330145749781,-0.016033333333333344,0.045499999999999985,0.0027000000000000357
104025081,SNIa,r,60211.19140625,144.12360839843734,1.293611337161587,1.026932114053353,1.2445618368225395,1.2445618368225395,-0.049049500339047536,0.3291512773714463,0.038301934494076914,0.01635900579196936,0.023105755180344037,0.8620689655172413,25.90625026343332,22.00781278352224,25.90625026343332,22.00781278352224,841.8320322304571,29,3.1087580582403436,0.012786791645606635,0.0039029892953231686,0.10992969616014822,0.027210223299816882,0.002531198297082079,0.005339973823919608,0.42857142857142855,0.5,144.12360839843734,3.075042963027954,3.28241201926922,58.331133891289625,1.2816689506611598,6.40928596384706,0.021336150247687632,0.04061886519292678,True,23,824.7421605282216,14.406250517749868,37.48828002401007,277.19921958827035,60.89922889733937,64.22680827194708,6,788.945320044746,0.16666666666666666,0.0,0.16666666666666666,5.457038708916419,2.9668048135572462,17.08987170223554,12.037123017409613,0.0,8.941406097939762,4,1,0.17391304347826086,0.16666666666666666,raw,0.04017419015219386,0.007972127366865995,-1.5488338403092927,0.03070826073775952,0.00609371750591419,0.6259180264294951,0.20830333711786023,0.8333333333333334,1.0,1.0,0.23970346982761526,5.0393311977386475,-0.3740819735705049,0.1506333333333334,0.045499999999999985,0.0027000000000000357
3625643,M-dwarf,r,60211.19140625,6.996112871170041,2.023791977325165,1.5455465855742145,1.3296977154054792,1.3296977154054792,-0.6940942619196856,0.48506818668097923,0.5853454676844747,0.11259824137032559,0.4163466399892051,0.21739130434782608,771.7187502738598,413.7968607540315,771.7187502738598,404.85936042043613,771.7187502738598,23,13.82849515401609,0.1544356707207937,0.03880333718834313,0.9179541116791214,0.3043741466694429,0.07314046356937128,0.22461830721686807,0.45454545454545453,0.45454545454545453,6.996112871170041,3.1563339233398438,3.2542933070141338,2.9473165791248395,0.6284170240080038,0.886676900953021,0.45115537462905075,0.7944455855893522,True,18,770.7226836700356,19.13281501554593,45.33662845117857,228.32812387964077,132.49843141108144,65.20477134247957,5,746.7968701688442,0.2,0.0,0.2,3.5195187396311667,3.8593547773343744,7.874997257727955,6.293748931937444,0.0,341.93750974840805,5,0,0.2777777777777778,0.0,raw,0.8933445190308295,0.1978705695703329,2.0692812100185565,0.577909140478629,0.12800348393077401,1.5333595375154079,0.9823838689073021,0.4,0.6,0.8,0.3932187657308588,4.514792275428768,0.5333595375154079,-0.28269999999999995,-0.35450000000000004,-0.19729999999999992
11180223,SNII,r,60538.37890625,126.01482772827141,1.4259201556419205,1.0280534699769157,1.3936690923369306,1.3936690923369306,-0.03225106330498995,0.3657400498226983,0.24189242038909897,0.0042864399632306475,0.021790931467829077,0.6521739130434783,84.89452937313763,19.851561454692273,84.89452937313763,19.851561454692273,803.7890750191655,23,3.0204671194004957,0.008003835468537958,0.005082401534291682,0.04122896674169047,0.012324805702293174,0.0010890065790237265,0.0025409826745522728,0.2727272727272727,0.3181818181818182,126.01482772827141,3.145970106124878,3.2463277422863506,55.82474233913887,1.077988095894108,9.341432491737697,0.02496507881523755,0.0373455168852993,True,18,802.7929766155285,19.132784538262058,47.223116271501674,270.2773494083667,132.4961313503853,72.75336161362289,5,771.7187727103956,0.2,0.0,0.2,10.958602408632578,8.941389349201927,21.980502098216675,20.4008010839927,0.0,18.03124956265674,3,1,0.16666666666666666,0.2,raw,0.3707233560303865,0.050569887144355556,6.291460256046788,0.16673261375270215,0.02274377733046436,3.7366589430562027,-1.6242250178588886,0.8,0.8,0.8,0.28871129012568786,7.330911278724604,2.7366589430562027,0.11730000000000007,-0.15449999999999997,-0.19729999999999992
44988848,SNIa,r,59844.33203125,44.18571023941031,1.463229340819105,1.0567432630737352,1.3992635464787853,1.3992635464787853,-0.0639657943403197,0.34798491115522046,0.16171913669384058,0.0005122470469178411,0.06288343961305491,0.4583333333333333,4.843749798346835,4.843749798346835,4.843749798346835,4.843749798346835,771.7187497512641,24,2.3664458742149246,0.01289649387121517,0.002485481783773376,0.09154092617578352,0.024629354670945465,0.004933350259972727,0.019015387990433875,0.30434782608695654,0.30434782608695654,44.18571023941031,3.1317700147628784,3.1636177053054175,19.742015959611425,1.0635561806031446,2.971888322566187,0.07087743973773622,0.12342940528718362,True,19,771.7187497512641,18.582036868592695,42.87326387507023,272.2851626169431,98.53283246810619,74.63595571403019,5,688.9765771352104,0.0,0.0,0.0,41.534375105368966,19.851591773767723,91.97265344618063,89.56953036703052,0.0,24.921875489511876,4,1,0.21052631578947367,0.2,raw,0.1933891639890778,0.029813251404461765,-0.3875936572531402,0.10164878665395853,0.01567037557308081,0.7193762821678131,0.042338115743056695,0.8,1.0,1.0,0.37524244427032744,6.486684775352471,-0.28062371783218687,0.11730000000000007,0.045499999999999985,0.0027000000000000357
83082649,SNIa-91bg,r,60496.42578125,10.03348512649536,2.5764532419875437,1.3682703758282688,1.9668792273172575,1.9668792273172575,-0.6095740146702864,0.5270214367954484,0.5826580586176618,-0.008353228943947678,0.3528195209606311,0.17391304347826086,736.9414372042156,23.921875956832082,736.9414372042156,23.921875956832082,771.7187142363182,23,9.277406323859065,0.059479803441143855,0.025407243120334308,0.4848518061502806,0.11543777263410547,0.02315410877666508,0.068254174663814,0.3181818181818182,0.3181818181818182,10.03348512649536,3.0818259716033936,3.2037095712578814,6.403558687200292,1.10870105859445,1.4416080139904117,0.30715408781194437,0.5493444711430137,True,18,770.7226237418145,16.92968070723873,45.336624925989085,228.32811746094376,132.49843166467767,65.93046856370731,5,747.742218406398,0.2,0.0,0.2,7.769542446554988,8.937503384695447,18.031250368636393,14.793752535215754,0.0,23.921875956832082,2,1,0.1111111111111111,0.2,raw,0.2734920412875657,0.0419665240281814,0.08639110886979352,0.1488625447611455,0.022842505881354405,0.5638027742959008,0.4444840664191763,0.8,1.0,1.0,0.39694607555627115,6.516909551620479,-0.43619722570409925,0.11730000000000007,0.045499999999999985,0.0027000000000000357
89613764,SNII,r,59957.07421875,24.22892613410947,1.4014272240768681,1.2106272450113986,1.1066288027930973,1.1066288027930973,-0.294798421283771,0.3296951901279647,0.11319313259349487,-0.008887207798857379,0.09279613571064617,0.4782608695652174,342.8828123989224,6.003906176898454,91.98046916713065,6.003906176898454,803.7890442604039,23,4.615933962223291,0.023192796317045603,0.008926555678528344,0.18868659806477517,0.04685734246914509,0.004266637353823274,0.007314171212681908,0.4090909090909091,0.36363636363636365,24.22892613410947,2.763906955718994,2.9110652985780137,9.700915389091689,0.6393030242098228,1.2778373417703193,0.11407467835844227,0.17467413914172755,True,18,771.726533724177,21.867187659467163,45.39567845436335,226.29295066367195,132.5031229363129,65.1764484511291,5,802.7929764241708,0.2,0.2,0.0,10.584359237350872,4.886714397078322,32.06251053622691,23.629685454853465,0.0,144.8125077935183,2,0,0.1111111111111111,0.0,raw,0.10511798727066689,0.019587439346193773,-0.8133843615493624,0.058806052320337567,0.010957781945042391,0.5347186895215235,-0.13910959055913094,1.0,1.0,1.0,0.2652875691718479,5.366601800918577,-0.46528131047847654,0.3173,0.045499999999999985,0.0027000000000000357
20672879,TDE,r,60143.390625,19.96402807235717,1.3492341359684394,1.1178400015172592,1.1730891275753863,1.1730891275753863,-0.17614500839305314,0.3470818262714739,0.22356091060306127,0.09108202100156618,0.11717999905553989,0.20833333333333334,646.0546776423289,185.25000423259917,646.0546776423289,185.25000423259917,826.6718702418439,24,4.97971033157873,0.02991670976796684,0.010504516695559976,0.10072195823427472,0.04403682656076678,0.009512015997230163,0.02843308061868845,0.21739130434782608,0.5652173913043478,19.96402807235717,3.5011359453201294,3.302071606119474,6.689138793823844,0.8998887712402429,1.5491261962924223,0.17537222110842018,0.2712271857064159,True,19,826.6718702418439,18.40040070035684,45.92621501343577,228.30078268027137,129.63866697877316,63.07753727959808,5,468.70311069282616,0.0,0.0,0.0,7.559382301649021,4.929708804193069,16.988279643985152,13.385162097179274,0.0,2.9687499988576747,1,2,0.05263157894736842,0.4,raw,0.25591736113138425,0.03935438817878118,0.45431880792232515,0.1515612549592235,0.023306744154283333,1.0598391607248556,0.7250074510002416,0.8,0.8,1.0,0.5022053141090713,6.502892637252787,0.05983916072485562,0.11730000000000007,-0.15449999999999997,0.0027000000000000357
52815591,SNII,r,59784.4140625,113.29923629760738,1.267421175719171,1.0158863706542924,1.2246312588771016,1.2246312588771016,-0.04278991684206931,0.3540994376766893,0.1933964960418462,0.04991288509384372,0.05232592078656277,0.39285714285714285,178.65625377510878,86.68358972180431,178.65625377510878,86.68358972180431,848.7265935356918,28,1.9276902445782877,0.0070121229992928516,0.0033363964954317817,0.05909832377602021,0.013530978254678866,0.0032857078133406454,0.010802300739535402,0.07407407407407407,0.25925925925925924,113.29923629760738,3.294567584991455,3.363928807633264,42.114718486587975,2.6336253152966274,9.46410832264493,0.029078462420854188,0.050071427994241906,True,22,848.7265935356918,19.843767501806724,40.41555207312818,228.29685476069426,85.97657404484198,57.441770437089694,6,504.63280349760316,0.0,0.0,0.0,8.516911566265966,4.986317257880728,29.007811997726094,19.04489803735487,0.0,327.00388864528213,2,0,0.09090909090909091,0.0,raw,0.04725169461862285,0.0035873295516953294,-1.418511315276788,0.028456698919562314,0.002160421076995813,1.3917447294881355,0.4386338328502803,0.5,0.8333333333333334,1.0,0.33368722810898777,13.1718298912048,0.39174472948813555,-0.18269999999999997,-0.12116666666666664,0.0027000000000000357
72074915,EB,r,59791.30859375,35.8937029838562,2.0107080811415265,1.5648204331368247,1.2789611192765533,1.2789611192765533,-0.7317469618649735,0.4845595990142347,0.5719231423911117,-0.15088969444666633,0.44201971983680705,0.11538461538461539,841.8320317673497,824.7421847172081,747.0468464023434,384.00389947614167,841.8320317673497,26,13.27947719259727,0.09828384267914593,0.027523922493495324,0.8139564948710513,0.1962302416063461,0.018345661596252606,0.039230424597601427,0.68,0.68,35.8937029838562,16.441923141479492,16.80383854645949,2.7920487249694124,0.6063809418603208,0.8369548227873574,0.4580726359961948,0.650791752979038,True,20,841.8320317673497,19.87499518878758,44.306949040386826,277.17576555683627,105.44296442089538,68.28899156994298,6,587.1640924016683,0.0,0.0,0.0,7.163391969908844,6.998015104283695,14.988256622746121,11.962885979184648,0.0,171.7617168722354,1,0,0.05,0.0,raw,0.2844838165252242,0.018648194260453853,0.40265357681634323,0.17916867753618182,0.01174468321218927,0.44543494008055534,0.22428078128448856,1.0,1.0,1.0,0.35241232786141274,15.255300998687716,-0.5545650599194447,0.3173,0.045499999999999985,0.0027000000000000357
32014077,M-dwarf,r,60589.1875,399.3815643310547,0.0462944146486981,0.04451554512561151,1.0012035591129356,-0.9549091444642375,-1.0012035591129356,0.013892526333740062,0.02231078153661814,-0.9802142672809617,0.012394091872454056,0.0,825.6796741386643,825.6796741386643,,,825.6796741386643,24,0.34513741876812687,0.0016812959068091124,0.0005636415681232174,0.011757528566676773,0.0029443294655918154,0.00039362515069046844,0.0010921363032489711,0.0,0.391304347826087,399.3815643310547,6.382333278656006,6.58528592189153,62.651420130248496,61.83394753859773,61.22801014163892,0.015980540537333297,0.02129810375253561,True,19,825.6796741386643,17.505856014082383,45.87109300770357,277.17579819444654,115.18202293470392,69.92842414792851,5,666.2383144636115,0.0,0.0,0.0,4.964849055497325,3.042970204493031,8.937502394532203,8.165650296924287,0.0,80.78905906334694,5,0,0.2631578947368421,0.0,raw,0.005215136015951241,1.4222620741929792e-05,-3.018903332606847,0.0049723092216086544,1.3560388080816112e-05,0.26883330772215974,0.06508851319667693,1.0,1.0,1.0,0.42747770471530194,366.67897644042966,-0.7311666922778403,0.3173,0.045499999999999985,0.0027000000000000357
34866353,EB,r,60605.15625,3013.6432495117183,1.1877046446346067,1.1621678949640055,1.0248234899995305,0.16288115463507624,-1.0248234899995305,0.363453009509707,0.3114553568041628,-0.03803361248914974,0.32530743073124396,0.22727272727272727,755.9804443261601,755.9804443261601,770.7304436976701,770.7304436976701,823.7461248188265,22,8.907413280883567,0.057259384604631924,0.01206114864440189,0.5815282536235546,0.13475498745337042,0.019128432845087494,0.05736024347290287,0.42857142857142855,0.5238095238095238,3013.6432495117183,34.24552536010742,32.00964069366455,90.18557490654999,14.514790828841324,24.742032449037648,0.01136349677940679,0.011938601670430645,True,17,802.7929483003172,23.93747414684185,50.174559268769826,226.2929621060175,136.14455376857586,62.84477156712831,5,793.8359686228068,0.2,0.2,0.0,12.152346009350731,4.015624718362233,30.992182338406565,26.976580010447652,0.0,20.011718648020178,4,1,0.23529411764705882,0.2,raw,0.7140366235899472,0.0025396245904075933,14.193280926757685,0.43158473693613664,0.0015350237992793009,4.695522764747599,-2.562187378123401,0.6,0.8,0.8,0.3948480090289613,281.1583358764647,3.695522764747599,-0.0827,-0.15449999999999997,-0.19729999999999992
36842485,SNIa,r,60268.1015625,17.163585615158205,10.991156938084597,1.1800231806129142,10.70771457664397,10.70771457664397,-0.28344236144062757,2.3299648070210854,0.25239279392978686,0.05818924123994514,0.19270626472872796,0.95,0.0,0.0,0.0,0.0,802.7929733008641,20,25.042278139634018,0.03634004071014736,0.010302957697692756,0.2673024721904675,0.06950507982201362,0.0026653396926354955,0.0037705088567460965,0.47368421052631576,0.47368421052631576,17.163585615158205,2.92880642414093,2.9623892307281494,62.75005898787351,0.7193794083279317,3.29913955556101,0.17064070933723333,0.2469025276949559,True,16,770.7343951350485,23.988295369061234,51.382293009003234,269.32422706273064,160.14765183387345,80.6627322982523,4,682.1328127247834,0.25,0.25,0.0,34.222654573513864,23.017564028381457,85.97267889388604,69.79844867546491,0.0,61.79296817717113,2,0,0.125,0.0,raw,0.1160774237521131,0.020659955817150594,0.3404511546960221,0.17233180089136776,0.03067235020574651,0.3081630749511223,-0.277212882367479,1.0,1.0,1.0,0.48454012072119657,5.6184739589691155,-0.6918369250488777,0.3173,0.045499999999999985,0.0027000000000000357
44168220,SNIa,r,60211.1796875,5.109161281585694,2.0993055905931293,1.6975184101957685,1.2274296036884993,0.8718759869046301,-1.2274296036884993,0.5847381242121102,0.7840567692508968,0.18501491009378732,0.5507690822930664,0.07407407407407407,825.6796597864304,802.7968514958338,802.7968514958338,802.7968514958338,825.6796597864304,27,16.493969270154558,0.14963392913591306,0.040037697323741475,1.9936283230790528,0.4047076515615484,0.08520020203181143,0.3299733847444358,0.4230769230769231,0.38461538461538464,5.109161281585694,2.976783037185669,3.3993199931250677,2.10668218969907,0.808224616214125,0.7689536124925013,0.5826363414900432,1.2235330832504516,True,21,825.6796597864304,21.369144737596798,41.28398298932152,270.27342318847514,72.62500818842182,65.34528104311322,6,664.0507709545345,0.0,0.0,0.0,14.25585864042902,3.902347087609087,43.98046033737046,36.9921832229993,0.0,70.7539045689773,5,0,0.23809523809523808,0.0,raw,0.4909619011046288,0.10458320299353299,0.715794662774618,0.27638522281717987,0.05887473508080208,0.4512014996581705,0.559633160390545,0.8333333333333334,1.0,1.0,0.5125350723500134,4.694462275505063,-0.5487985003418294,0.1506333333333334,0.045499999999999985,0.0027000000000000357
56216003,SNIa,r,60508.37109375,56.08445167541504,1.799616009914161,1.1602768233194993,1.6306296964689475,1.6306296964689475,-0.1689863134452134,0.43688930865981007,0.10075381828419927,-0.02070171756578649,0.0657925262751374,0.6363636363636364,25.949218949637725,25.949218949637725,25.949218949637725,25.949218949637725,802.7929841064979,22,4.465519896168619,0.01745325330969237,0.005126502351831952,0.06494954516571307,0.027372029675929825,0.005419341471160027,0.016670950702378885,0.5238095238095238,0.3333333333333333,56.08445167541504,3.3039040565490723,3.4055765704675154,27.68027486477074,1.001846683210215,3.2841021982847383,0.05890944741102566,0.11421103530236368,True,17,802.7929841064979,30.4980476643359,50.17456150665612,240.26953865026007,134.66209230285676,65.84470048880245,5,373.9648484712525,0.0,0.0,0.0,10.196092262856837,11.97265610863542,19.003906650381396,16.99296912662976,0.0,11.97265610863542,2,2,0.11764705882352941,0.4,raw,0.3791280777759292,0.06855049418231077,0.2803357036396609,0.19666169660409247,0.03555858106850594,0.6764618555077596,-0.20255624523685598,0.8,1.0,1.0,0.25795850660416775,5.5306396007537755,-0.3235381444922404,0.11730000000000007,0.045499999999999985,0.0027000000000000357
70854573,TDE,r,60143.390625,89.13423919677734,4.300157373921756,1.075908977554829,4.2080495913593445,4.2080495913593445,-0.0921077825624114,0.9024300219094443,0.09772075359578998,0.00809090859387779,0.05297284158039723,0.7619047619047619,31.921873976483766,0.0,31.921873976483766,0.0,802.7929927069636,21,9.061672491760035,0.011463614301181821,0.00448034060353256,0.10049690672053443,0.02373392899193529,0.0009176652097319702,0.001410308441574968,0.15,0.35,89.13423919677734,2.9029428958892822,3.2350616568610784,129.20726045257715,1.2749216848700222,7.508625469964386,0.03256821309127456,0.05111107777683529,True,16,792.9804921059258,21.925791404719348,52.865366140395054,252.24218898465915,146.17968647830855,69.72634399705457,5,746.7461046309545,0.2,0.0,0.2,14.721874081213901,9.812500601037755,30.99609635517845,28.977344197627097,0.0,31.921873976483766,1,1,0.0625,0.2,raw,0.34137713198191094,0.042939526378871794,-0.19996238389666798,0.15622886043948087,0.019650974378499483,1.0268452569998447,-0.8078177236134578,0.8,0.8,1.0,0.45967979735418674,7.9501839160919126,0.026845256999844747,0.11730000000000007,-0.15449999999999997,0.0027000000000000357
110271758,SNIa,r,59868.296875,36.65839576721182,1.591865462872015,1.1742005239766975,1.3563932821136337,1.3563932821136337,-0.23547218075838125,0.3609468828215455,0.12052341398919891,-0.0095557918394009,0.0881461628225373,0.6,2.808593734371243,2.808593734371243,2.808593734371243,2.808593734371243,825.67966396673,25,5.0931496825245635,0.018143833356317262,0.005374188244274496,0.0831838216638554,0.029089668050926363,0.004055965246889255,0.008160053293963502,0.5,0.4583333333333333,36.65839576721182,3.1548399925231934,3.4505026531219483,15.76092666174842,0.5765198779186678,2.000054354205124,0.086060503371644,0.15859337704818105,True,20,825.67966396673,25.97265548093128,43.456824419301576,237.23048742445826,89.37421934660807,60.91583008123499,5,755.9101454368792,0.0,0.0,0.0,11.367974884172146,8.933607291910448,24.976559052141965,19.735949486194297,0.0,19.136719509049726,4,1,0.2,0.2,raw,0.22330317990975587,0.04440714209272558,0.04286275946477684,0.1255076590833601,0.024959055454976235,1.2243778499930487,-0.4059999005609874,0.8,0.8,1.0,0.21587688417049855,5.0285420179366955,0.22437784999304866,0.11730000000000007,-0.15449999999999997,0.0027000000000000357
19920079,SNIa,r,60494.3515625,41.16061611175534,1.334692026263502,1.0601037340509682,1.2091627119238946,1.2091627119238946,-0.12552931433960737,0.3450865241295748,0.3949413009197178,0.032234089161704164,0.0666229673961567,0.3333333333333333,110.71484709501965,55.87890769489604,110.71484709501965,55.87890769489604,849.7851673486657,24,3.4808244544903557,0.016223262050405796,0.005253792717323114,0.14183129034246347,0.0311323311060835,0.002190795964677189,0.0038803616950456705,0.2608695652173913,0.17391304347826086,41.16061611175534,3.201766014099121,3.3190766076246896,15.544509493505933,1.7225464042558616,3.450347259349504,0.0777871255718329,0.10567475175911707,True,19,849.7851673486657,16.55663947854555,47.21028707492587,253.1796941016146,133.81367797745412,69.07594235166108,5,97.74220037981286,0.0,0.0,0.0,16.557824047138276,18.988288816930435,28.917976219694538,25.73517086821812,0.0,285.1953166464882,4,0,0.21052631578947367,0.0,raw,0.08217403744245003,0.00932581655112678,-0.9502766185935009,0.04919313341617987,0.005582859892161092,0.5642489740930636,-0.2772911581885641,1.0,1.0,1.0,0.3373720509205327,8.811457633972164,-0.4357510259069364,0.3173,0.045499999999999985,0.0027000000000000357
72587600,SNII,r,59849.15234375,5.83512859344482,1.7987068984256123,1.5473428800211975,1.1391041359657594,1.1391041359657594,-0.6596027624598527,0.4683525229009473,0.511055050180142,-0.01578954171205987,0.4656988359360988,0.12,804.8554619967108,764.9023601847439,769.7929852058951,764.9023601847439,865.7617110705469,25,12.768069233019073,0.06334513271945565,0.052429744525908234,0.2369649221130229,0.08964636551440432,0.009844267363391817,0.014810290772953273,0.4583333333333333,0.4166666666666667,5.83512859344482,2.9938058853149414,3.3129008769989015,2.2201904095681972,0.5663862309091927,0.6813314094869244,0.5130659654490188,0.879216875927238,True,20,865.7617110705469,17.949221799804945,45.56640584581826,279.28123737672286,102.68359147657162,76.94531827655292,5,765.9140910513233,0.0,0.0,0.0,16.561711012618616,4.890625021151209,65.99998006984242,42.79842438164924,0.0,4.890625021151209,2,1,0.1,0.2,raw,0.22745122736927223,0.05014631785916558,0.3397695056897053,0.1611103409557181,0.03552010011732052,0.47485976693862714,0.20270952916114587,1.0,1.0,1.0,0.3686991812613457,4.535751318931574,-0.5251402330613728,0.3173,0.045499999999999985,0.0027000000000000357
88882274,TDE,r,60111.41796875,52.45296239852905,1.9275318634457324,1.102278655169707,1.8065199730531767,1.8065199730531767,-0.12101189039255572,0.4145353799747284,0.08854716037237016,0.016872488635644122,0.057895580337722984,0.6923076923076923,36.937499961240974,7.953124804800609,36.937499961240974,7.953124804800609,849.8437624711369,26,4.638445671440389,0.009998991315810507,0.005438858671891417,0.07622270976233288,0.01787882445354629,0.0015408962985298282,0.0030492902678836823,0.4,0.4,52.45296239852905,3.369538426399231,3.5849419969778795,28.121752070359957,0.8715193698126482,3.6190111058509844,0.06423923973631894,0.09916601618509364,True,20,849.8437624711369,23.96484469322604,44.728619077428256,242.23436900375236,91.43126345679036,64.89460000586197,6,765.9140460331619,0.0,0.0,0.0,14.441404081355964,15.912095583244081,22.964831008233887,22.912109797271114,0.0,327.10155835145997,5,0,0.25,0.0,raw,0.06357568679123028,0.008917913666727652,-0.9119919597925547,0.045070314493891844,0.006322120827552503,0.20130754395699407,-0.2807148739596772,1.0,1.0,1.0,0.5220102687689269,7.1289865732192945,-0.798692456043006,0.3173,0.045499999999999985,0.0027000000000000357
92564906,SNIa,r,60508.375,106.36437606811523,1.4267808964765103,1.0382245414222102,1.3822406464950074,1.3822406464950074,-0.044540249981502925,0.3490353697412913,0.08344105367705763,0.00350966188077424,0.021341604036634876,0.7307692307692307,43.99218762569217,11.968750076630386,43.99218762569217,11.968750076630386,849.769564179107,26,3.199919884252587,0.011618978531598665,0.0016701845897918613,0.06370324164945736,0.02250470889983663,0.0013943115002101405,0.002905197128699479,0.32,0.24,106.36437606811523,3.073078989982605,3.258944823191716,47.84164820353735,1.0224907733731563,4.883645371006461,0.028891994703326422,0.05129272448342047,True,20,849.769564179107,19.9296930131095,44.72471390416352,265.24999621598545,94.91013243663025,71.90774881428604,6,713.9453201664946,0.0,0.0,0.0,17.958334066828684,9.972657103007805,65.99999195363489,39.49023978510377,0.0,11.968750076630386,4,2,0.2,0.3333333333333333,raw,0.043100428379939895,0.008551439879973107,-0.4027746045533777,0.0755370642924626,0.01498710542532102,0.12938807536554423,0.046370814789662235,1.0,1.0,1.0,0.4550388412818722,5.040136981010435,-0.8706119246344558,0.3173,0.045499999999999985,0.0027000000000000357
94021808,SNII,r,60111.4140625,16.811784982681274,2.391024574403141,1.3061048374162896,1.9420957933345668,1.9420957933345668,-0.4489287810685739,0.5228025919519644,0.5284173848281506,-0.12681895231279544,0.21564289090668617,0.23076923076923078,521.722667760645,7.957031010337232,396.9609372411069,7.957031010337232,849.8437451304271,26,9.410999213351861,0.048932460355795036,0.014699927255447873,0.5242008140702898,0.11166315089922269,0.005496847614185298,0.01099246042421842,0.48,0.56,16.811784982681274,3.3574694395065308,3.5170236367445726,9.724614767635634,1.0966025312849794,1.9473392649081305,0.1997092779241015,0.2892712096651465,True,20,849.8437451304271,17.99999848897278,44.728618164759325,231.3320249935423,111.41405937179361,64.33805816585789,6,820.7499731313656,0.0,0.0,0.0,12.46353746054107,12.99022236300516,26.964835061990016,23.458982676969754,0.0,117.69141033269989,5,0,0.25,0.0,raw,0.23453259575319846,0.046448405178757375,-0.023102559236824107,0.13309999711465786,0.02636001437420135,0.7162100498943488,0.25430914551700473,0.8333333333333334,1.0,1.0,0.24802592349685257,5.0493142843246455,-0.2837899501056512,0.1506333333333334,0.045499999999999985,0.0027000000000000357
1634735,SNIbc,r,59783.38671875,9.819041037559508,9.434647371957517,1.4521623303176856,8.967191858829423,8.967191858829423,-0.46745551312809314,1.872700591062429,0.528737241530082,0.11203095368264124,0.3971238166391716,0.6363636363636364,0.0,0.0,0.0,0.0,865.7304423077439,22,16.905474774767804,0.04017512118243659,0.033910696056406966,0.1460328194600379,0.057265526406225564,0.004212189838449384,0.006360724831664551,0.38095238095238093,0.2857142857142857,9.819041037559508,3.0925480127334595,3.467261650345542,28.471417255601526,1.0479999484834104,2.3551990179279056,0.31495417942586607,0.5567797591975616,True,17,849.7499854205671,20.044910023298144,53.109374088785444,275.15235366779234,145.54688184062616,76.27591918819806,5,799.9648158954878,0.2,0.0,0.2,14.747657905533561,15.980456887176842,24.921872899722075,22.93281139617029,0.0,65.7656264122561,1,0,0.058823529411764705,0.0,raw,0.3660355753188667,0.0539682719435535,0.3387732319652113,0.20498270600290747,0.03022264273534995,0.9311019063635112,0.31702326635581474,0.6,1.0,1.0,0.287124151852031,6.78242163658141,-0.0688980936364888,-0.0827,0.045499999999999985,0.0027000000000000357
81671326,TDE,r,60295.10546875,8.487190246582031,29.148870819635878,1.6897030540266247,28.4069818137362,28.4069818137362,-0.7418890058996811,6.061437209853126,0.7920998388217537,0.248991933671511,0.37373828362529016,0.9523809523809523,0.0,0.0,0.0,0.0,865.7304527044471,21,63.747156052389784,0.06985003518404434,0.018262673575115955,0.41525727920806005,0.1395015907550338,0.0137525863691347,0.038377333035560394,0.4,0.35,8.487190246582031,3.7114999294281006,3.5929754348028276,64.95903639193253,1.052001039232696,3.957184163044948,0.4373060838270709,0.6514414800711593,True,16,865.7304527044471,24.91016378844506,57.7153635136298,328.0312303007522,161.53750016638656,88.76582275080744,5,379.9531233268717,0.0,0.0,0.0,35.90389945169882,17.921871473896317,85.80857144172478,77.79138700458861,0.0,66.00000333770004,1,0,0.0625,0.0,raw,0.2594884934847251,0.036061251293483816,0.2653101601468527,0.1951566502197918,0.027121021478298063,0.9310765918258583,-0.34264404474445714,0.8,0.8,1.0,0.41981175869315324,7.195770645141591,-0.06892340817414166,0.11730000000000007,-0.15449999999999997,0.0027000000000000357
21468856,M-dwarf,r,60605.0390625,16.405398178100583,1.0520072553583337,0.7895282741963421,1.1005892535296489,-0.04858199817131503,-1.1005892535296489,0.2790665263964717,0.41308259308571343,-0.4884145537969362,0.260401596711199,0.04,821.7460695338668,821.7460695338668,,,821.7460695338668,25,7.97157304071568,0.06333766209668618,0.022686727349372937,0.6770042596864005,0.1474807201399805,0.0071865383597325815,0.011906583274428213,0.0,0.5833333333333334,16.405398178100583,4.37037992477417,4.5327987957000735,4.13135819893859,1.9018304666548553,2.186779157891627,0.2663988936646567,0.33641311408304847,True,20,821.7460695338668,18.97656358376844,43.249793133361415,239.31638349129935,94.54452280189858,68.33822284836951,5,768.8711119575601,0.0,0.0,0.0,3.5788931566727116,2.9609364104107954,7.984365537813574,5.978114724422631,0.0,51.8515634322539,5,0,0.25,0.0,raw,0.2110451443738221,0.016361935481871544,-0.022220144355355687,0.12509395364295334,0.009698300355362798,0.7072737188204838,-0.1540038433739993,0.8,1.0,1.0,0.30476702791816257,12.898543977737402,-0.29272628117951616,0.11730000000000007,0.045499999999999985,0.0027000000000000357
113829239,SNIax,r,59783.29296875,33.23021640777587,1.4726855133716528,1.1123273752389886,1.328769563175295,1.328769563175295,-0.1439159501963578,0.3768430104527769,0.32708698936002,-0.028938119492885973,0.1040898999477229,0.4444444444444444,849.8398496793234,1.0234374724532245,849.8398496793234,1.0234374724532245,849.8398496793234,27,3.506121885574097,0.017777919907980468,0.0062565136596290285,0.1688777039486664,0.039693328660342225,0.001787098848156664,0.0028929247372886167,0.3076923076923077,0.3076923076923077,33.23021640777587,3.32027006149292,3.4193758081506798,13.298707431204242,0.7688656900426285,2.4002622932445727,0.09991719646809091,0.14754103408858668,True,21,821.7734527569846,11.964840359258233,41.08867263784923,231.3359285867191,127.7562723990182,67.58970633919137,6,468.8437698437192,0.16666666666666666,0.0,0.16666666666666666,28.80664111559842,27.515615247175447,57.83205790861393,48.43165141805366,0.0,380.9960798356042,2,0,0.09523809523809523,0.0,raw,0.15932036335517927,0.01860546240712965,-0.5919508560035999,0.08436034619803372,0.009851617312351145,0.7661546393154244,0.6332801261972292,0.6666666666666666,1.0,1.0,0.37869930566633536,8.56309614181518,-0.23384536068457562,-0.016033333333333344,0.045499999999999985,0.0027000000000000357
5982256,SNIa-91bg,r,60228.1328125,12.976690864563054,8.203547417850354,1.29737526216747,7.796001227775575,7.796001227775575,-0.40754619007477877,1.712664880510889,0.42433622682676575,0.02988539087166777,0.2346563368961647,0.85,0.0,0.0,0.0,0.0,821.6601524118378,20,19.842738724801503,0.05237795321270642,0.01669803189441748,0.36628399562929964,0.10280281554241388,0.0032541803995279894,0.004518425056561573,0.47368421052631576,0.47368421052631576,12.976690864563054,3.8160135746002197,3.8288153290748594,26.510990051495355,0.7415150695169954,2.409331484919457,0.29406677052167807,0.3982227028604409,True,16,821.6601524118378,29.99218567257776,54.77734349412252,239.32423692972225,152.97265611004838,69.86016660426903,4,737.9882821325009,0.0,0.0,0.0,5.780278380458185,5.056649095924513,10.011726266544429,9.107036366438843,0.0,76.82812606569496,2,0,0.125,0.0,raw,0.06681159594607272,0.013232442681511981,0.08773458580290777,0.10946704518801831,0.021680613678710964,0.1383790325378279,-0.019428754865300123,1.0,1.0,1.0,0.42978917516751497,5.049075031280514,-0.8616209674621721,0.3173,0.045499999999999985,0.0027000000000000357
7390884,SNII,r,60150.296875,5.681919550895697,3.2757834682018157,1.2197216191633569,2.346660327546362,0.9291231406554535,-2.346660327546362,0.6407118568178704,0.49486612271549424,0.34351929242943247,0.3099529337127699,0.15,771.8984428769327,0.0,771.8984428769327,771.8984428769327,830.65235434637,20,11.618416789346751,0.12222155561806335,0.01733846124394419,1.270837200928943,0.30507588397608754,0.024573583861626065,0.0667902077480378,0.5263157894736842,0.42105263157894735,5.681919550895697,3.7877219915390015,3.95143061876297,3.5201990072611906,0.42379405852876906,0.6141964481777286,0.6666271772436316,1.150837477677156,True,16,829.7382857493067,21.003907462363713,55.31588571662044,280.23045413726504,166.73047003604,82.26551344262438,4,484.7070318425467,0.25,0.25,0.0,12.154298200075573,3.8749981903019943,39.953127822635,29.430860717831827,0.0,58.87890629559115,4,0,0.25,0.0,raw,0.2486867118015193,0.046343220418091795,0.6874537926553052,0.21608160488426553,0.04026719952547686,0.393222688820602,-0.15358361626544836,1.0,1.0,1.0,0.42962991773680637,5.366194009780883,-0.6067773111793979,0.3173,0.045499999999999985,0.0027000000000000357
78846696,AGN,r,59849.15234375,72.46711883544921,1.1662130311028263,1.070828423920747,1.012117164617717,1.012117164617717,-0.15409586648510928,0.38413754942505024,0.696557479890161,0.2874781876655527,0.37257151001354233,0.08333333333333333,830.6523786904072,511.695320844221,830.6523786904072,511.695320844221,830.6523786904072,24,2.8558696229238447,0.012738856437140192,0.007893680142471526,0.042583263248433714,0.017341522468406156,0.0025068751953847834,0.005040233551482464,0.17391304347826086,0.043478260869565216,72.46711883544921,4.158942699432373,4.286739041407903,17.635543488916163,8.754724885191159,8.985341405465745,0.05739075550769539,0.08690280775881838,True,19,830.6523786904072,13.472670490911696,46.14735437168929,270.261722490628,118.45818979355982,73.27731584604113,5,735.8593441293779,0.0,0.0,0.0,11.980478107780801,9.011783237569034,20.03125029471994,19.990614360009204,0.0,20.03125029471994,2,1,0.10526315789473684,0.2,raw,0.0822952965854621,0.0016143788936548325,-1.0873469311703459,0.04795378720581712,0.0009407048172612355,0.8952748727918612,-0.2381948508040868,0.8,1.0,1.0,0.23483424596270275,50.97644481658933,-0.10472512720813876,0.11730000000000007,0.045499999999999985,0.0027000000000000357
86001230,SNIa-91bg,r,60209.17578125,7.480803966522214,2.5162335723190856,1.7762348356742699,1.4950152606549705,1.4950152606549705,-1.0212183116641151,0.6279753717400284,0.8804385385032992,0.15114110230480737,0.5144141097770836,0.0,771.8984371871338,764.9023589816788,771.8984371871338,764.9023589816788,830.7617291820352,25,18.167966481950376,0.10097382004914174,0.051955358125359646,0.589614668368536,0.16568982879831495,0.028629582713207653,0.059268263549055844,0.5,0.4583333333333333,7.480803966522214,3.960216999053955,4.0062019681930545,2.824066482869661,0.9306558520807418,1.039597822513913,0.5293838759545839,0.7500416199681,True,20,830.7617291820352,18.988296126415662,43.724301535896586,262.26172909571324,95.61327789292399,69.29884349706181,5,724.9570232944388,0.0,0.0,0.0,11.214857263106387,7.11720223287557,30.929696295643225,22.16407353402465,0.0,326.0664185151545,2,0,0.1,0.0,raw,0.3725835608320658,0.05757000949367077,0.5060212759119053,0.22305284875673553,0.034465166932857394,0.7673163460869876,0.23204035101925724,0.6,1.0,1.0,0.3598730411881884,6.4718342781066855,-0.23268365391301238,-0.0827,0.045499999999999985,0.0027000000000000357
93417061,M-dwarf,r,60614.0546875,17.103638076782207,3.3246172938401255,1.2953503702067626,3.0107655737965646,3.0107655737965646,-0.3138517200435607,0.652668030238885,0.37258734640550556,0.012926839965841147,0.19636158983207114,0.4,33.906249749496055,0.0,33.906249749496055,0.0,865.7265879096522,25,10.798237302932097,0.0539907558551111,0.02319483611829065,0.21519226771057884,0.08190067123979519,0.006547180989035158,0.01028025079043761,0.5416666666666666,0.4583333333333333,17.103638076782207,4.087625980377197,4.187503423690796,12.59778780041419,0.7735466727670204,1.7975792059229119,0.2389916088043312,0.3702927086018809,True,20,865.7265879096522,17.94921496394818,45.56455725840274,262.2656313699845,95.45626622318659,69.07050957463495,5,681.0468440944824,0.0,0.0,0.0,6.165628990552795,2.933594395261025,20.031271496380214,13.203137760781104,0.0,63.8242183256516,4,0,0.2,0.0,raw,0.17473682181570674,0.026049135205758973,0.08016395213758293,0.12637764901294493,0.018839924132282925,0.43856160702767466,0.0013803759618958521,1.0,1.0,1.0,0.29600793626019695,6.707970166206351,-0.5614383929723253,0.3173,0.045499999999999985,0.0027000000000000357
119178558,SNIbc,r,60209.17578125,8.368756771087641,2.242511761024083,1.6570867872839354,1.2728257311520925,0.9696860298719904,-1.2728257311520925,0.5972831183616495,0.7643620458156456,0.215262198973195,0.46210987545132687,0.10526315789473684,830.6523440759993,444.7539034665024,830.6523440759993,336.0039041338823,830.6523440759993,19,12.839938063924484,0.10265681912250624,0.0211189785041557,0.8477508526005478,0.22804547612450435,0.012403013755821417,0.025787772937778355,0.6666666666666666,0.6666666666666666,8.368756771087641,4.010769844055176,4.137528331656205,2.6558414893295765,1.0087344932070017,0.9967176659297835,0.4792551574579838,0.8173033559337585,True,15,830.6523440759993,26.404303373605217,59.332310291142804,280.23048661695793,185.78475677230472,84.27003826010355,4,454.76171005764627,0.0,0.0,0.0,24.437502530012353,14.417973691619409,66.93359519476508,52.80546944997842,0.0,58.878906251717126,3,0,0.2,0.0,raw,0.48116601403662185,0.07186929715779515,0.5663834557940198,0.2647826006531783,0.03954921763678162,0.8265911221332588,-0.06817016841057721,0.75,1.0,1.0,0.277009862638856,6.695014882087701,-0.1734088778667412,0.06730000000000003,0.045499999999999985,0.0027000000000000357
125838400,SNIa,r,59784.31640625,39.68885650634766,1.394650791167363,1.1038967911656716,1.2228633994539662,1.2228633994539662,-0.17178739171339683,0.3534674907901782,0.32230340085109505,-0.0023915780711506298,0.08604318636646575,0.45,96.69140978434734,0.9257812466385076,96.69140978434734,0.9257812466385076,865.7265688871412,20,3.136404876173223,0.022987339551298846,0.005048891535483189,0.2534000909055019,0.05897214406637089,0.0017309684448309321,0.0038234231649623483,0.47368421052631576,0.3684210526315789,39.68885650634766,3.1028389930725098,3.608087658882141,15.641820312349925,0.9447560473687219,2.60286536439534,0.0781790977670585,0.1455515683980413,True,16,830.6640279368876,20.054681293855538,55.37760186245917,290.10938411887037,179.33124082683202,88.10961058719411,4,529.7109291135275,0.25,0.0,0.25,31.44043942089047,28.03321034584951,49.83986221259693,45.40666583389393,0.0,335.08985852697515,2,0,0.125,0.0,raw,0.1338204782583195,0.012659115217432793,-0.3824457570141198,0.08230565083201877,0.007785928809169711,0.6548305541786071,-0.7838074158326294,0.75,1.0,1.0,0.6163995725523439,10.571076726913434,-0.34516944582139286,0.06730000000000003,0.045499999999999985,0.0027000000000000357
29609624,SNIa-91bg,r,60148.31640625,27.022845458984364,2.3653612595295286,1.1565897574616204,2.008892927104549,2.008892927104549,-0.35646833242497966,0.45787941085131384,0.1600954998080995,0.0034962640112014666,0.17573059143048425,0.5925925925925926,492.7187545557972,7.894531490608642,492.7187545557972,7.894531490608642,849.7343710397763,27,8.283540242112734,0.03535807747958304,0.01823601791538959,0.15679827036138297,0.05308262081117132,0.011907549783461962,0.030318908757966338,0.5,0.46153846153846156,27.022845458984364,3.1389079093933105,3.4020396029507673,17.29455106036717,0.7962411942004134,1.83892685175519,0.11615756431563015,0.2073654711216887,True,21,849.7343710397763,15.037113330818102,42.486718551988815,228.30078106689325,94.52225732660018,57.35827969402874,6,773.8047076749353,0.0,0.0,0.0,10.647142062312923,7.939460412129847,24.90627203227632,22.47463236826661,0.0,7.894531490608642,2,1,0.09523809523809523,0.16666666666666666,raw,0.4284343912146677,0.05954282688099597,0.7024030262309254,0.26282506617274687,0.03652682356041079,0.7168310045176595,-0.09046047896481497,0.8333333333333334,1.0,1.0,0.22349580432913285,7.195398902893024,-0.28316899548234054,0.1506333333333334,0.045499999999999985,0.0027000000000000357
30115580,TDE,r,60209.17578125,173.54281768798828,1.0440488216918111,1.0111711020116796,1.0223764301486373,1.0223764301486373,-0.021672391543173727,0.36630067183200904,0.039583970179766434,-0.000322992365259844,0.01016015753537989,0.7368421052631579,61.82031353695493,4.878906360674591,61.82031353695493,4.878906360674591,831.6718893001016,19,2.294793249086934,0.0047666874725599455,0.001007950002803036,0.01883898746206076,0.007983652627177252,0.0009600405644911369,0.002804105254021746,0.5555555555555556,0.3888888888888889,173.54281768798828,2.778650999069214,3.3920153316698576,63.85331820556631,0.6047807079103613,8.496220851263912,0.016011328132662546,0.03425994516139687,True,15,831.6718893001016,33.933590023530996,59.40513495000726,297.2031233634043,139.99375530175246,78.58471674532603,4,431.7851486593645,0.0,0.0,0.0,26.655270688188466,20.8789001221121,56.941407176280336,46.429685213204365,0.0,58.949219679685484,3,0,0.2,0.0,raw,0.13821892964960555,0.019279316069228575,-0.8602285976638029,0.06492733501540779,0.00905631823707521,0.7706202976475831,-0.7727364575767147,0.75,1.0,1.0,0.44821168753264906,7.169285941123954,-0.2293797023524169,0.06730000000000003,0.045499999999999985,0.0027000000000000357
56479755,SNII,r,59957.0703125,84.29719328880415,17.675728000935838,1.0593718004303294,17.616121795844712,17.616121795844712,-0.05960620509112379,3.836396611418106,0.08250032232125619,-0.02347501671212886,0.03220629075498507,0.95,0.0,0.0,0.0,0.0,825.6953014919272,20,35.92223051443332,0.02940480112044505,0.0036686462363456993,0.20449075135060898,0.06060075929372518,0.008606266789687032,0.02406350802907152,0.47368421052631576,0.3684210526315789,84.29719328880415,3.507047414779663,3.8120553731918334,423.43015317251843,0.9952446814774113,8.22764435124174,0.04160337109640693,0.08272612326359531,True,16,819.7617305263993,19.16406715552148,54.650782035093286,299.2070131652508,144.39687436239763,80.2500120254912,4,403.8749932634819,0.25,0.0,0.25,19.712884053262314,8.947252980997291,58.94922486649011,44.85273790548309,0.0,254.11327948397957,1,0,0.0625,0.0,raw,0.04262983205034969,0.007127679147105663,-0.8927608968452301,0.06753594210999335,0.011291963939454136,0.4047489159335922,0.20142174534742918,1.0,1.0,1.0,0.4510258943031069,5.98088538646698,-0.5952510840664078,0.3173,0.045499999999999985,0.0027000000000000357
91484679,SNIa,r,59789.37890625,13.859652280807493,11.886222337439735,1.135266235168672,11.704636970652535,11.704636970652535,-0.1815853667872007,2.4191512728172246,0.653586890872339,-0.007258731649071389,0.1864238919085613,0.7272727272727273,0.0,0.0,0.0,0.0,825.679677457847,22,15.450311800643869,0.039342696909245176,0.014870733989181376,0.19816609034996358,0.06226433865843,0.006324701822742601,0.01689716444022351,0.42857142857142855,0.42857142857142855,13.859652280807493,2.8735984563827515,3.3107768351381477,56.452632804699974,0.7317931939429017,3.742853656756749,0.20733553758502588,0.41899112694224205,True,17,824.6758012858627,20.91993140793784,51.54223758036642,228.30075606459286,135.61328094164492,65.35491732013152,5,770.7695220634123,0.2,0.0,0.2,13.789840653989813,16.996099984527973,24.906250872125383,22.960938036022707,0.0,54.910155394434696,1,0,0.058823529411764705,0.0,raw,0.5773902554856667,0.11562526386391686,0.7786008085977976,0.31002278892609286,0.0620836019188702,1.1421867607800174,-1.1527320273309625,0.6,0.6,1.0,0.4615013635667914,4.993634057044973,0.14218676078001735,-0.0827,-0.35450000000000004,0.0027000000000000357
110720057,SNIa,r,60508.38671875,145.51097106933594,3.60486050690804,1.035737964266086,3.5437754234990915,3.5437754234990915,-0.06108508340894865,0.7685651827599643,0.20377627603930998,-0.01746374207009139,0.029568644285986104,0.6666666666666666,29.976562877018296,0.0,29.976562877018296,0.0,831.6718703448132,21,7.45982153039201,0.013552400333335868,0.004807486961934255,0.08485880899471938,0.023476609468712363,0.0023531294859548903,0.006853872425690039,0.45,0.3,145.51097106933594,3.483618974685669,3.6161439759390697,148.02370950213592,1.510363045611936,12.932551755905308,0.02394059326994475,0.03970132267997119,True,16,825.6953192766523,29.976562877018296,55.04635461844349,240.26172371820576,132.54766186607884,64.16476441377156,5,830.6679644796604,0.2,0.2,0.0,8.753910914882727,6.976569223770639,21.902346425660653,16.305480652063853,0.0,71.73437872089562,4,0,0.25,0.0,raw,0.019419293097295714,0.0016251529070507903,-1.4726330621983532,0.026892001524976644,0.002250525507584833,0.330891466855345,0.05678241672880883,1.0,1.0,1.0,0.3724349929272214,11.94920983314514,-0.669108533144655,0.3173,0.045499999999999985,0.0027000000000000357
128989049,AGN,r,60615.05859375,53.72160339355469,0.9199437650733561,0.8226762817554127,1.0153497217455965,-0.09540595667224037,-1.0153497217455965,0.2912772745098344,0.5271493672137266,-0.40335798729172817,0.15491151496039385,0.0,772.8984135669889,405.8828223004966,,,825.6836045035161,21,2.028211576380145,0.014209995447281262,0.0037882163397888304,0.07947548383170365,0.023966518760410185,0.0031325886508384716,0.006649624801520392,0.0,0.2,53.72160339355469,3.0773890018463135,3.5186451105844405,17.724835899734302,6.919926809799949,9.844352762642634,0.05728401252847801,0.11410867912877529,True,16,825.6836045035161,29.890626046697435,55.04557363356774,228.29686993428186,153.1796934823156,66.51347762459658,5,364.0663720066368,0.0,0.0,0.0,10.798432413852424,6.988259574427502,20.046845165081322,19.687479641311803,0.0,408.8320415603521,2,0,0.125,0.0,raw,0.04268166048344975,0.0012624137018926631,-1.526471346034661,0.02746439575001929,0.0008123261634226058,0.5967830858462715,-0.2154656018098638,1.0,1.0,1.0,0.24945832551569258,33.809566879272325,-0.4032169141537285,0.3173,0.045499999999999985,0.0027000000000000357
32037298,SNII,r,60140.421875,7.7203362464904774,2.0467781460916754,1.8145568659318183,1.084203884563839,1.084203884563839,-0.9625742615278362,0.5012176711037167,0.5457022766117373,0.12300772740253792,0.4657425069930006,0.08,825.6757764648937,398.92185769753996,802.792945451496,398.92185769753996,825.6757764648937,25,15.686394920111827,0.0776890850037109,0.02956270088020284,0.4844531824096067,0.1339156779352993,0.017545027493383564,0.037238309159898675,0.5416666666666666,0.5,7.7203362464904774,2.9814040660858154,3.3072665119171143,2.8075424742991055,0.9874011477775166,0.8917946441344319,0.38617541657477766,0.7099935144323981,True,20,801.7929557179305,16.9687502718225,42.19962924831213,243.3437452507642,109.9226311037898,68.77716664279853,5,825.6757764648937,0.4,0.2,0.2,23.746873489048447,22.882831013397663,59.99217509747541,47.98749235075957,0.0,65.88281361028203,3,0,0.15,0.0,raw,0.32969813060330483,0.06869287547788881,0.4137511871768459,0.20718044731800753,0.04316621584425368,0.9585900318781915,0.08286371192877291,0.4,1.0,1.0,0.24222897020614764,4.799597167968745,-0.04140996812180853,-0.28269999999999995,0.045499999999999985,0.0027000000000000357
80346495,SLSN-I,r,60508.3828125,346.453887939453,1.2750919019846205,1.0060240669186735,1.26647734734974,1.26647734734974,-0.00861455463488059,0.3695770980383369,0.08224622723572336,0.005221445233123231,0.0072071179202347745,0.64,43.972655835183105,43.972655835183105,43.972655835183105,43.972655835183105,825.6914280905621,25,2.595287909765344,0.00446335049635297,0.0017070695345601018,0.03085635507009027,0.008223948509857481,0.00039854566946121226,0.0008121098987574556,0.3333333333333333,0.20833333333333334,346.453887939453,3.3686530590057373,3.5637413692474365,130.2526538918994,0.9852049873904964,18.836290046460537,0.009723236414060534,0.014251002644680285,True,20,825.6914280905621,21.00390673999209,43.4574435837138,226.27734415529994,90.82733462480817,64.72942378256647,5,358.8632642220764,0.0,0.0,0.0,27.195330685720545,20.078161874320358,59.99221843422856,44.771905341953975,0.0,280.2812501346634,4,0,0.2,0.0,raw,0.014660984135293232,0.0007940883781404826,-1.0445636933816855,0.03726209237766684,0.0020182406739716785,0.12412048196083522,-0.049979439125717375,1.0,1.0,1.0,0.4605605858546028,18.462660503387383,-0.8758795180391648,0.3173,0.045499999999999985,0.0027000000000000357
124742587,SNIbc,r,60538.36328125,28.395436763763392,1.6050163404265716,1.1392780767081236,1.419269234743299,1.419269234743299,-0.18574710568327268,0.3664132117464636,0.22491388662452827,0.029623299443403025,0.12703785118202426,0.20833333333333334,108.64843984779873,29.980469359157723,108.64843984779873,29.980469359157723,825.679675851723,24,4.717996015989851,0.0341216156427819,0.011607323194952512,0.40081301823672316,0.08530148131565493,0.017472891808439545,0.05976248791277146,0.30434782608695654,0.21739130434782608,28.395436763763392,2.924375534057617,3.3343189110358558,13.780983097608619,1.1908748790906007,2.598030908575477,0.10298751726860336,0.20037239242139004,True,19,825.679675851723,18.091797847737325,45.8710931028735,285.23828303369373,104.08046987976277,72.67739109263188,5,448.7968921304855,0.0,0.0,0.0,19.946102492486535,15.85156357507367,56.94140564794361,40.96328001355578,0.0,50.85546917664033,3,0,0.15789473684210525,0.0,raw,0.10424977787435721,0.012898713321774459,-0.4184066311463286,0.07448840099083356,0.009216370046717156,0.3803722896517289,-0.057210178995795155,1.0,1.0,1.0,0.3500514568100428,8.082184267044065,-0.619627710348271,0.3173,0.045499999999999985,0.0027000000000000357
20135303,SNII,r,60148.31640625,360.37216033935545,1.0501827845320615,1.0126278930206625,1.0318365143923283,1.0318365143923283,-0.018346270139733164,0.3518560294798873,0.2500452820281884,-0.00038851084980061633,0.009566288917942927,0.6818181818181818,87.7187530313604,12.933593884918082,87.7187530313604,12.933593884918082,865.7304546095838,22,2.2278659977353406,0.007127223249641208,0.0015465098594164158,0.058965178443428044,0.014983328891133336,0.0010174138818588303,0.0033582769270404764,0.42857142857142855,0.3333333333333333,360.37216033935545,3.4483684301376343,3.5379116210070523,107.83219987713214,1.1508269973743945,18.30834117553367,0.009568909060262516,0.015485027095482886,True,17,865.7304546095838,23.955063100802363,54.10815341309899,280.2382649971696,154.4902232822933,81.37242990198573,5,741.0234232214862,0.0,0.0,0.0,12.611713637095818,6.980498984339647,39.98046611359314,28.0023385621098,0.0,119.79296888817771,5,0,0.29411764705882354,0.0,raw,0.046272505269790085,0.007150259298527997,-1.0245122935063624,0.04011564375928063,0.006198870217504741,0.1214927609154831,0.1341361027220409,1.0,1.0,1.0,0.49671907733059295,6.471444368362427,-0.8785072390845169,0.3173,0.045499999999999985,0.0027000000000000357
20683463,SNIa,r,60649.1171875,6.2243820190429675,51.15865076297844,1.6396605326986031,50.09299592494726,50.09299592494726,-1.0656548380311783,9.490310181042116,0.6223947263484289,-0.042532256084571264,0.5278814894652735,0.9629629629629629,0.0,0.0,0.0,0.0,865.730479447986,27,67.2441016224553,0.5413940519213346,0.0515189359877945,9.995081455017385,1.9526208412198607,0.07295168820237721,0.19906807138392243,0.5769230769230769,0.5384615384615384,6.2243820190429675,3.60256290435791,3.6666831793608488,86.54892402796408,0.7503933122983605,3.61929400434609,0.5787824226302588,0.9428371074700478,True,21,836.8710800245462,15.953133300252375,41.84355400122731,250.22267252248275,67.98319408313864,69.27180377642549,6,830.6679800237907,0.3333333333333333,0.3333333333333333,0.0,15.425148647459233,14.416015966151463,28.859399423439754,28.392600078630494,0.0,35.062499424195266,2,1,0.09523809523809523,0.16666666666666666,raw,3.2017401101646428,0.6245925583568276,2.701901597980738,1.891416707427237,0.3689758567412506,1.0675786876161169,-0.5563046653676228,0.8333333333333334,0.8333333333333334,1.0,0.397845627239526,5.126125931739807,0.06757868761611685,0.1506333333333334,-0.12116666666666664,0.0027000000000000357
59211997,TDE,r,60119.3984375,41.14053955078114,2.269558936095819,1.1487193019648052,2.1195576463111063,2.1195576463111063,-0.1500012897847126,0.5240317855744602,0.1520693743230257,-0.011693356494194942,0.08196514638220671,0.631578947368421,28.957031302656105,0.0,28.957031302656105,0.0,865.7304613459564,19,5.748423449135431,0.011743294962458264,0.006580829608887831,0.059169817287588716,0.01869813582540742,0.0010748374892666143,0.0016494813765352708,0.5,0.5,41.14053955078114,2.749804973602295,2.913880599172492,31.711247166736115,0.9324647299395921,3.2373122774406164,0.06683930263501087,0.10661537649066129,True,15,831.6718701966965,23.947265801023605,59.405133585478325,280.2695504986623,191.43866928996596,85.29842332723682,4,779.9218747316481,0.25,0.0,0.25,11.736328552324267,5.941407141144737,34.05859114925988,26.833985909321203,0.0,250.20311788348772,3,0,0.2,0.0,raw,0.0540656103676841,0.007540331392289122,-1.0279946387808843,0.04882887295929137,0.006809982928540337,0.36970629570963875,-0.18982471477506285,1.0,1.0,1.0,0.4444677812743718,7.170190215110779,-0.6302937042903612,0.3173,0.045499999999999985,0.0027000000000000357
25203632,SNIa-91bg,r,60605.08203125,264.4727821350097,1.5301953868337401,1.0168876567228455,1.481017706733481,1.481017706733481,-0.04917768010025913,0.38597114507274977,0.019286614687936545,0.0020576239067982643,0.017904746020859032,0.8333333333333334,9.976562814495992,9.976562814495992,9.976562814495992,9.976562814495992,831.6718887486568,24,2.3270819535785643,0.013996814407070264,0.0012320162372255535,0.12219948078437905,0.03338752346907182,0.0018169142199738518,0.0046692722538394845,0.34782608695652173,0.34782608695652173,264.4727821350097,3.58629047870636,3.513306443889936,109.2183903163095,0.7653252516773865,9.751486041415145,0.01356014955397417,0.02098087000361878,True,19,831.6718887486568,18.966786405086168,46.20399381936982,277.2734495067125,109.9371125631807,78.4515184036544,5,746.976552804008,0.0,0.0,0.0,10.542978252186732,5.003906733858457,22.925780866018613,21.69296848688682,0.0,15.94921879175672,5,1,0.2631578947368421,0.2,raw,0.05652345301452036,0.011697636030734856,-0.6848734292895997,0.0594846271976119,0.012310456655980719,0.2843255983843182,0.13715668314697557,1.0,1.0,1.0,0.4751264672747079,4.8320406675338745,-0.7156744016156817,0.3173,0.045499999999999985,0.0027000000000000357
28305390,SNII,r,60119.41796875,14.604353904724121,2.8230766091313217,1.554711624011715,2.20322709456029,2.20322709456029,-0.6198495145710317,0.6233033772051606,0.3630525539914228,-0.07111485308978355,0.26418633100687294,0.38095238095238093,745.9804801569262,0.0,33.921875457366696,0.0,825.6640769395817,21,9.28978601067503,0.04993377073133328,0.015652823115348515,0.3616436029622602,0.09550289946927162,0.00712886616824124,0.01948111448846727,0.4,0.4,14.604353904724121,2.8805739879608154,3.072596061797369,11.1702418878724,1.1739583788744319,1.7249545729652718,0.19724076852376374,0.3341934304245687,True,16,824.6601809740023,22.863289136286767,54.97734539826682,277.2812518812134,171.3164116259227,83.36715642283045,5,769.8632843933301,0.2,0.0,0.2,11.553913703365833,8.97268277934927,24.8789225104847,22.87735273252474,0.0,274.22265876720485,4,0,0.25,0.0,raw,0.20513273283002473,0.03906508052609783,-0.1379455823428602,0.12049999613923032,0.02294778599022549,0.8631183376297942,-0.23566462095896634,0.4,1.0,1.0,0.27904894961802595,5.251051068305969,-0.13688166237020583,-0.28269999999999995,0.045499999999999985,0.0027000000000000357
52429042,TDE,r,59812.2578125,140.23194885253906,1.8899340479754556,1.033778922391698,1.8385811645200598,1.8385811645200598,-0.051352883455395786,0.4586788052048705,0.2076419334548735,0.0008364926813059091,0.02390505982033105,0.7142857142857143,32.937499546860636,29.898436432122253,32.937499546860636,29.898436432122253,825.6640299131686,21,3.743431020164487,0.01086797043764556,0.002710607899398297,0.06617851974098965,0.019890027698215258,0.00040736566007522747,0.0008542935340216469,0.3,0.3,140.23194885253906,2.9193880558013916,3.1393138397307623,88.31570688653903,1.1978705901386228,9.358034035040594,0.02081828056794158,0.034472793613355736,True,16,825.6640299131686,24.00390554477781,55.04426866087791,277.2812406392768,182.24999577118425,86.76883643483056,5,742.9531563697674,0.0,0.0,0.0,7.368727923603728,2.9922017524950206,20.968750970205292,16.571850180858746,0.0,58.84375175504829,4,0,0.25,0.0,raw,0.029426484564718566,0.003195762957878904,-1.570904829502196,0.028972475224072414,0.003146456822442407,0.18487653942255544,-0.15063745831973965,1.0,1.0,1.0,0.43197511979423175,9.207968473434448,-0.8151234605774446,0.3173,0.045499999999999985,0.0027000000000000357
57681583,SNIa,r,59812.2578125,121.38239517211913,1.8610771129198445,1.0273954772714369,1.8263532654361627,1.8263532654361627,-0.03472384748368168,0.44790825194539985,0.04504679284375344,-0.00022686981500302707,0.020019637835642184,0.7727272727272727,32.93749927133467,29.898438639625965,32.93749927133467,29.898438639625965,825.6640480605347,22,4.027889325449437,0.013254015155887422,0.002724655122284913,0.08051324717056037,0.024596388018014063,0.0012587368419075917,0.002069267396982325,0.42857142857142855,0.5238095238095238,121.38239517211913,3.079535484313965,3.3822752833366394,71.98719901694793,0.7027321391935064,6.918288606986954,0.025370528238030002,0.050055548429284925,True,17,825.6640480605347,25.470718637665414,51.60400300378342,294.20314668006176,148.58006656783255,84.44802052284595,5,759.8867170246376,0.0,0.0,0.0,8.0046779608223,7.999984243477229,16.92190278133785,13.742205840238604,0.0,32.93749927133467,3,1,0.17647058823529413,0.2,raw,0.03511878381810441,0.004835332837565418,-1.0094493497720756,0.04080849178264041,0.005618720778889732,0.20183219082416673,-0.2643487728305925,1.0,1.0,1.0,0.5028795566600206,7.262950658798218,-0.7981678091758333,0.3173,0.045499999999999985,0.0027000000000000357
63377924,SNIa,r,60119.41796875,9.173409032821652,2.248297410404186,0.9198405176358703,1.2203696645058797,1.2203696645058797,-1.0279277458983063,0.446096439443585,0.5414142266186247,-0.029169636759799535,0.3743173266016611,0.09090909090909091,760.7929549385881,438.81640219631663,733.9804561379424,0.0,865.7304846770057,22,10.957254470442725,0.0727716033934681,0.040220427782500304,0.45791613425244615,0.12691223160368198,0.011767866343648603,0.020500002336540583,0.5714285714285714,0.5714285714285714,9.173409032821652,2.9357404708862305,3.1321829936721106,3.813330985753068,0.8369762637958892,0.9675958210901198,0.3200272069393623,0.5264305008395064,True,17,865.7304846770057,29.466798668836418,54.10815529231286,248.31641046988807,149.5195284323636,73.4809355503899,5,824.6914047528844,0.0,0.0,0.0,3.207813012956467,2.132816429970262,5.976576042776287,5.59375693352049,0.0,86.74609460729698,3,0,0.17647058823529413,0.0,raw,0.3469431347361992,0.05901980555493068,0.3924829334775354,0.20843386039158,0.0354574703451859,1.0743906768713185,-0.40392450633020316,0.4,1.0,1.0,0.315193544617687,5.878418803215027,0.0743906768713185,-0.28269999999999995,0.045499999999999985,0.0027000000000000357
63675288,SNII,r,59842.15625,363.7080078125,1.018329228594786,1.012957295776702,1.0012800822689476,1.0012800822689476,-0.01704914632583833,0.3397080161023317,0.012043951976536047,0.0025542853254900324,0.0076742696220341725,0.8095238095238095,28.94531210299465,28.94531210299465,28.94531210299465,28.94531210299465,825.6640556855709,21,2.126419123552849,0.003694042960562876,0.0007436084963997082,0.03405961343323085,0.008758172692272165,0.00030606020838896264,0.0006036120074951954,0.35,0.4,363.7080078125,3.5213429927825928,3.4422752176012312,103.41894689917785,1.0866028124985077,15.556373684833163,0.009681785710360075,0.013250981405496097,True,16,825.6640556855709,10.949154476635158,55.04427037903806,295.19141043929994,199.88514474565156,93.12635165011639,5,720.9453222850279,0.0,0.0,0.0,22.346865456193335,25.90624953032966,30.93744498025626,30.52026848997921,0.0,27.054688564880053,3,2,0.1875,0.4,raw,0.022460016372668524,0.0022926954404658426,-1.1487721936363817,0.04588448020122983,0.004683840688269539,0.09659030451107836,0.01707532164537947,1.0,1.0,1.0,0.47021073524754536,9.796336650848389,-0.9034096954889217,0.3173,0.045499999999999985,0.0027000000000000357
91042581,SNIa,r,60119.41796875,237.00439453125,2.3579764404158556,1.0141475182876738,2.3383401835656232,2.3383401835656232,-0.01963625685023229,0.5433508725212992,0.13882614907978974,0.00128381799209648,0.009717366839811111,0.7142857142857143,33.921875780433766,0.0,33.921875780433766,0.0,825.6640760624578,21,4.787612913750166,0.00877469732608141,0.0015637404286590402,0.06382545987442884,0.01668459186628469,0.0003523273049726531,0.0006531448853658168,0.25,0.25,237.00439453125,2.919750928878784,3.2281892015820457,189.8096491493814,1.2719489071593015,12.946258534949445,0.01231939574223297,0.025988096916622887,True,16,825.6640760624578,20.968751125314157,55.04427173749718,294.20314527758455,184.07109716448022,90.70761983862623,5,744.855484912041,0.0,0.0,0.0,14.55781224056991,16.921876102715032,25.906249310246494,25.145313443506893,0.0,28.9687501791268,3,1,0.1875,0.2,raw,0.0434070943111612,0.005206813185175481,-1.4932199590272346,0.03628274709521549,0.004352226035115632,0.46860394980320064,0.19515464842877955,1.0,1.0,1.0,0.38396468389140975,8.336595296859741,-0.5313960501967994,0.3173,0.045499999999999985,0.0027000000000000357
115381923,KN,r,60153.33984375,4.44270005226135,2.2109151820508064,1.7523616383110077,1.2436934081897655,0.9672217738610408,-1.2436934081897655,0.5953407176008736,0.7394409719648158,-0.43306930963839707,0.45405373579260316,0.05263157894736842,824.6914028610627,815.7187314116672,709.0742264844739,709.0742264844739,825.6952969678168,19,11.96497204099858,0.0573887235198772,0.048135143351507086,0.2664121300342921,0.08156171481388919,0.007185366366267417,0.013595703226029762,0.3333333333333333,0.5,4.44270005226135,2.8181889057159424,3.1418186237937524,1.9606055358301422,0.7767221964839431,0.8232843642949724,0.6343414753560673,1.0960690713754497,True,15,772.9023381742663,18.39258716376571,55.20730986959045,282.23827715642255,213.5511781036805,93.42619696342321,4,478.7499848042935,0.25,0.25,0.0,32.90233994961818,36.96679594572197,52.7929587935505,48.958586189201014,0.0,33.92187511239172,1,1,0.06666666666666667,0.25,raw,0.5729084437077125,0.0958102124625584,1.1788763849731247,0.369584996899038,0.061807462369914676,0.9761880530320645,0.348950836306704,0.75,1.0,1.0,0.31687552609128744,5.979617714881897,-0.023811946967935538,0.06730000000000003,0.045499999999999985,0.0027000000000000357
115634018,SNIa,r,59845.19140625,108.45209884643553,3.2422394132943833,1.037924461715127,3.102508340905423,3.102508340905423,-0.13973107238896063,0.6853995268335515,0.05398952607990689,0.0004437258369260087,0.04225133635872364,0.782608695652174,58.85546831325337,0.0,58.85546831325337,0.0,825.6640696688555,23,6.789382145362163,0.0337448046250666,0.004385027703089607,0.4519873576399051,0.09819746696011558,0.0037288407148785042,0.00964303125756498,0.3181818181818182,0.36363636363636365,108.45209884643553,3.648611068725586,3.823677332504936,92.21962410405438,0.9497980494519356,8.22557742896485,0.03364260450036928,0.05800010777322474,True,18,802.812505411086,20.97266369357385,47.224265024181534,292.21096342497185,128.6312523124202,82.7852609813949,5,815.6874914960645,0.2,0.2,0.0,13.725002285616938,9.003906611302227,25.91795276013727,24.69139735919016,0.0,24.031250712556357,4,1,0.2222222222222222,0.2,raw,0.04153116242629857,0.003664993689551907,-0.4227266736150015,0.07756627725980465,0.0068449785672072706,0.5045145179485415,-0.2305555038831822,0.8,1.0,1.0,0.43635886617881114,11.3318510055542,-0.4954854820514585,0.11730000000000007,0.045499999999999985,0.0027000000000000357
730,SNII,r,60532.30078125,17.027570772171003,1.4002907010145278,1.0753186640966657,1.2329833305731372,1.2329833305731372,-0.16730737044139044,0.3233442518117885,0.15471576172983534,-0.009964662834432467,0.0634828761519554,0.5,75.7812479608765,47.87109175428486,75.7812479608765,47.87109175428486,853.8085766573131,52,5.589937293821999,0.018790364263374895,0.011543214661685775,0.1250906166982625,0.029326477040612316,0.006225025395890259,0.009515694200106667,0.3137254901960784,0.43137254901960786,17.027570772171003,1.1148729920387268,1.2548377353411455,18.831482215610016,0.8358442235007402,2.4552235114941747,0.06547457690563933,0.12481221018191127,True,41,841.7773329843767,8.884796748789086,21.044433324609418,245.19531717879,26.321107740521985,50.67845055809122,11,809.8827933126813,0.09090909090909091,0.0,0.09090909090909091,7.2407715579763385,5.9883025232556975,12.843747327890014,12.031243672936398,0.0,35.02734442639485,4,1,0.0975609756097561,0.09090909090909091,raw,0.06222919073736491,0.029224524086643455,-1.5037748073638257,0.03189102045216489,0.014976892424736637,0.7295962739870281,-0.11086298417098878,0.8181818181818182,1.0,1.0,0.2370870551992315,2.1293483018875112,-0.2704037260129719,0.13548181818181826,0.045499999999999985,0.0027000000000000357
6947,SNIa,r,59933.125,38.78462438583367,1.8321370987640202,1.0396351127183265,1.705949925335937,1.705949925335937,-0.12618717342808328,0.3637964348941939,0.04818629993902704,0.005392214034532078,0.049072794727896614,0.8653846153846154,9.019531133621058,6.01953133513598,9.019531133621058,6.01953133513598,853.8086210962574,52,5.816111904461446,0.017672171564349266,0.007920700041767346,0.13381105274449562,0.031527812632885226,0.0035841158541066757,0.005176026877998835,0.6078431372549019,0.5294117647058824,38.78462438583367,1.1203299760818481,1.2574637463459601,59.05816008475838,0.790199098262777,4.710029177605007,0.028885930799192053,0.05472137498777537,True,41,853.8086210962574,10.011710289021721,21.345215527406435,248.17576194046705,18.579286944383067,50.75943743806347,11,739.9179668927682,0.0,0.0,0.0,3.7780582384677306,2.999999798485078,12.843766724254237,3.089842902336386,0.0,6.01953133513598,8,2,0.1951219512195122,0.18181818181818182,raw,0.09240402691561106,0.050575180534885494,-1.1327434317378886,0.04830968112534107,0.026441172815208774,1.02054374657454,-0.01785768204494521,0.7272727272727273,0.9090909090909091,1.0,0.15450832741232579,1.827062720060348,0.020543746574539945,0.04457272727272732,-0.045409090909090954,0.0027000000000000357
8784,EB,r,60538.28125,2011.4021606445306,1.581078672787493,1.3001914287906904,1.27583512611648,0.30524354667101294,-1.27583512611648,0.3655156281252872,0.5002450931825955,0.01613849052944103,0.3243081114944754,0.1346153846153846,850.7734196079036,822.7734203494401,841.7773449650122,841.7773449650122,853.8085949233573,52,22.003587510874365,0.0943052394684883,0.05075934114487566,0.4545192461240216,0.13893977741820926,0.028355992589043845,0.04280814074588848,0.6078431372549019,0.6470588235294118,2011.4021606445306,11.262186527252197,11.513392595144419,227.86139468451807,45.43668122461109,44.24074667357908,0.005599171934688267,0.0073580930016580596,True,41,853.8085949233573,10.12304461120948,21.345214873083933,248.19922668334766,25.0491871535487,50.7060674096381,11,762.9492115474204,0.0,0.0,0.0,4.380674026026761,3.0039060467970558,12.015624187188223,6.0078120935941115,0.0,94.77343962938903,5,0,0.12195121951219512,0.0,raw,0.6303658632627352,0.0017616129296190019,0.8326596149893823,0.32873680378096976,0.0009186839544019066,1.2534037969878398,0.11191605718278014,0.45454545454545453,0.9090909090909091,1.0,0.25724631991734437,357.83448944091793,0.25340379698783977,-0.22815454545454544,-0.045409090909090954,0.0027000000000000357
10349,M-dwarf,r,59801.35546875,9.015970611572227,14.712450284169703,1.2180799856798192,14.16425151596214,14.16425151596214,-0.5481987682075619,1.982630252373572,0.19712708919985364,0.004656403690707326,0.4800756790044847,0.9423076923076923,0.0,0.0,0.0,0.0,853.8085665877443,52,44.490159363705146,0.17409771115558545,0.02974998241707224,4.657125806284138,0.671237916728654,0.031521132401884526,0.07034692368478773,0.4117647058823529,0.4117647058823529,9.015970611572227,1.184486985206604,1.3231840981886938,107.81416511770047,0.6664334242727267,2.141094077571119,0.13137653573163657,0.24067111547595166,True,41,841.7773455630522,8.88478328686324,21.044433639076306,245.1953297937289,26.41288158658427,50.59392005245766,11,785.0195047720335,0.09090909090909091,0.0,0.09090909090909091,7.4371448829584885,5.98440976627171,14.937490519601852,12.949176308233291,0.0,65.75390564510599,4,0,0.0975609756097561,0.0,raw,0.9784614168562347,0.5507009551054788,2.4249920196086907,1.276976844232022,0.718712414870295,0.42721441750053013,0.039526308121580915,0.9090909090909091,1.0,1.0,0.3444977828079381,1.7767563462257379,-0.5727855824994699,0.2263909090909091,0.045499999999999985,0.0027000000000000357
18706,SNIbc,r,59798.3203125,215.75538253784134,2.675866711190107,1.01036311289097,2.662214393933814,2.662214393933814,-0.013652317256292791,0.5280322666104728,0.10016754348202188,-0.0002600352306295616,0.005500031147769079,0.7884615384615384,43.92578319778113,3.0351561733768904,43.92578319778113,3.0351561733768904,853.8085946948559,52,2.9088887381794963,0.005776188049503676,0.0016812957392989866,0.05854172039237504,0.011745699481748039,0.0004707421645000957,0.000666560896909141,0.37254901960784315,0.2549019607843137,215.75538253784134,1.1863620281219482,1.3543636695696757,484.15835246363366,1.1786751557333923,20.835406454309865,0.005498643946525284,0.01086326479876875,True,41,853.8085946948559,10.63281761023245,21.345214867371396,245.19530350287096,27.060131955935503,50.4132207485153,11,782.9570595648183,0.0,0.0,0.0,4.627843339667544,2.9999948867043713,11.914061385876266,9.085920452518621,0.0,58.82031261560769,4,0,0.0975609756097561,0.0,raw,0.006428365882399259,0.0021397745308323855,-3.6297441495566236,0.003636244887975754,0.0012103766869374232,0.7030273061973159,-0.03557000248782212,0.8181818181818182,1.0,1.0,0.19886649038369214,3.0042258143424974,-0.2969726938026841,0.13548181818181826,0.045499999999999985,0.0027000000000000357
21335,SNIa,r,60532.30078125,23.64991216659541,1.5571473431444223,1.0809723976069856,1.4398154892631772,1.4398154892631772,-0.11733185388124512,0.3547698855557426,0.26875308095410894,-0.004173376941752144,0.050007461070662236,0.5384615384615384,91.82812151202961,35.02734465496178,91.82812151202961,35.02734465496178,853.8086177380028,52,4.625668721358902,0.011668674781995736,0.009297678346403604,0.044286591205459226,0.015234051391895351,0.003055947703368973,0.004483808746501467,0.27450980392156865,0.29411764705882354,23.64991216659541,1.106041967868805,1.2447351354819078,30.786815370840262,1.0009974753977695,4.196836954251863,0.04676727592380012,0.08901923196446894,True,41,853.8086177380028,9.046888566230336,21.34521544345007,245.19530472096085,26.00624785888722,50.73757422803645,11,782.9570101867575,0.0,0.0,0.0,4.638146321382506,3.0039069380727597,12.8437501120643,10.054688199306838,0.0,47.87109476702608,4,1,0.0975609756097561,0.09090909090909091,raw,0.02936187332994805,0.01282441482020446,-1.9728430445236889,0.017381311628940202,0.00759165288753622,0.6387552800474346,0.10166845150698466,0.9090909090909091,1.0,1.0,0.26248314609883205,2.289529287815094,-0.36124471995256535,0.2263909090909091,0.045499999999999985,0.0027000000000000357
23848,SNIa,r,60278.09765625,108.05307006835932,1.2286639196801867,1.0152237809546563,1.1873525531655904,1.1873525531655904,-0.041311366514596215,0.2990051278629585,0.013830720036925086,-0.0014885555747206833,0.011331670954408932,0.9038461538461539,19.06250042699685,19.06250042699685,19.06250042699685,19.06250042699685,853.8085874168246,52,3.0279475671993863,0.00627607693271028,0.0020423302510694285,0.058496732618524214,0.012597443229385068,0.0013659820985594496,0.002337855681449361,0.5294117647058824,0.5294117647058824,108.05307006835932,1.1253699660301208,1.2754707691761165,114.00436522722428,0.6406359519401668,8.306775228334486,0.010414974468732451,0.019724828580919285,True,41,841.7773571412908,9.019520927860867,21.04443392853227,245.19530846522684,21.03790420843655,51.36329877567516,11,825.8202890192479,0.09090909090909091,0.0,0.09090909090909091,6.614700088597601,4.0507948400772875,15.937487301103829,12.843750950742105,0.0,65.92968735848262,8,0,0.1951219512195122,0.0,raw,0.020015534605171536,0.012021824560818488,-1.9173613124276343,0.01822663433494319,0.0109473668643486,0.4206607757947676,0.21423854840662593,0.9090909090909091,1.0,1.0,0.3887997423905114,1.6649331808090209,-0.5793392242052324,0.2263909090909091,0.045499999999999985,0.0027000000000000357
24989,SNIa,r,60284.1015625,147.42563629150388,1.0938831725962133,1.00831514961182,1.06574633735011,1.06574633735011,-0.02813683524610326,0.27877881829568196,0.01073322303852568,-0.0017478371594338113,0.006208774490426046,0.9038461538461539,19.062500111424015,9.007812462667061,19.062500111424015,9.007812462667061,853.808575190742,52,2.507451464590965,0.0038331237096945066,0.0010158951920234754,0.05839597755695802,0.009874411275660725,0.0008564258560822389,0.001726045564287289,0.5490196078431373,0.5098039215686274,147.42563629150388,1.174866497516632,1.286359389240925,133.73292390351392,0.5921353822757915,9.506128976235928,0.007969214358305873,0.014479672331274672,True,41,837.7265470407292,9.019532294289093,20.94316367601823,245.19530776227475,18.98867160146039,51.27327256968723,11,850.7734275722396,0.18181818181818182,0.0,0.18181818181818182,5.653410607486546,3.0898423455219017,16.082028150012775,15.937523879198125,0.0,57.76953136447992,8,0,0.1951219512195122,0.0,raw,0.012080169273876428,0.006731111923214323,-2.299789469321097,0.01230697100933602,0.0068574866313120915,0.22015118097245526,-0.09477093216634769,1.0,1.0,1.0,0.3885781447578065,1.7946766316890712,-0.7798488190275448,0.3173,0.045499999999999985,0.0027000000000000357
30172,SNIa,r,59798.3203125,3.9619358539581246,7.562840019012665,1.3119350126866376,7.142298130181959,7.142298130181959,-0.42054188883070603,1.216537360584202,0.3420385334967344,0.1243753115453739,0.2288696063785363,0.6730769230769231,3.035156197787728,3.035156197787728,3.035156197787728,3.035156197787728,853.8086151877651,52,21.43666924982218,0.08181102789595707,0.06016196916976412,0.5688826967873638,0.12558022551317538,0.023538038028461314,0.032872786632882005,0.35294117647058826,0.43137254901960786,3.9619358539581246,1.1049615144729614,1.2424994500783773,25.609332697096768,0.9238670259069559,1.6188133377167264,0.2788943474107646,0.5314755260690031,True,41,853.8086151877651,10.123043644012796,21.345215379694128,245.1952926681115,22.676559368269963,50.828667407040406,11,806.7461130787851,0.0,0.0,0.0,4.721937669696424,2.9999763249143143,15.93749873006891,10.054682075700839,0.0,27.988281684512913,3,1,0.07317073170731707,0.09090909090909091,raw,0.6185312812310331,0.2877225844258374,0.8431267264583063,0.3425167069172723,0.15932871160069026,1.002179901684672,-0.0009111652413042408,0.5454545454545454,1.0,1.0,0.14700174588070802,2.1497488021850573,0.00217990168467197,-0.13724545454545456,0.045499999999999985,0.0027000000000000357
32238,EB,r,60195.28125,41.53369402885403,2.305840593876637,1.0047304740883456,2.1675395552361643,0.13830103864047275,-2.1675395552361643,0.49603120364847775,0.04663394367079378,0.011197992641299429,0.358764120656036,0.9230769230769231,411.7109348396043,411.7109348396043,778.7812718346686,0.0,853.8085948104708,52,14.604929056431752,0.05616223231503272,0.004851569224395719,1.1152980050854369,0.18919521366679004,0.015396719870485845,0.04302367051582301,0.5294117647058824,0.5294117647058824,41.53369402885403,1.2859295010566711,1.4258379672582333,70.00844494868598,0.8082685656239685,4.921174302590408,0.030961115574341117,0.05326898395228666,True,41,841.7773476510774,6.447257971649378,21.044433691276936,245.19529588665318,26.118354196860313,50.961682567554476,11,850.7734403558061,0.09090909090909091,0.0,0.09090909090909091,8.602273304515455,3.0898440221571946,27.83985040787229,12.843763346609194,0.0,26.992187538904545,9,2,0.21951219512195122,0.18181818181818182,raw,0.3846702032668331,0.21134657056227424,0.4246671230936757,0.21268645305954842,0.11685478125793111,0.6950219535994155,0.22668544892447856,0.8181818181818182,1.0,1.0,0.3594489170328219,1.8200920045375812,-0.30497804640058446,0.13548181818181826,0.045499999999999985,0.0027000000000000357
32309,SNII,r,60181.41015625,105.67731437683103,1.1291279449381961,1.0153107314308747,1.1105668756401166,1.1105668756401166,-0.018561069298079564,0.34490076495630556,0.23728483252708912,0.0009021614753314482,0.012067730977277995,0.6730769230769231,102.73828168658656,61.0273439642624,102.73828168658656,61.0273439642624,853.8086192258415,52,2.6831053600253734,0.004676780966882975,0.002538131393439296,0.02175376448344231,0.00629072438138718,0.0008252117500287035,0.0012944939806350479,0.39215686274509803,0.29411764705882354,105.67731437683103,1.15345698595047,1.2893602343705983,101.74781225743531,0.9214857499709013,16.134339945190987,0.010914896851346905,0.02031497704541077,True,41,853.8086192258415,10.56640853886347,21.34521548064604,248.1757927485014,26.1214859462496,50.73119096226345,11,809.7187411946506,0.0,0.0,0.0,4.364342939812394,3.0351575921304175,12.015624797517376,6.007811909476004,0.0,13.871093609646778,7,2,0.17073170731707318,0.18181818181818182,raw,0.019338379967187017,0.005459070554956371,-2.6072633619122354,0.010592715355462717,0.0029902391302766515,1.0075558196940342,0.03141468202590108,0.5454545454545454,1.0,1.0,0.14040634600934776,3.5424308538436855,0.007555819694034183,-0.13724545454545456,0.045499999999999985,0.0027000000000000357
33422,AGN,r,60278.09765625,345.5599197387695,1.9512593910889526,1.697087082096318,1.1369656839972142,1.1369656839972142,-0.8142937070917385,0.607362660942211,1.136950218109639,0.1516117978409215,0.4938046899198329,0.0,853.808576317555,767.9530958579344,488.78515087657433,402.92967041695374,853.808576317555,52,5.57565426698716,0.013323225228330422,0.01179001153180175,0.033907572606325924,0.016011639329517588,0.00300481909863473,0.004753364617981326,0.0196078431372549,0.13725490196078433,345.5599197387695,2.3650684356689453,2.4852382861650906,166.12194581028518,91.788213488454,81.84332415076703,0.006844163054143691,0.00903939028101723,True,41,853.808576317555,10.632819535760063,21.345214407938876,245.1953165143059,27.085541772541912,50.40983903924951,11,750.9414013120695,0.0,0.0,0.0,5.355465646238537,2.99220331646211,13.121090433145582,12.015627673143172,0.0,10.054687242518412,6,2,0.14634146341463414,0.18181818181818182,raw,0.06529693561662965,0.00029759539591423916,-1.2017086351060655,0.03754995026933791,0.00017113655045884982,1.2309368309158601,-0.4356465885884155,0.6363636363636364,0.8181818181818182,1.0,0.22863330618263888,219.41514053344721,0.23093683091586015,-0.04633636363636362,-0.13631818181818178,0.0027000000000000357
34243,AGN,r,60593.12109375,410.88084411621094,0.5038661424291097,0.39389937501408845,1.0718339219697701,-0.5679677795406605,-1.0718339219697701,0.12276364596664173,0.17586568698371297,-0.7899861580102145,0.10791928637587761,0.0,853.8085895293407,853.8085895293407,,,853.8085895293407,52,4.86089151208206,0.014467907319833308,0.011151395656585182,0.0503020603219048,0.01880048442418479,0.003030292281261001,0.004329984727748095,0.0,0.37254901960784315,410.88084411621094,2.2387009859085083,2.3170063610260305,196.71944997719598,148.15972830061207,143.25316305383157,0.005448540660793932,0.007083694349197902,True,41,838.7421925646267,9.527337862520653,20.96855481411567,245.1953132184135,20.173050679287584,50.706342463411566,11,853.8085895293407,0.18181818181818182,0.09090909090909091,0.09090909090909091,5.89950374823225,3.0351442556348047,15.937527012567443,12.84375014158286,0.0,3.0156250444124453,7,5,0.17073170731707318,0.45454545454545453,raw,0.1767312744370579,0.0004592377981003363,-0.7511943914117903,0.07923874972811279,0.00020590260023458428,1.3023388615881604,0.6067525574180704,0.5454545454545454,0.8181818181818182,0.9090909090909091,0.360279972517492,384.83608093261716,0.30233886158816037,-0.13724545454545456,-0.13631818181818178,-0.0882090909090909
35743,SNII,r,60165.3046875,248.33957519531245,1.17924000002298,1.004843236714662,1.172286831021937,1.172286831021937,-0.006953169001042964,0.3319637929297096,0.10970453827942776,4.430224386360027e-05,0.003754253213750942,0.6730769230769231,75.78124741860665,46.86328200900607,75.78124741860665,46.86328200900607,853.8085899147918,52,2.5119126957760463,0.0035832303875557776,0.0012281737368226664,0.022414390900566003,0.005200954519438491,0.00045142846614342884,0.000722195812748446,0.4117647058823529,0.29411764705882354,248.33957519531245,1.1990345120429993,1.3459455256278698,242.79969483697954,0.9537981737783912,25.543279520439675,0.004828205537115824,0.00907527780226291,True,41,834.7343841070469,8.939446414529812,20.868359602676172,251.17967695283005,28.037889813482618,51.33691286271927,11,825.8203036306222,0.2727272727272727,0.0,0.2727272727272727,6.652698347150528,3.003904365832568,19.074205807744875,15.93750638247002,0.0,46.86328200900607,6,1,0.14634146341463414,0.09090909090909091,raw,0.00899046870779036,0.003797133749658961,-3.40426982565118,0.004888064222791099,0.0020644789759156324,0.48076625983299126,0.5276209395102913,0.9090909090909091,1.0,1.0,0.471486294763902,2.3676987171173094,-0.5192337401670087,0.2263909090909091,0.045499999999999985,0.0027000000000000357
38754,SNIa,r,60287.10546875,168.8428352355953,2.474326373596353,1.0112918559338182,2.4500045256407192,2.4500045256407192,-0.024321847955633878,0.46290128962644594,0.011167746418214929,0.0055402882568794205,0.009809830414211454,0.9230769230769231,9.007812195908627,6.003906165002263,9.007812195908627,6.003906165002263,853.8085896316625,52,5.267409951954376,0.01447216381470912,0.0012207490758730883,0.2047807439412687,0.04565285095265892,0.001294816166285097,0.003127260020431209,0.29411764705882354,0.37254901960784315,168.8428352355953,1.170239508152008,1.3167427571920247,353.48807450746716,1.1462721819895831,11.519549238193573,0.006930939690269423,0.013531577336688458,True,41,853.8085896316625,10.054682470086846,21.345214740791562,245.19531749880116,25.241797840775693,50.534131558995554,11,790.8085985225625,0.0,0.0,0.0,4.5948137900168975,2.992202176101273,12.843763644777937,11.90232970227953,0.0,74.9375015537953,8,0,0.1951219512195122,0.0,raw,0.010095196482695225,0.00491550713631817,-2.2239633858322843,0.01335139739709839,0.006501001669235001,0.1563746175040705,-0.0643194972481134,1.0,1.0,1.0,0.4413050762565147,2.0537446498870846,-0.8436253824959294,0.3173,0.045499999999999985,0.0027000000000000357
43151,SNIax,r,60281.1015625,232.80617828369117,1.2531394551355575,1.005888435269594,1.2447906431393845,1.2447906431393845,-0.008348811996173064,0.3085513350252699,0.008409656613601633,0.0016375553669852117,0.0069963595194458454,0.9038461538461539,19.06250021991582,9.00781235251634,19.06250021991582,9.00781235251634,853.808617093171,52,2.653740121675096,0.005186204485431995,0.000778573989786276,0.07721267292957844,0.01574094390721292,0.001093244343752326,0.0030646691907790587,0.29411764705882354,0.29411764705882354,232.80617828369117,1.177667498588562,1.3256294624163554,246.0753589106418,0.839317937152583,12.93429359811461,0.005058574936759148,0.009600911666658163,True,41,853.808617093171,8.939460827314178,21.345215427329276,245.1953053003308,29.23515496918626,50.657359111517046,11,794.957027814562,0.0,0.0,0.0,6.810725722797955,3.003906234560418,15.937505304718798,13.89843413696508,0.0,3.003906234560418,6,2,0.14634146341463414,0.18181818181818182,raw,0.09837320845005133,0.04560021458639569,-1.623710011751868,0.03801263921193309,0.017620493754043898,0.7641103720341055,-0.37404993563235434,0.8181818181818182,0.9090909090909091,1.0,0.43350398501325893,2.157297050952911,-0.23588962796589452,0.13548181818181826,-0.045409090909090954,0.0027000000000000357
43211,SNIa,r,60195.28125,147.5648677825924,1.5257845601560966,1.0152240665226564,1.4976679554494599,1.4976679554494599,-0.028116604706636794,0.3507541972339603,0.08278850167294265,0.0018671516553263742,0.010594620809208399,0.7115384615384616,30.757813274227374,13.87109424220398,30.757813274227374,13.87109424220398,853.8085986225997,52,3.3859318681181807,0.008513193433431486,0.0017309382682712622,0.09692811881151542,0.020337857712446113,0.0012418543911884268,0.0024445500899332455,0.3333333333333333,0.3333333333333333,147.5648677825924,1.1793015003204346,1.2986913644350493,187.4017575387422,1.3385051892659465,13.240664429300676,0.007991749784629644,0.015066913211264342,True,41,850.7734397298991,10.011714411197318,21.269335993247477,251.19922473719635,25.541025337840264,51.128175297186644,11,841.7773479101888,0.09090909090909091,0.09090909090909091,0.0,4.45987470506754,3.000025692737836,14.894554071761377,6.003905549951014,0.0,16.886719032023393,10,1,0.24390243902439024,0.09090909090909091,raw,0.019251111835619512,0.007067464277415733,-2.2227471789734605,0.013755592209498346,0.005049950225495596,0.4738948525926993,0.1772296702927295,0.9090909090909091,1.0,1.0,0.3657304419221127,2.7239064931869477,-0.5261051474073006,0.2263909090909091,0.045499999999999985,0.0027000000000000357
44309,SNIa,r,59842.24609375,101.70932884216299,2.344511492893072,1.0097471883210585,2.3066777074458065,2.3066777074458065,-0.03783378544726563,0.45175971503414775,0.13096985154775204,0.005355329538554024,0.012363510688500973,0.7115384615384616,40.80078114231583,15.937500255909981,40.80078114231583,15.937500255909981,853.8085857538681,52,5.019577154625823,0.01001292811718364,0.003453769612467871,0.09866958364633213,0.022799946181232825,0.0013529283901040547,0.002365286870955867,0.3137254901960784,0.23529411764705882,101.70932884216299,1.1770815253257751,1.2979270655375261,199.31554138916601,1.0735060104385785,13.137951374796133,0.011572994716663818,0.021380791885370152,True,41,837.7265591384785,10.054703796260583,20.94316397846196,245.19530769933044,25.153512929059072,51.10909117907553,11,779.0312417355017,0.18181818181818182,0.0,0.18181818181818182,4.822086281638556,2.992242024221923,16.082026615389623,9.08594397961133,0.0,30.851562579300662,10,1,0.24390243902439024,0.09090909090909091,raw,0.017909507489201226,0.00424870211761117,-1.9409744718611948,0.018089693103376124,0.004291447849227159,0.356135874936991,0.16265048421257017,1.0,1.0,1.0,0.34807585971684984,4.215289044380178,-0.643864125063009,0.3173,0.045499999999999985,0.0027000000000000357
51318,SNIbc,r,60165.3046875,60.841648674011225,1.5878981097956806,1.0271036633219552,1.537395827972261,1.537395827972261,-0.05050228182341965,0.346217473905655,0.031010151822243856,0.0010028656707547203,0.01948722279223959,0.8076923076923077,29.976561909294105,17.96093695788295,29.976561909294105,17.96093695788295,853.8086106040864,52,4.022028031197361,0.0075315338556122,0.004555161120027572,0.03451218015587424,0.010934422000301298,0.0016870987901713836,0.0025318210029041045,0.43137254901960786,0.39215686274509803,60.841648674011225,1.1135159730911255,1.26208941753094,84.00211501117296,0.9037798109185795,6.973083205078622,0.018301870467996847,0.03488991068066321,True,41,853.8086106040864,9.019520826244843,21.345215265102162,245.19530578867125,27.115618373799954,50.468045766506144,11,768.8281510501401,0.0,0.0,0.0,6.328841312353192,3.0000050449598348,12.96485277370084,11.90235189726809,0.0,73.01562302708044,7,0,0.17073170731707318,0.0,raw,0.019253413698567437,0.008753158274137671,-2.363288711406802,0.011985027218100604,0.005448739730123191,0.7155694882825528,0.07118545484299772,0.8181818181818182,1.0,1.0,0.2086525456876568,2.1995962023735043,-0.28443051171744715,0.13548181818181826,0.045499999999999985,0.0027000000000000357
53354,SNIbc,r,60209.1796875,16.735626459121672,1.8416276434391685,1.1059513378613837,1.7241306399429446,1.7241306399429446,-0.11749700349622402,0.3701637235117135,0.10723346653620994,0.024962375865107623,0.06354132003891297,0.6346153846153846,31.050781589074177,16.886718678339093,31.050781589074177,16.886718678339093,853.8085842222717,52,6.7973364363391156,0.02333940067165011,0.009779249623412803,0.09002145329338752,0.035418145382477555,0.00573384375745818,0.009950529140866663,0.39215686274509803,0.39215686274509803,16.735626459121672,1.1217315196990967,1.2624425807824502,25.72309492074511,0.9080848479198662,2.237432698727609,0.06702656290991141,0.12778300889224584,True,41,853.8085842222717,10.564453419374331,21.345214605556794,245.19531677231862,27.04531275076006,50.43340026629044,11,781.8828098060621,0.0,0.0,0.0,4.508877792150915,2.999993662473571,11.90235952292278,9.085937458388798,0.0,25.914062647963874,9,3,0.21951219512195122,0.2727272727272727,raw,0.04865445083212072,0.02554842365904653,-1.1762967925995074,0.035279243163475034,0.01852510993949892,0.46384600541850396,-0.18483565073373728,0.9090909090909091,1.0,1.0,0.36344594967238397,1.9044012844562526,-0.536153994581496,0.2263909090909091,0.045499999999999985,0.0027000000000000357
55155,M-dwarf,r,60596.13671875,56.040899658203124,0.132815565697181,0.07659497120426284,1.0333999428866487,-0.9005843771894677,-1.0333999428866487,0.02335910927629015,0.026113001063741703,-0.9648949270623077,0.022683081525813022,0.0,853.8085655546456,853.8085655546456,,,853.8085655546456,52,1.3649108731121917,0.005719020363898772,0.0031642448432837493,0.027355756819315468,0.00843528658374593,0.00172943092519782,0.002751183369637255,0.0,0.47058823529411764,56.040899658203124,1.258955478668213,1.3958551367888083,46.000564346696734,42.650881447064556,41.364177698520535,0.02246494054068831,0.039193887204371156,True,41,853.8085655546456,10.011704485958035,21.34521413886614,245.19531720768282,25.153499908361848,50.54196505401536,11,754.0234504718392,0.0,0.0,0.0,5.638852682699508,3.089854915480828,12.843750573389116,10.191405729063263,0.0,25.128905825986294,9,3,0.21951219512195122,0.2727272727272727,raw,0.01738556987150979,0.0003383279967154446,-2.642143573562401,0.009436257312585178,0.00018363217637692322,0.6484663406033917,-0.001223944523366191,0.9090909090909091,1.0,1.0,0.2567064228792636,51.38673133850097,-0.3515336593966083,0.2263909090909091,0.045499999999999985,0.0027000000000000357
56769,M-dwarf,r,60608.08203125,51.239695549011,59.02315530903752,1.2829567746036745,58.719642634297394,58.719642634297394,-0.30351267474012866,8.092409870979916,0.04178355093733416,-0.22809340405777534,0.4143493538721246,0.9807692307692307,0.0,0.0,0.0,0.0,853.8086305199467,52,130.11118912856992,0.8009738286361165,0.00636685514598551,19.713260346374167,3.902915007121701,0.3958890441072689,1.9615953897097542,0.19607843137254902,0.47058823529411764,51.239695549011,1.395527958869934,1.7816118093637319,2156.013136250285,8.047170487186392,13.963512062907645,0.02723528982593398,0.04697880360622825,True,41,853.8086305199467,10.123037017958268,21.34521576299867,245.19532290902134,25.153510857382937,50.824166290419065,11,710.1874680051333,0.0,0.0,0.0,4.35796677766815,3.0000034004769986,12.843750936444849,9.085918663222401,0.0,40.75390722727025,12,1,0.2926829268292683,0.09090909090909091,raw,0.4497528394180159,0.03933493908832356,1.7772134064402003,0.6690161162679247,0.058511488702457926,0.09926352231039455,0.01191822494559097,1.0,1.0,1.0,0.4322028286206671,11.43392744064331,-0.9007364776896054,0.3173,0.045499999999999985,0.0027000000000000357
56987,SNIbc,r,59902.13671875,216.96896438598634,1.0947607278486267,1.010628588301904,1.0744380232440844,1.0744380232440844,-0.02032270460454214,0.346634963676216,0.032119734829271974,-0.0017339346443207783,0.00877153146470786,0.7692307692307693,60.027343375229975,48.94921864929347,60.027343375229975,48.94921864929347,853.8085750322498,52,2.512046222687357,0.006572565642443569,0.0025805381595397562,0.040580774599820534,0.011570438650068533,0.0007673845144064692,0.0011316608441594733,0.43137254901960786,0.27450980392156865,216.96896438598634,1.1912309527397156,1.343742378629171,195.69648074039935,1.4147090483979972,25.447453242125846,0.005490328794769577,0.009795306830380886,True,41,853.8085750322498,10.123039839418198,21.345214375806243,248.19919475587085,18.57928045776499,50.79022928043965,11,708.8515644372383,0.0,0.0,0.0,4.186797528010422,3.015643179154722,12.843751920590876,6.003907550708391,0.0,6.007812319745426,12,3,0.2926829268292683,0.2727272727272727,raw,0.008961455727898457,0.0028000025823524816,-2.921163320762681,0.006746206661762468,0.002107849064657284,0.5067117282668062,0.3107860911701908,0.9090909090909091,1.0,1.0,0.30853281083687834,3.200516951084131,-0.4932882717331938,0.2263909090909091,0.045499999999999985,0.0027000000000000357
59644,SNIa,r,59933.125,3.614054250717161,10.999729972252695,1.48786954341522,10.372148663139019,10.372148663139019,-0.6275813091136769,1.5975590983052872,0.44933643478219704,-0.03385034924630977,0.38171892810646196,0.7692307692307693,3.0000000724903657,0.0,3.0000000724903657,0.0,853.8085661058649,52,37.99592123902417,0.14437715717360067,0.054763383771670865,1.8085463956336947,0.32972507164513903,0.03642426840733386,0.06924071917794933,0.45098039215686275,0.5294117647058824,3.614054250717161,1.1217774748802185,1.2625477520319133,33.41617103614113,0.5543641710353078,2.09121933213919,0.3103930923719855,0.5916291813943787,True,41,853.8085661058649,11.490237649475603,21.345214152646623,245.19530552115611,25.03710838593761,50.41649214919001,11,743.9648573546438,0.0,0.0,0.0,4.1608703212246345,2.9960941358076525,12.843777786511055,5.980466588262061,0.0,9.019531007565092,8,2,0.1951219512195122,0.18181818181818182,raw,0.6393227893928898,0.35893792679031505,1.2186156736643012,0.418752732691409,0.23510226790564798,0.6462796904083482,-0.1085432121598206,0.7272727272727273,1.0,1.0,0.1969367766054404,1.7811513960361465,-0.3537203095916518,0.04457272727272732,0.045499999999999985,0.0027000000000000357
67514,SNIa,r,60165.3046875,8.445574283599848,1.7943800897635032,1.1656516856444739,1.4630430033831407,1.4630430033831407,-0.33133708638036236,0.39035767759139045,0.3114109714325508,0.010273191504203482,0.1224141624601348,0.34615384615384615,608.1562293353563,84.86718972150265,372.9765452737047,84.86718972150265,853.8086024144941,52,11.8963975652075,0.03913403584775715,0.026555098244134424,0.17813375169471665,0.053542319645727525,0.01234436682091702,0.020038573661248504,0.43137254901960786,0.39215686274509803,8.445574283599848,1.1103219985961914,1.2491065573233824,11.128518016211197,0.9210449570960362,2.0217732890911786,0.13146790985573178,0.25072637912452345,True,41,853.8086024144941,9.50391191188828,21.345215060362353,248.17580154290772,26.227347297957024,50.93132221972985,11,757.0195185950652,0.0,0.0,0.0,7.453481548653641,2.999994522695488,17.152342372552084,14.062499577928975,0.0,29.976562312855094,5,2,0.12195121951219512,0.18181818181818182,raw,0.2673901531506423,0.13481353154678158,-0.053791265763136316,0.1427354896188419,0.07196478705681475,1.1875821938214133,0.0993518871668161,0.5454545454545454,0.9090909090909091,1.0,0.1998298193281557,1.9834073781967159,0.18758219382141328,-0.13724545454545456,-0.045409090909090954,0.0027000000000000357
72428,SNIa,r,60538.28125,22.806391525268502,1.6135048046780944,1.1057821997507529,1.461497902496135,1.461497902496135,-0.15200690218195936,0.35984957084779284,0.277332372337775,0.00455611320406958,0.063571618795034,0.5,103.74609180902189,35.02734326623613,103.74609180902189,35.02734326623613,853.8085760946415,52,5.846824898982355,0.014404211112142499,0.011091745458067804,0.053202954646527016,0.01978084285425389,0.004168636795727055,0.006480664560125772,0.2549019607843137,0.2549019607843137,22.806391525268502,1.1066105365753174,1.2446901523149931,30.120347020043905,1.0684487116349217,4.190117471524812,0.04852194768949925,0.0923184007752573,True,41,853.8085760946415,10.123060511952644,21.345214402366036,248.19922138005495,28.0941389702959,50.89191191486962,11,822.7734206749155,0.0,0.0,0.0,7.077060171227706,3.035156928934157,13.898446299543139,13.058594450354576,0.0,57.85546815916314,5,0,0.12195121951219512,0.0,raw,0.07140215815321199,0.0275189088600219,-1.2108822757137767,0.04128186507134395,0.01591032976947815,1.136126015982296,0.29255431843745683,0.45454545454545453,0.9090909090909091,1.0,0.23464331469841815,2.5946580410003643,0.1361260159822959,-0.22815454545454544,-0.045409090909090954,0.0027000000000000357
72525,SNIa,r,60241.0859375,227.37630462646422,1.526336681336275,1.0100880841469657,1.5104607919821444,1.5104607919821444,-0.015875889354130666,0.3547398306156561,0.016393838817869096,0.002731445456710308,0.008614065923380876,0.8269230769230769,45.781249308696715,11.851562293835741,45.781249308696715,11.851562293835741,853.8085995187212,52,3.328582990910217,0.007544775373335716,0.0012849259849086686,0.10085953944888838,0.01904816258842147,0.0011292572233099578,0.0023225934931391298,0.35294117647058826,0.3333333333333333,227.37630462646422,1.1396254897117615,1.3099415199114726,301.36478717313304,1.3903045176422277,16.374405633087974,0.005012067953096292,0.010820734286129521,True,41,838.7421959809872,9.019543090958905,20.96855489952468,248.17579270703573,18.98867020007239,50.86981558664804,11,853.8085995187212,0.18181818181818182,0.09090909090909091,0.09090909090909091,4.984374659143875,2.999997666454874,15.937511868447473,12.031234075060638,0.0,43.01562443781586,12,1,0.2926829268292683,0.09090909090909091,raw,0.009693254152065883,0.004384925625944926,-2.462993290050301,0.011548756596504207,0.005224297016602935,0.15311666911470972,0.09354636266359175,1.0,1.0,1.0,0.4230174550099609,2.2105857610702446,-0.8468833308852903,0.3173,0.045499999999999985,0.0027000000000000357
80205,SLSN-I,r,60532.30078125,291.9653610229486,1.3852551846788899,1.006269414731653,1.375449528523001,1.375449528523001,-0.009805656155888798,0.33631691202237396,0.1967933674176233,-0.0009723020026599558,0.004521888928033517,0.6923076923076923,78.77344156586332,35.02734267134656,78.77344156586332,35.02734267134656,853.8085907539717,52,2.8016691064077026,0.0036930664689128027,0.0009321049825798965,0.019443640500927853,0.005585500694105074,0.0004010421261065238,0.0006094581019675618,0.23529411764705882,0.2549019607843137,291.9653610229486,1.193633496761322,1.3724840730428696,336.4379596029072,0.9267769518476183,28.22579278661199,0.004088270925630462,0.008614758928599116,True,41,853.8085907539717,10.011686307985656,21.345214768849292,245.19531408361217,26.44178534127059,50.93192217752783,11,797.8203387178364,0.0,0.0,0.0,6.8561864207625725,2.9961355482737417,15.937506979236787,12.843749036495865,0.0,47.871091707842425,4,1,0.0975609756097561,0.09090909090909091,raw,0.004814066632860598,0.0013191900685885138,-3.7896792454614268,0.0029684218350377626,0.000813431325905061,0.6787167406454014,-0.18892075402149244,0.8181818181818182,1.0,1.0,0.2646668631968393,3.6492593050002844,-0.32128325935459856,0.13548181818181826,0.045499999999999985,0.0027000000000000357
86456,SNII,r,59798.3203125,34.55372562408444,1.6004183476825662,1.0459489783252898,1.4701729710235663,1.4701729710235663,-0.1302453766589999,0.3670695980537413,0.3520929956877998,0.009882899965128823,0.042740742489210524,0.5769230769230769,131.80468845027644,55.82812683915836,131.80468845027644,55.82812683915836,853.808615344984,52,3.1377166770758245,0.009770239707039939,0.007570785074591253,0.04746341938368613,0.013975962094346556,0.0025644870349364204,0.004405386439732569,0.27450980392156865,0.2549019607843137,34.55372562408444,1.1140645146369934,1.2476314226022134,45.598753746542236,1.2177086648066044,6.867316953155389,0.03224151649396887,0.06106373296759175,True,41,853.808615344984,9.527334273840097,21.3452153836246,245.1953053420948,25.250390745500777,50.31849714066478,11,751.1601366502946,0.0,0.0,0.0,3.508874940311547,2.988284494713298,10.054683107438905,3.1093663468636805,0.0,71.78515518434142,4,0,0.0975609756097561,0.0,raw,0.04609993250779833,0.01621430409772961,-1.6706330819531046,0.02663165904367858,0.00936690782113855,1.1951451060098783,0.3876446124668997,0.36363636363636365,0.9090909090909091,1.0,0.29028580057825426,2.8431644201278683,0.19514510600987833,-0.3190636363636363,-0.045409090909090954,0.0027000000000000357
94107,EB,r,59798.3203125,893.9111297607357,2.9934872905667875,1.0683845991195682,2.9195288318032118,0.07395845876357593,-2.9195288318032118,0.6001124893148373,0.03860246602397864,0.04427983490288003,0.5634924596494237,0.9230769230769231,837.7265968692082,837.7265968692082,850.7734436536266,850.7734436536266,853.8085999915784,52,13.914350671493757,0.057813774160844086,0.0043631779618006255,0.9813146702825885,0.1854496899456415,0.0161525813685599,0.05199874831470133,0.21568627450980393,0.49019607843137253,893.9111297607357,5.275194883346558,5.689891365858225,494.73040790307374,7.527222021782354,16.55749716307951,0.005901252045892433,0.008687520977373209,True,41,853.8085999915784,10.123074203274882,21.34521499978946,245.19533755266457,26.887890288116616,50.755773786189,11,822.7734422094436,0.0,0.0,0.0,6.662986437496412,5.9843213337881025,11.914064780394256,11.86718715175084,0.0,3.0351563379517756,3,1,0.07317073170731707,0.09090909090909091,raw,0.5637339586668897,0.017805582143428512,1.1379852875445111,0.2959469832429497,0.009347509120602676,1.3940755067039636,0.5615925833715969,0.6363636363636364,0.9090909090909091,0.9090909090909091,0.3528128375857511,31.660518264770488,0.39407550670396363,-0.04633636363636362,-0.045409090909090954,-0.0882090909090909
95566,SNIa,r,59801.35546875,40.0299019813536,3.7189280240838403,1.038102696603521,3.6730815974010205,3.6730815974010205,-0.045846426682819866,0.6852466222406618,0.1594613673305943,0.0012939327324602672,0.03589842330905028,0.7884615384615384,27.988280585283064,3.0351563045478542,27.988280585283064,3.0351563045478542,853.8086093080055,52,5.187812553458951,0.012158313938991352,0.004793061520215432,0.14465549944436268,0.026758779109486035,0.0024685285931468305,0.004240102737301426,0.21568627450980393,0.13725490196078433,40.0299019813536,1.10504549741745,1.2488638082375894,133.05614715149804,1.5436528935570824,6.869624757764858,0.02760550095606512,0.0525175258930777,True,41,853.8086093080055,10.978515555336344,21.345215232700138,245.1952876803407,18.625007052854937,50.28523713704559,11,768.9375235214757,0.0,0.0,0.0,4.015274203389047,3.0898270206162124,7.043023558253481,6.007819783480954,0.0,65.75390500613139,4,0,0.0975609756097561,0.0,raw,0.021367497254652326,0.008311437611328507,-2.1390418908523863,0.014141487101820137,0.005500695115455968,0.7044540859066576,-0.19548361319129837,0.8181818181818182,1.0,1.0,0.2352781961787953,2.570854556560514,-0.2955459140933424,0.13548181818181826,0.045499999999999985,0.0027000000000000357
95580,SNIa,r,60535.28125,8.469365525245655,1.8137533161983606,1.2348444034873014,1.3502295831852074,1.3502295831852074,-0.46352373301315314,0.3758933130389234,0.45167117669286844,0.009853217419095468,0.172751792711076,0.23076923076923078,853.808601308905,47.87109526677523,468.8632904554179,47.87109526677523,853.808601308905,52,10.150203525382997,0.03748428355436608,0.024773565246607444,0.25215866900301936,0.05581196778863982,0.012204980178701705,0.01875374836852668,0.29411764705882354,0.3333333333333333,8.469365525245655,1.1116085052490234,1.2490676022492921,10.28742388079677,1.1341640011508856,2.0613372933467513,0.13125050535787108,0.24991435641766788,True,41,853.808601308905,6.44728292941727,21.345215032722628,248.28517347291927,27.300397234557042,52.55048227976761,11,690.984384363197,0.0,0.0,0.0,8.257814418849938,10.054681231405993,16.10548800167453,13.12110729428241,0.0,32.046875743355486,4,1,0.0975609756097561,0.09090909090909091,raw,0.16900123462537595,0.07682339655612361,-0.42249160167909383,0.09724597791764972,0.0442053949583034,1.0565184841119686,-0.06728803926662913,0.5454545454545454,1.0,1.0,0.22259156935863883,2.1998667359352106,0.05651848411196858,-0.13724545454545456,0.045499999999999985,0.0027000000000000357
103100,SNIa,r,60538.28125,77.2064020156858,1.8385281829674405,1.023298680809566,1.7926074584670852,1.7926074584670852,-0.04592072450035521,0.38241678117304123,0.0845666826537621,0.0004690478960263185,0.018250824358456604,0.8076923076923077,35.02734416234307,5.9804690017408575,35.02734416234307,5.9804690017408575,853.8086271088905,52,4.317767031107651,0.008274058497745719,0.0030648937460689934,0.0872481395848357,0.016948320658398706,0.0016904544151069706,0.002799828176447778,0.43137254901960786,0.27450980392156865,77.2064020156858,1.1435149908065796,1.2612974815643752,121.0310080824611,1.2055846453266739,7.841926575955662,0.014811142093815679,0.027415362333048997,True,41,853.8086271088905,9.447263571342774,21.345215677722262,251.28513149797072,27.05742065652303,52.58988023692986,11,767.1171947980038,0.0,0.0,0.0,7.385299325581979,3.0898495488945628,16.105459896774846,13.898471818603866,0.0,54.83984313427209,5,0,0.12195121951219512,0.0,raw,0.0312086575625429,0.012827464133068423,-2.0050267950440808,0.019271404945871044,0.0079209833118133,0.4030096427375123,-0.21665232177524826,1.0,1.0,1.0,0.3529821866694447,2.4329561352729785,-0.5969903572624877,0.3173,0.045499999999999985,0.0027000000000000357
114191,M-dwarf,r,60538.28125,3.3101033210754394,2.112069138134952,1.6685990729653033,1.1052177782738395,1.0068513598611124,-1.1052177782738395,0.47780060924545603,0.49964551289063813,0.18232210805345908,0.4789495305219648,0.09615384615384616,841.77737061472,794.7812366560611,825.8086178385929,797.8164315126123,853.8086230718836,52,25.691422267910642,0.10861280935759231,0.06473729473365107,0.4594178784691716,0.1630781152746356,0.032894908943839916,0.061832420737803144,0.47058823529411764,0.45098039215686275,3.3101033210754394,1.3961695432662964,1.530895159794734,2.620301421142001,0.7003005899109229,0.8442043836266993,0.4217903212799673,0.6894411510414792,True,41,853.8086230718836,10.011723876272299,21.34521557679709,251.17968977906276,25.43006649538002,51.202157343893326,11,733.9101447788271,0.0,0.0,0.0,4.571380662467908,2.992186418698111,12.843747228202119,11.851559912567609,0.0,5.980468943249434,3,2,0.07317073170731707,0.18181818181818182,raw,0.46024483450171305,0.22320211525234884,0.6083074613964413,0.25319443380405526,0.12279015202065371,0.857914331859051,-0.23850132538455193,0.8181818181818182,0.9090909090909091,1.0,0.22989542715876943,2.062009286880491,-0.14208566814094903,0.13548181818181826,-0.045409090909090954,0.0027000000000000357
115053,SNII,r,59854.1484375,137.37921295166012,1.14295692980798,1.0125937412191763,1.1280099447267251,1.1280099447267251,-0.014946985081254966,0.36048518343094976,0.5295106688724667,-0.0008296233229668108,0.007408357684045435,0.6923076923076923,78.97656236249168,59.90234402974602,78.97656236249168,59.90234402974602,853.8086212768321,52,2.593554998940447,0.005412666633829316,0.002250324903354119,0.08175617172982769,0.013146831786519783,0.0009631343985043341,0.001986427405149343,0.37254901960784315,0.35294117647058826,137.37921295166012,1.2011300325393677,1.3101922686283405,129.01610500953322,1.2084502448122763,23.256921647558162,0.008743171595851343,0.016156124855734585,True,41,853.8086212768321,11.88476585355238,21.345215531920804,245.1952923185745,25.15351392744342,50.35530519017801,11,737.9804351109342,0.0,0.0,0.0,3.4687571442230944,3.000021012048819,9.085928590873664,3.1093759421128198,0.0,12.960937926123734,9,3,0.21951219512195122,0.2727272727272727,raw,0.014398918300405527,0.004771591414946608,-2.2971547870882754,0.011556183372254381,0.0038295505411017412,0.39556437131080624,0.04881840352410587,1.0,1.0,1.0,0.2981115082381002,3.0176343798637344,-0.6044356286891938,0.3173,0.045499999999999985,0.0027000000000000357
116720,SNIa,r,59798.3203125,4.102859592437744,2.7235214933075134,1.433467550405667,2.0822711827948943,2.0822711827948943,-0.641250310512619,0.5053098543626832,0.6674435695105815,0.0006663645280810506,0.3291132257591693,0.15384615384615385,853.8085899737198,27.988281423306034,853.8085899737198,27.988281423306034,853.8085899737198,52,18.604574914587676,0.06867542868385057,0.03429249425396314,0.6394945281021727,0.12169305412413678,0.01993042502803713,0.03441720498111178,0.27450980392156865,0.27450980392156865,4.102859592437744,1.1218894720077515,1.2615942760155752,7.6150694961933745,1.1563884920851346,1.5303290343713116,0.273440864044088,0.5212486048578248,True,41,853.8085899737198,9.57031754378113,21.345214749342993,245.19528230516153,27.84843756237897,50.50315840206959,11,793.8007704122865,0.0,0.0,0.0,5.998222895618793,3.0156690182266175,11.988269145025697,11.902346859256795,0.0,43.92577989785059,3,1,0.07317073170731707,0.09090909090909091,raw,0.29075408967350735,0.1562229305418003,0.30768381793386657,0.1742459737357788,0.09362281604595861,1.0105559238563502,0.02279286487971238,0.7272727272727273,1.0,1.0,0.22497725849724748,1.8611486077308654,0.01055592385635018,0.04457272727272732,0.045499999999999985,0.0027000000000000357
123493,SLSN-I,r,59801.35546875,7.90138154029845,2.571811778016369,1.3081274537996772,2.0224040362675444,2.0224040362675444,-0.5494077417488246,0.46214438740525354,0.33553145398348233,0.04299716402106242,0.1915399751609624,0.34615384615384615,469.7226449255031,27.98828161170968,88.96484560894169,27.98828161170968,853.8085906264387,52,11.49596682089381,0.04463977386339806,0.028555598070984147,0.21846494155708748,0.06576904685642676,0.014033055810648908,0.020634845407324406,0.43137254901960786,0.27450980392156865,7.90138154029845,1.1205140352249146,1.2598535601909344,14.261120714995702,1.1396076049937494,1.9928169580040889,0.14181241970281955,0.2702156624710185,True,41,853.8085906264387,9.527329951270076,21.345214765660966,245.19534174335422,26.10386510546669,50.433337085961746,11,769.9805004999944,0.0,0.0,0.0,4.709516826980689,3.0000062462640926,12.843730041291565,12.015645199280698,0.0,52.792970535650966,4,0,0.0975609756097561,0.0,raw,0.12988109311553023,0.05827485616398561,-0.6331292976519908,0.07365225449781862,0.0330461842756113,0.9252349066761801,0.188656245968681,0.7272727272727273,1.0,1.0,0.1757637950783048,2.2287672877311695,-0.07476509332381986,0.04457272727272732,0.045499999999999985,0.0027000000000000357
124183,M-dwarf,r,59933.125,4.754248738288878,4.483109461525411,1.3412207415618393,3.8108227996975756,3.8108227996975756,-0.6722866618278354,0.6570421961345791,0.4300661686015099,0.03948089603084176,0.379384605688527,0.4807692307692308,741.9882926443752,0.0,741.9882926443752,0.0,853.8086008619721,52,29.574906872928572,0.112048133266283,0.05335101316606196,1.3477162015006412,0.23430999424779203,0.033656665463365314,0.0756325409706039,0.45098039215686275,0.47058823529411764,4.754248738288878,1.1950504779815674,1.3354192548073256,15.160530723275553,0.7314535697707543,1.426662047654818,0.2513647357903455,0.4562397068577788,True,41,850.7734489482755,9.005834500196215,21.269336223706887,245.19531190344424,28.337904786664883,50.657099981885146,11,797.8164200444444,0.09090909090909091,0.09090909090909091,0.0,5.8164128019568375,3.035151913696609,15.93750503865158,12.015618788202119,0.0,60.02734541742393,10,0,0.24390243902439024,0.0,raw,1.1332998266873486,0.6054111760904352,1.6481601843380411,0.6529241602724617,0.3487934741187087,0.9151596237193937,0.45142414827280414,0.8181818181818182,0.9090909090909091,1.0,0.2668935814451534,1.8719506204128258,-0.08484037628060626,0.13548181818181826,-0.045409090909090954,0.0027000000000000357
128518,SNIa,r,59933.125,3.9032383799552886,4.691023887444329,1.4536678358959536,3.5777112057954548,3.5777112057954548,-1.1133126816488748,0.6393214657902301,0.39379212153637755,0.1231866867744138,0.3720680130478451,0.5,448.81642199717317,0.0,320.04688910931145,0.0,853.8085762887495,52,27.712817142320628,0.11034755387568689,0.05638478708906618,0.9445526921271136,0.20666603935736044,0.02894308341515092,0.053486484281989675,0.49019607843137253,0.49019607843137253,3.9032383799552886,1.110772967338562,1.2485462094728763,12.572019756941497,0.7035101976847862,1.3632432341598784,0.28457728153187656,0.542292746103902,True,41,850.7734242670267,9.460923907634424,21.269335606675668,245.19529929036798,28.14882328189124,50.503033062315446,11,841.7773344732268,0.09090909090909091,0.09090909090909091,0.0,4.71554670708164,3.0351520217227517,13.058596421484253,11.902341929911927,0.0,48.94921896279993,9,1,0.21951219512195122,0.09090909090909091,raw,0.45068078224135916,0.25036883481751515,0.679137426996093,0.26492947788499355,0.14717753075025913,0.7494391962649687,0.21765770672305493,0.7272727272727273,1.0,1.0,0.2185824847475736,1.8000674188137042,-0.2505608037350313,0.04457272727272732,0.045499999999999985,0.0027000000000000357
129637,RRL,r,60538.28125,1692.7299011230468,2.067550651316761,1.931913127150167,1.0645305948451491,1.0030200564716123,-1.0645305948451491,0.6649365059564948,1.1202784031594328,-0.32139622641659105,0.6613513238842306,0.057692307692307696,853.8085706817656,853.8085706817656,837.7265432350978,837.7265432350978,853.8085706817656,52,48.52907612959909,0.23010138918658146,0.15289912983851964,0.7229933187615548,0.30943145308097264,0.08300267964383197,0.12852696739867545,0.6862745098039216,0.6470588235294118,1692.7299011230468,7.435383081436157,7.724885078576895,242.34968781280807,137.045052047173,124.00242967284986,0.0043925395755714655,0.006141799720364981,True,41,853.8085706817656,10.564418908001244,21.34521426704414,245.1953183232472,22.581250344704323,50.700549387834066,11,838.7421652194535,0.0,0.0,0.0,4.306818816261842,3.0351572754225344,10.191403185534,8.925785944949894,0.0,82.98437112780812,5,0,0.12195121951219512,0.0,raw,1.8336960137422083,0.002005213754183348,2.750493135203162,1.165234186481851,0.0012742262621870633,1.6057420715548911,-0.9657352830889244,0.36363636363636365,0.7272727272727273,0.8181818181818182,0.42823263482815044,914.4641113281248,0.6057420715548911,-0.3190636363636363,-0.22722727272727272,-0.17911818181818173
131181,EB,r,60284.1015625,4.957232761383056,5.677524448516155,1.713525795986803,4.654078820896042,1.0234456276201127,-4.654078820896042,1.0372407289379988,0.6299338946570353,0.31836309864998424,0.4141602514237073,0.3076923076923077,482.74607964429015,60.85937290441507,834.6913836019521,809.7187294768737,853.8085717266222,52,46.28391379611736,0.20428422207802435,0.07204042268079891,1.7625958044596939,0.4265332906648684,0.0708388217010498,0.17818189263752252,0.37254901960784315,0.5882352941176471,4.957232761383056,1.4224064946174622,1.5559787085423102,16.219942816845492,1.3770951441021086,1.9892316290995564,0.2869355874709047,0.4624739658847643,True,41,853.8085717266222,10.011702732914273,21.345214293165554,248.19921142024396,29.114460314963072,50.90696106296638,11,813.7890542999521,0.0,0.0,0.0,5.341623932525346,3.0234272467860137,15.937490859869285,11.851563322874426,0.0,3.0039061444695108,5,3,0.12195121951219512,0.2727272727272727,raw,2.5988890055419405,1.1338153927274726,6.951108735302367,1.3392999019568832,0.584295382018616,3.4883748686761358,-0.36600651009367036,0.6363636363636364,0.8181818181818182,0.8181818181818182,0.43058259208816374,2.2921623945236185,2.4883748686761358,-0.04633636363636362,-0.13631818181818178,-0.17911818181818173
131629,SLSN-I,r,59798.3203125,56.531487083434925,3.2979095592202974,1.02871905598035,3.260302853960567,3.260302853960567,-0.03760670525973036,0.6290217665276923,0.08634405289823975,-0.0020160092312401985,0.019325692864310247,0.8269230769230769,43.925779704979504,3.0351562095602276,43.925779704979504,3.0351562095602276,853.8085778125096,52,4.226591404065607,0.01000121889269403,0.005421994625941061,0.0799821890230595,0.017001524730802506,0.0017293698496088142,0.0024169493114180275,0.3333333333333333,0.3333333333333333,56.531487083434925,1.1059060096740723,1.2539425114026437,166.65952356211247,1.0987481251533557,8.185988066839098,0.01956265555232721,0.037238787370072794,True,41,853.8085778125096,9.019552104989998,21.34521444531274,245.19529034187144,25.64843566158453,50.635719982034104,11,726.0468889183539,0.0,0.0,0.0,6.943177186368055,3.015587643807521,14.75392750325409,14.0624929839978,0.0,115.73046598594374,4,0,0.0975609756097561,0.0,raw,0.027642759446720736,0.010372406782231905,-2.0597580242725773,0.016527826466130047,0.006201744788296685,0.9585000537552311,0.4550601673147224,0.7272727272727273,1.0,1.0,0.23644946339562845,2.6650284767150874,-0.04149994624476894,0.04457272727272732,0.045499999999999985,0.0027000000000000357
133513,SNIa,r,60532.30078125,65.83604927062945,2.354812584276843,1.0249346027192137,2.305520275246244,2.305520275246244,-0.04929230903059867,0.4845780999186773,0.09571275829383209,0.0018523969512295301,0.016689449553891147,0.8076923076923077,5.980468541296432,5.980468541296432,5.980468541296432,5.980468541296432,853.8085827005125,52,5.18828627356801,0.007648608520210106,0.0020800757121058706,0.0758801338938591,0.016845577313318084,0.001122099827428725,0.0017375976932344679,0.29411764705882354,0.29411764705882354,65.83604927062945,1.155170977115631,1.2761761511747653,131.39729913795546,0.7363275760512363,7.333146511188569,0.01754617705517412,0.03247715239320034,True,41,841.7773292191341,9.527354043588275,21.044433230478354,245.19531549774547,27.93202569217028,50.822075944256795,11,850.7734211521674,0.09090909090909091,0.0,0.09090909090909091,5.121450686850452,3.0351615483450587,12.031253481378371,10.054708634335839,0.0,72.78906036702392,5,0,0.12195121951219512,0.0,raw,0.008729550585263021,0.0037384646492756263,-2.8982483547567592,0.006669070243036515,0.0028560557732740166,0.44588188253237326,-0.17975864348147128,0.9090909090909091,1.0,1.0,0.30513992425478575,2.3350630283355707,-0.5541181174676267,0.2263909090909091,0.045499999999999985,0.0027000000000000357
143651,SNIa,r,60532.30078125,4.18487136363983,2.690027684580722,1.3920991092117534,1.9060133959354129,1.9060133959354129,-0.7840142886453092,0.48032410079170074,0.5523458895974562,0.05918389584879532,0.32433174698579315,0.17307692307692307,764.8437696764886,35.02734329295345,764.8437696764886,35.02734329295345,853.8086041186762,52,18.656734448347578,0.0723764791091119,0.04361454816138837,0.41854366477180033,0.10728883491137335,0.022289505509919573,0.038000068061879756,0.47058823529411764,0.3333333333333333,4.18487136363983,1.110362470149994,1.2485955575337777,7.183618947681575,1.0687678177139277,1.3982034934266219,0.2653277421612898,0.5058422836149725,True,41,853.8086041186762,10.634770510634553,21.345215102966904,245.19531157168967,22.267203692386833,50.38752988425681,11,782.9570157252238,0.0,0.0,0.0,3.977987170489293,2.9922208586285706,10.054700135391613,5.980468715541065,0.0,2.9804688418953447,3,2,0.07317073170731707,0.18181818181818182,raw,0.356651452907849,0.18333034551225733,0.3763580325378523,0.20442715756406332,0.10508214987698879,0.9118196034558687,0.1101955148147848,0.7272727272727273,1.0,1.0,0.11806949744156614,1.9454032659530638,-0.08818039654413135,0.04457272727272732,0.045499999999999985,0.0027000000000000357
143865,EB,r,60278.09765625,2.8178462743759125,32.483816202279165,1.5529062640064295,31.017853017655927,1.4659631846232388,-31.017853017655927,4.277287589481059,0.5729520394653524,0.00709868400423326,0.4563803071764593,0.9807692307692307,0.0,0.0,813.7890636304073,410.90232830400055,853.8085918565921,52,90.14361675229047,0.3780976145246005,0.0796254441675401,10.234190819203592,1.5008935716302276,0.15147720145809518,0.5615032316360459,0.5490196078431373,0.5490196078431373,2.8178462743759125,1.294462502002716,1.4325270927869356,67.52110735514995,0.6949025244191129,1.6159356122310524,0.4593800995369804,0.7905569652698512,True,41,853.8085918565921,9.019530734065484,21.3452147964148,248.285154292651,25.175770068426214,52.6560962210528,11,822.7734472863958,0.0,0.0,0.0,7.436079013412051,3.0351739334582817,16.105462764760887,13.121087586587237,0.0,109.80859173511999,8,0,0.1951219512195122,0.0,raw,0.6604526676053059,0.33905691886121386,2.2912690621051994,1.1570584269786293,0.5939996678584468,0.2704012355753344,0.062221719588799435,1.0,1.0,1.0,0.3529291841699085,1.9479108989238731,-0.7295987644246655,0.3173,0.045499999999999985,0.0027000000000000357
145107,EB,r,60652.12890625,60.53256530761716,7.29228331736266,1.0216751788798526,6.33983102155545,0.95245229580721,-6.33983102155545,1.0881177670635762,0.134247581215846,-0.028984876666100685,0.8107582049429336,0.8269230769230769,374.03124746796675,374.03124746796675,0.0,0.0,853.8085980459582,52,28.33908730176553,0.10318546065839827,0.021297911502694007,1.569927030555874,0.2621287337644089,0.03552982611189029,0.09502964835759586,0.5294117647058824,0.6078431372549019,60.53256530761716,2.6121530532836914,2.6980856702877927,146.91567742140407,1.7187262781408261,7.528111545353166,0.043152855657267,0.052307863596769436,True,41,853.8085980459582,10.011720062000677,21.345214951148954,245.19529637007508,24.360545646763065,50.82642142655227,11,797.8203037866551,0.0,0.0,0.0,5.420804660229558,2.992190695833415,15.93749122414738,11.851542324293405,0.0,28.000000901178282,8,1,0.1951219512195122,0.09090909090909091,raw,0.5337675863781668,0.11195089459070595,1.4763796818776718,0.4229069730301019,0.08869930503015656,1.0537613628024707,-0.12062797097172698,0.9090909090909091,0.9090909090909091,0.9090909090909091,0.3498358105167165,4.767872452735895,0.05376136280247068,0.2263909090909091,-0.045409090909090954,-0.0882090909090909
145859,SNIa,r,59798.3203125,12.563236331939684,2.0027467190003874,1.1048631082748566,1.8725388721626872,1.8725388721626872,-0.13020784683770012,0.4022963111587308,0.37163821215146786,0.023678134281482723,0.10430787427993415,0.4230769230769231,797.8164019243559,27.988280973077053,797.8164019243559,27.988280973077053,853.8085828354815,52,6.9991177046750925,0.02417252052365243,0.016867535070563027,0.1631865337440206,0.03628246055963187,0.0055434763362436105,0.008449434089991638,0.3137254901960784,0.21568627450980393,12.563236331939684,1.123174011707306,1.2627893525820513,20.945239247446352,1.1831990404941775,2.821124598379654,0.08940164636176154,0.17024266869354276,True,41,853.8085828354815,10.011717499324732,21.345214570887038,245.1953245071927,25.03711178526646,50.433875738390874,11,785.9492520876374,0.0,0.0,0.0,4.801146150964169,2.9999921456328593,12.843787275371142,7.043002331047319,0.0,55.828124235369614,4,0,0.0975609756097561,0.0,raw,0.1628923976796791,0.06346138558095424,-0.6104217821073522,0.08383985889221905,0.032663240814188435,1.126035615690111,0.5026929200936168,0.6363636363636364,0.9090909090909091,1.0,0.3318968787355595,2.566795480251312,0.126035615690111,-0.04633636363636362,-0.045409090909090954,0.0027000000000000357
148535,SNII,r,60532.30078125,3.3206337571144067,2.8965530962438613,1.4295664649993354,2.014291980861559,2.014291980861559,-0.8822611153823021,0.4938704631502223,0.40170389774694015,-0.011747456087200962,0.337351893349341,0.3076923076923077,837.726588159443,733.9257737644366,837.726588159443,733.9257737644366,853.8086123902394,52,21.1282349851555,0.07730460678943041,0.05115327319316277,0.27790905161430546,0.10541603981819946,0.02305364253536176,0.03577984832312896,0.39215686274509803,0.35294117647058826,3.3206337571144067,1.1136155128479004,1.251822898021111,6.006315349566523,0.5430064211606233,0.8698055864652745,0.33536234174033686,0.6391479011202209,True,41,853.8086123902394,10.564461869256775,21.345215309755986,245.19530673362897,25.153513450038737,50.357848840074105,11,778.9062346421124,0.0,0.0,0.0,3.797602926455676,2.9921934084195527,9.08593523757736,6.007836896242225,0.0,78.77343326718983,5,0,0.12195121951219512,0.0,raw,0.3023623489827928,0.19725107089954885,0.27224224119524876,0.17282112314150125,0.11274271326574432,0.892106098237223,0.06970862696690167,0.7272727272727273,0.9090909090909091,1.0,0.19913501180061655,1.5328806459903703,-0.10789390176277702,0.04457272727272732,-0.045409090909090954,0.0027000000000000357
152079,SNIa,r,60652.12890625,4.93478786945341,45.56162586816074,1.4002946069597415,45.133121723521256,45.133121723521256,-0.42850414463948033,6.3282089950813845,0.31500553338473575,0.028090771980607616,0.24114630200290083,0.9615384615384616,12.031249700412445,0.0,12.031249700412445,0.0,853.8086125335249,52,58.04583904508698,0.15810451786964383,0.03752188518122512,2.9017680801333077,0.5012259752980042,0.027605241779543366,0.07471468280201905,0.49019607843137253,0.5294117647058824,4.93478786945341,1.133727490901947,1.2548121236837828,196.45142539024798,0.5835030542111963,4.592188058616012,0.22974188980235166,0.42666580281510946,True,41,853.8086125335249,9.019518736506143,21.345215313338123,251.1992156310007,26.415615775391785,51.566239118242166,11,736.8437564768756,0.0,0.0,0.0,7.9623510113365645,3.10936889747245,25.79296670023905,13.058597120558261,0.0,28.00000114653085,8,1,0.1951219512195122,0.09090909090909091,raw,0.20863687923010155,0.12255195595345726,1.249282042864274,0.4307517644867538,0.2530208056363524,0.1753100238019161,0.023505009606331225,1.0,1.0,1.0,0.3974249597696262,1.7024361431598658,-0.8246899761980839,0.3173,0.045499999999999985,0.0027000000000000357
152300,SNII,r,60532.30078125,19.69386286735525,2.2504391289437367,1.0711016062122376,2.1502496455057725,2.1502496455057725,-0.10018948343796437,0.4418324882658526,0.10849510682470082,0.015046489107743479,0.07444555706603291,0.8269230769230769,35.02734353909182,5.980469006994099,35.02734353909182,5.980469006994099,853.8085691969172,52,7.555049851923926,0.019413875032997213,0.011296053699251515,0.10551092108167716,0.02973582145311677,0.00488208946099778,0.00807970683186468,0.37254901960784315,0.43137254901960786,19.69386286735525,1.1148554682731628,1.255521596624301,37.984046232254826,0.8256015736871933,2.7312518385689417,0.05660928360180464,0.10795521827244631,True,41,853.8085691969172,10.632817737729056,21.34521422992293,245.19530595362448,24.87225397620059,50.68567151743391,11,785.9492517586623,0.0,0.0,0.0,4.51561968359866,3.0000051759707276,11.90233391703805,9.968731015746016,0.0,5.980469006994099,4,1,0.0975609756097561,0.09090909090909091,raw,0.28134049510414577,0.1405557920238451,0.2048834323759861,0.15124589505212757,0.07556141735493052,1.4152638301944738,-0.12593865954766018,0.5454545454545454,0.8181818181818182,1.0,0.19994761751427492,2.001628613471985,0.41526383019447377,-0.13724545454545456,-0.13631818181818178,0.0027000000000000357
152618,EB,r,59884.17578125,6.931893396377562,7.026790880391753,0.7270288782100571,5.9990691076509535,1.0277217727407997,-5.9990691076509535,0.9168818145867739,0.25882802733430565,0.40485706975029045,0.25053432183519214,0.21153846153846154,0.0,0.0,853.80858917765,838.7421894493527,853.80858917765,52,24.489424814311825,0.10108076343395937,0.035435159775389594,2.1139225433514435,0.31397333521154774,0.030293770523236944,0.07826499680885739,0.0784313725490196,0.47058823529411764,6.931893396377562,1.285730004310608,1.420325192121359,32.34342155220651,2.2098012718421414,3.2359450963391816,0.18548034869989474,0.31737018839092646,True,41,853.80858917765,9.527354598209058,21.34521472944125,245.19533686104114,27.98945324606466,50.58972953784611,11,838.7421894493527,0.0,0.0,0.0,6.730110544834381,3.1093750948202796,12.843760186784493,12.031240571792296,0.0,3.1093750948202796,12,4,0.2926829268292683,0.36363636363636365,raw,1.8534527966949663,0.5582117321045568,7.021622726073656,0.8056811749920378,0.24265019590372466,3.3275381052808286,1.3940909936996935,0.6363636363636364,0.8181818181818182,0.9090909090909091,0.37228106320043663,3.3203400969505283,2.3275381052808286,-0.04633636363636362,-0.13631818181818178,-0.0882090909090909
154053,SNII,r,59914.05078125,189.5031646728515,1.1901899867374757,1.011041394879058,1.169232089262764,1.169232089262764,-0.020957897474711783,0.32350230926691004,0.009887994830667272,0.00063197360213035,0.007079839047816879,0.8076923076923077,36.99609283544851,30.988279981931555,36.99609283544851,30.988279981931555,853.8085579911203,52,2.648646079566232,0.007041382329698634,0.0014311629703468625,0.07218694537334824,0.01567851100463176,0.00102176073326205,0.0017170496011568608,0.49019607843137253,0.43137254901960786,189.5031646728515,1.1847429871559143,1.3042608980949109,187.02215041951908,0.846344588064253,18.35449177446646,0.006251837478287993,0.011167404102266194,True,41,825.8202733217549,9.570312814910721,20.645506833043875,248.19922804143425,18.880071647159653,51.15670154579555,11,488.78516975895036,0.18181818181818182,0.18181818181818182,0.0,8.988281346966687,3.089859696367057,27.988284669365385,24.95313019232708,0.0,19.07421785529732,10,3,0.24390243902439024,0.2727272727272727,raw,0.01187352755498111,0.004759472775915182,-2.147570205028464,0.017501470874278266,0.007015419282844491,0.347986376187932,-0.2603252057092249,0.9090909090909091,1.0,1.0,0.4212643297599564,2.494714879989621,-0.652013623812068,0.2263909090909091,0.045499999999999985,0.0027000000000000357
180090,SNII,r,60165.3046875,11.394449710845945,1.305609043361552,1.0817503103462172,1.1812470871040477,1.1812470871040477,-0.12436195625750418,0.341298636290903,0.46871074868126933,0.022528774609929834,0.0969911911266708,0.3269230769230769,430.8320340210121,61.027345454276656,430.8320340210121,61.027345454276656,853.8085968614178,52,7.928168128357876,0.028042317020841784,0.015896358271903593,0.21954411766769602,0.04556581080605482,0.008859516536493344,0.0137872698397075,0.3333333333333333,0.27450980392156865,11.394449710845945,1.1021515130996704,1.2402945218177943,12.212168989576245,1.0594952417964258,2.601739818467119,0.09672705054379012,0.18444257241192033,True,41,853.8085968614178,10.054685120092472,21.345214921535444,248.1757655205147,27.79140689362175,51.03741170914665,11,806.7265610303875,0.0,0.0,0.0,3.8689578671877496,2.9921723599545658,13.87109427084215,3.0898436476491042,0.0,2.984374938518158,4,3,0.0975609756097561,0.2727272727272727,raw,0.14859693264398982,0.0756143353213062,-0.5705079445503136,0.08150086918715464,0.04147214846257917,0.7227224250848044,-0.8365172798247326,0.7272727272727273,0.8181818181818182,1.0,0.5320545177296979,1.9651952505111685,-0.27727757491519556,0.04457272727272732,-0.13631818181818178,0.0027000000000000357
183210,SNIa,r,60209.1796875,27.380306243896463,1.80686567818164,1.0584370563008467,1.7104002837724077,1.7104002837724077,-0.09646539440923227,0.3702593050760787,0.08248537223028288,0.0063345161769637545,0.0492206131506243,0.75,43.03906262246164,31.0507810824638,43.03906262246164,31.0507810824638,853.8086036289315,52,5.666428117780913,0.01746427538610178,0.009099108537963358,0.08248720416336874,0.026680172939094984,0.004019342745304717,0.0059216913146154905,0.37254901960784315,0.29411764705882354,27.380306243896463,1.1105945110321045,1.250938939360472,42.16776069405782,0.9917433312851986,3.49283569876552,0.04056180019095568,0.07732848926999526,True,41,841.7773457824296,9.527341237324435,21.04443364456074,251.1797004018299,28.094155240138207,51.2193539903057,11,850.7734382131966,0.09090909090909091,0.0,0.09090909090909091,5.8860105208051126,3.0039059277187334,13.058596220915206,12.03125784650183,0.0,25.914062860712875,11,1,0.2682926829268293,0.09090909090909091,raw,0.08182498645970826,0.039283360629319246,-1.1509500130817913,0.04506747165578011,0.021636444053399304,0.7835050405117673,-0.022056563060974477,0.8181818181818182,1.0,1.0,0.1556500377281418,2.0829426288604735,-0.21649495948823272,0.13548181818181826,0.045499999999999985,0.0027000000000000357
185839,M-dwarf,r,59927.10546875,15.430517315864465,9.56635436708288,1.1606586825593264,9.349533767858189,9.349533767858189,-0.21682059922469107,1.3391958282061354,0.14145319613146698,0.04997214126721871,0.43729998254061625,0.9423076923076923,712.9921794547772,0.0,712.9921794547772,0.0,853.8085705161575,52,33.323626954151,0.17725752673094744,0.024248062748569964,3.108222102817769,0.6290434584060011,0.09077880778136636,0.3367945399861524,0.5686274509803921,0.5294117647058824,15.430517315864465,1.3001424670219421,1.4443557331195245,110.9633339111294,0.9334270154568642,3.677581445550459,0.08425786643492737,0.14483130909792732,True,41,853.8085705161575,10.011718540019501,21.345214262903937,248.28515310386865,25.248827599573275,52.20975042615254,11,467.74998056491313,0.0,0.0,0.0,8.174015420827676,9.085937540454324,16.105464133892383,13.121089243562892,0.0,238.19922001046507,10,0,0.24390243902439024,0.0,raw,0.19467114044860853,0.09170936572802207,1.9477514981514554,0.7816851603303935,0.3682510416680514,0.129907405878464,0.029657111559777474,1.0,1.0,1.0,0.4606131744937704,2.12269639968872,-0.8700925941215361,0.3173,0.045499999999999985,0.0027000000000000357
187817,SNIa,r,60250.171875,4.344281816482543,2.31029700692246,1.5168447989040659,1.622090717806637,1.622090717806637,-0.6882062891158234,0.48153717834875753,0.6254892333444336,-0.04735972641289051,0.2977919730230738,0.23076923076923078,781.898441672638,84.86719138830085,741.9882647297709,84.86719138830085,853.80858888269,52,19.564368400702467,0.07981524606446724,0.031391730744658036,0.5193865493331503,0.12814972901283908,0.024097624219097093,0.03697766230710419,0.27450980392156865,0.35294117647058826,4.344281816482543,1.1183804869651794,1.2571954222825856,6.300913948503012,0.9212679262112815,1.355602474833014,0.2574373703662495,0.49081590424923144,True,41,825.8202993641899,9.570307614259946,20.645507484104748,245.19531728179572,25.01758066318071,50.53540468283223,11,797.8163904206085,0.18181818181818182,0.18181818181818182,0.0,9.463423462779081,3.109366516910086,27.988289518500096,24.953132472670404,0.0,26.929686425013642,11,1,0.2682926829268293,0.09090909090909091,raw,0.33900561888698,0.18960117352522868,0.2606399945094246,0.18712951953472598,0.10465896294428326,0.9418009373672701,-0.06827728340953015,0.7272727272727273,0.9090909090909091,1.0,0.0950941519718026,1.787993252277372,-0.05819906263272989,0.04457272727272732,-0.045409090909090954,0.0027000000000000357
188764,SNIa,r,59801.35546875,20.618719911575226,3.784177335120865,1.0576364711325852,3.6907596567768524,3.6907596567768524,-0.09341767834401245,0.6679585479714236,0.13060261795636194,0.014777445033317916,0.04940961609313899,0.8653846153846154,27.988281906509656,3.0351562651994755,27.988281906509656,3.0351562651994755,853.808624916237,52,7.010418808968078,0.018643885010619768,0.009775307193913967,0.2398158879997572,0.03992259494156551,0.003921483501314457,0.006120360799862774,0.3333333333333333,0.37254901960784315,20.618719911575226,1.1044054627418518,1.2449690401554108,68.90471135039203,1.1809227454686577,3.467734637764352,0.05356324095182287,0.10212849849270256,True,41,853.808624916237,10.011718186538928,21.345215622905926,280.22268474206794,17.876152760470724,54.90830416882916,11,806.7461182732659,0.0,0.0,0.0,12.358670948910003,3.1093670779955573,35.02734316045098,32.04693179298192,0.0,24.95312564131018,3,1,0.07317073170731707,0.09090909090909091,raw,0.17987640504383154,0.07699703892567626,0.017451022420048732,0.13760507327357174,0.058902573578974673,0.7461559996490943,0.3689350733656424,0.8181818181818182,1.0,1.0,0.33026880842390044,2.336147046089171,-0.2538440003509057,0.13548181818181826,0.045499999999999985,0.0027000000000000357
191287,M-dwarf,r,59933.125,2.986761558055876,2.4366337176671733,1.5716564735518501,1.492816464236101,1.492816464236101,-0.9438172534310725,0.49590708378946996,0.6373190430043392,0.0929669110258394,0.4175049492805001,0.11538461538461539,853.8085918097204,803.734398755747,834.7344100458577,691.0390858703104,853.8085918097204,52,29.977201144465432,0.11670004068669415,0.05029533937164721,0.5982294917405128,0.18556912954023222,0.03982136041935104,0.07386144148695128,0.49019607843137253,0.49019607843137253,2.986761558055876,1.1371965408325195,1.2760515797596712,3.9207706570661593,0.7262089856958251,0.9987971596720892,0.38074567344195237,0.7154043258322383,True,41,850.7734350103783,10.632789817682351,21.269335875259458,245.1953132872586,25.362497886710486,50.7035902557736,11,837.726596698878,0.09090909090909091,0.09090909090909091,0.0,3.6892737487975285,2.992186653020326,11.851553696047631,3.1093751473454176,0.0,30.988280502067937,8,2,0.1951219512195122,0.18181818181818182,raw,0.6021467585299758,0.36229148141401024,1.157319255499566,0.34189343234040276,0.2057057956945873,1.2609008814218743,0.39159813390137627,0.7272727272727273,0.8181818181818182,0.9090909090909091,0.31558180111159295,1.6620505571365336,0.2609008814218743,0.04457272727272732,-0.13631818181818178,-0.0882090909090909
191397,SNIa,r,59842.24609375,36.84420833587639,4.0369016824336095,1.0509439394961104,3.9403235174026774,3.9403235174026774,-0.09657816503093208,0.611893046111368,0.1620448793401484,0.004205002700137918,0.0329920092980538,0.8461538461538461,14.89453146206506,0.0,14.89453146206506,0.0,853.8086219628603,52,9.75463293814003,0.02232569362762823,0.006410248239377674,0.19904909921530273,0.04704020708157199,0.0038107931193124556,0.00629344294119598,0.37254901960784315,0.27450980392156865,36.84420833587639,1.1510379910469055,1.2700149634709725,126.12798336386223,1.1651190585095774,6.590650887198431,0.031240676432884647,0.058275784924476104,True,41,853.8086219628603,10.011714134659996,21.345215549071508,251.17965836339863,25.43007964850113,51.32483525143162,11,759.9570244639253,0.0,0.0,0.0,5.3263565955924355,3.0039057926478563,12.843789114995161,11.851561996445525,0.0,30.85156178089528,10,1,0.24390243902439024,0.09090909090909091,raw,0.041339572291063796,0.01293821331355234,-0.9055818122337207,0.04585216769027087,0.014350538566015508,0.20275978153746818,-0.13960051599711043,1.0,1.0,1.0,0.38898173049114715,3.1951530933380106,-0.7972402184625318,0.3173,0.045499999999999985,0.0027000000000000357
193431,SNII,r,60567.328125,157.92968902587887,1.683248863214112,1.0125319013156115,1.6620557361676846,1.6620557361676846,-0.021193127046427403,0.4243280265433188,0.15492965005786452,0.004127666009862572,0.008229336849183155,0.75,84.80078024691466,43.746093874600774,84.80078024691466,43.746093874600774,853.8085613395306,52,3.084525511191757,0.004822977521409207,0.0017647790161007873,0.05719977395409819,0.010453912088752832,0.0007443629799523468,0.0011653028183645226,0.37254901960784315,0.4117647058823529,157.92968902587887,1.2327609658241272,1.3400652878559554,212.9268794467075,0.8983271972249338,25.71379672524774,0.007805758204349551,0.013517513819168415,True,41,853.8085613395306,10.011725414668035,21.345214033488265,248.19921143334795,25.049236892221234,50.706412903289475,11,755.9218652575437,0.0,0.0,0.0,3.920805149153404,3.003903969496605,12.015615877971868,4.050783970749762,0.0,25.792969800255378,8,2,0.1951219512195122,0.18181818181818182,raw,0.01418128825230659,0.004621751874074187,-2.5624755728970987,0.009204926946434114,0.002999931149307132,0.3886434508269084,0.1338030070537204,1.0,1.0,1.0,0.317169553434395,3.0683794021606445,-0.6113565491730917,0.3173,0.045499999999999985,0.0027000000000000357
193961,EB,r,60195.28125,21.42399101257321,1.905147999685981,1.123760456012316,1.7468452303274924,0.15830276935848858,-1.7468452303274924,0.3639054080776403,0.09148766850716464,0.005922752918861609,0.24950681786319953,0.7692307692307693,690.9843556122651,409.8554517702869,768.9375050091621,708.9414259529294,853.8085956081413,52,11.145283943812121,0.03996273991603983,0.01542126443958325,0.43444125743109063,0.08761309128848617,0.012017018502679395,0.02227048379228487,0.5294117647058824,0.5098039215686274,21.42399101257321,1.2979300022125244,1.4357481014270048,28.83390972633104,0.7796724731583344,2.444917619388301,0.060583016556102987,0.10426091682897046,True,41,853.8085956081413,9.527343379457307,21.345214890203533,245.19530201017915,24.921510104036134,50.705027150136424,11,781.8984518290672,0.0,0.0,0.0,4.909092149928752,2.9999917756722425,11.968781420233427,10.054689282973413,0.0,12.015625283238478,8,3,0.1951219512195122,0.2727272727272727,raw,0.5928968013343591,0.3021150402940004,0.8138165037949991,0.2877591606491419,0.1466298523095864,1.6242051749295465,0.1071105215223882,0.5454545454545454,0.7272727272727273,0.9090909090909091,0.350374579534725,1.9624868750572204,0.6242051749295465,-0.13724545454545456,-0.22722727272727272,-0.0882090909090909
194669,SNIa,r,60250.171875,5.0588423490524255,1.6721091955114826,1.2714928911416736,1.319251591927199,1.319251591927199,-0.3528576035842836,0.3878029611342007,0.39211732055286375,0.02422510787103829,0.20270283342838985,0.19230769230769232,747.9492019553654,84.8671898506218,694.2304612343141,84.8671898506218,853.8085741101386,52,14.756747305574322,0.052990607506823134,0.0424067404128005,0.24496827997193285,0.0730557013151925,0.018235864287507616,0.027666090359475246,0.5098039215686274,0.39215686274509803,5.0588423490524255,1.1151170134544373,1.253746902713409,5.984919736469282,0.7449838660087889,1.2429851702549493,0.22042928727820713,0.42031018549831023,True,41,853.8085741101386,10.011712218871253,21.345214352753466,280.2226638284701,17.24885212749796,54.74728031646028,11,731.9921718221158,0.0,0.0,0.0,10.933959022502346,3.0000232151141972,35.02735085986933,32.04687425658631,0.0,23.83984269816574,11,1,0.2682926829268293,0.09090909090909091,raw,0.26535165904054453,0.14655836312339784,0.2636581119014579,0.16020827243795888,0.08848583141418012,1.3100001314742942,-0.05354956537044655,0.5454545454545454,0.9090909090909091,1.0,0.21969905278420035,1.8105528295040128,0.31000013147429417,-0.13724545454545456,-0.045409090909090954,0.0027000000000000357
195026,M-dwarf,r,60593.12109375,3.0425215244293193,6.32370273274422,1.7625759170712625,5.401963671268144,5.401963671268144,-0.9217390614760764,0.9074442513880022,0.7817374494095816,-0.027427742794555683,0.5887613080381973,0.40384615384615385,409.85548561409814,0.0,409.85548561409814,0.0,853.8085680567892,52,36.97641530150616,0.1541854131212453,0.0779044202390006,1.6825422758941475,0.30797158876985037,0.048075847573536265,0.07904687113831292,0.39215686274509803,0.39215686274509803,3.0425215244293193,1.3052644729614258,1.4446002840995789,12.591770544960104,0.7960003722553566,1.117428562483951,0.4290074737289663,0.7349891627474225,True,41,850.773445824685,7.416029525593331,21.269336145617125,245.19531125811773,28.757045304517682,51.16412001301511,11,769.0077848305518,0.09090909090909091,0.09090909090909091,0.0,6.726196904872433,3.0898608563802554,12.843750536907464,12.015636886993889,0.0,25.792968790832674,11,1,0.2682926829268293,0.09090909090909091,raw,0.5391020470622256,0.26664818762986814,0.9505415247249211,0.3280575563696636,0.16226232736630145,0.6894855944903618,-0.22763513946824077,0.8181818181818182,1.0,1.0,0.257142920249567,2.0217727780342094,-0.31051440550963816,0.13548181818181826,0.045499999999999985,0.0027000000000000357
195359,SNIa,r,60165.3046875,9.012887668609615,1.4927235478074816,1.1999699212683526,1.1293378900480548,1.1293378900480548,-0.3633856577594268,0.37917885225988196,0.46418984560790705,-0.016436908144887553,0.13742858288646276,0.2692307692307692,736.9257910566448,102.73828412673902,639.1289049284314,102.73828412673902,853.8086067684053,52,9.93433486794314,0.03372842148339832,0.018666926014085927,0.18578748771007858,0.051906054988575374,0.009677978241844291,0.016610021771549507,0.4117647058823529,0.2549019607843137,9.012887668609615,1.1102575063705444,1.249182714865758,9.167779082333576,0.9694780362705212,2.1719814935617445,0.1231855479834045,0.23485202182480147,True,41,853.8086067684053,8.884755788894836,21.34521516921013,251.1992333866583,27.94610934050361,51.26988032006575,11,753.890647595581,0.0,0.0,0.0,6.82705617355532,6.003909157072485,12.015625739775714,11.968731589397066,0.0,29.97656284495315,5,2,0.12195121951219512,0.18181818181818182,raw,0.17725512312256292,0.07976029915126968,-0.2840183869363433,0.1035637716571774,0.046601064404207325,1.0813062109585334,-0.5530658026572606,0.5454545454545454,0.9090909090909091,1.0,0.3362545058782115,2.2223477721214295,0.08130621095853341,-0.13724545454545456,-0.045409090909090954,0.0027000000000000357
197595,M-dwarf,r,60281.1015625,5.686539673805227,6.900934000206401,1.4825158685397855,6.122929774225166,6.122929774225166,-0.7780042259812349,0.9451660918725244,0.5146060501018661,-0.017332156923100032,0.4907062431641583,0.4807692307692308,350.97656631382415,0.0,350.97656631382415,0.0,853.8085819592015,52,34.58937717489406,0.1765849263250022,0.0452395510545885,2.111945434668489,0.43835658970992175,0.07906636933377849,0.23102679115032201,0.29411764705882354,0.4117647058823529,5.686539673805227,1.7640120387077332,1.8795481438820179,19.73812100883484,0.8778185092454787,1.4980027280669075,0.310208341081936,0.44164952792213924,True,41,825.8203013611565,9.527352549295756,20.645507534028912,248.19922087438317,16.282032139375225,50.950253743637255,11,806.7695212704202,0.18181818181818182,0.18181818181818182,0.0,8.159447556635397,3.000013614007912,27.988280598045094,24.95312593192648,0.0,6.003906231235305,7,1,0.17073170731707318,0.09090909090909091,raw,1.2041873274956942,0.4143697902990011,1.9289936112433779,0.8266455928670166,0.28445487935856384,0.8206698559916449,0.3247221805108309,0.9090909090909091,0.9090909090909091,1.0,0.3667555357189361,2.906069302558896,-0.17933014400835512,0.2263909090909091,-0.045409090909090954,0.0027000000000000357
202856,SNII,r,60538.28125,12.683846092224087,1.6899134619530127,1.1594248829355087,1.3886534206383527,1.3886534206383527,-0.30126004131465994,0.3494741982616675,0.23114295483986103,-0.014477114874209667,0.11156474226509909,0.34615384615384615,437.999998773048,35.02734461815999,88.96484388169483,35.02734461815999,853.8085930690431,52,7.6756570054792626,0.024770365459641685,0.014128766829785186,0.22186960978863174,0.043165314180096455,0.007588648950133099,0.012833496661829518,0.35294117647058826,0.35294117647058826,12.683846092224087,1.1031110286712646,1.2399436567838376,15.967083824765501,1.0918152166650177,2.243792317678966,0.08696975827762006,0.16562400944374636,True,41,838.7421891636404,10.123048312987521,20.96855472909101,245.19530466594006,23.223432314000096,51.05474386827517,11,853.8085930690431,0.18181818181818182,0.09090909090909091,0.09090909090909091,5.063916115991147,2.9999523633159697,12.031254302892194,11.078103618929163,0.0,2.9999999241990736,4,1,0.0975609756097561,0.09090909090909091,raw,0.16352062625733252,0.07931119308308918,-0.4419780005653094,0.09144242455847139,0.04435163903255618,0.8950448014192753,-0.33275112785359157,0.6363636363636364,1.0,1.0,0.2702329605607995,2.0617597579956035,-0.10495519858072466,-0.04633636363636362,0.045499999999999985,0.0027000000000000357
203204,SNIa,r,60168.2890625,3.68364440202713,1.9098855234719685,1.3891411872583685,1.1931529373158245,1.1931529373158245,-0.7167325861561439,0.43170263387481145,0.5291000741735233,0.05785086037465058,0.3710970888618258,0.11538461538461539,837.726575102628,741.9882652790984,837.726575102628,741.9882652790984,853.8086102308589,52,18.89655975396038,0.0732920878778289,0.03349577831587734,0.3465385988575325,0.10862581326153879,0.02109128054185196,0.03524629987041454,0.3333333333333333,0.3333333333333333,3.68364440202713,1.1197134852409363,1.2592708479899626,3.925246231503526,0.8932015602405017,1.1980913923094947,0.3039689402768497,0.5796888232984648,True,41,853.8086102308589,10.123041547612956,21.34521525577147,248.19921362765308,19.66213749367017,50.86200445004674,11,782.9570481354895,0.0,0.0,0.0,4.51563116074844,3.0000064337582444,12.843746502316208,7.042996311982279,0.0,72.79687400200783,7,0,0.17073170731707318,0.0,raw,0.5190781308131752,0.2649349012405592,0.7000364090798767,0.2840985899435965,0.14500251002941775,1.1689681293357848,-0.4428901672404592,0.6363636363636364,0.9090909090909091,1.0,0.26087046339506265,1.9592667043209064,0.16896812933578476,-0.04633636363636362,-0.045409090909090954,0.0027000000000000357
204437,SNIa,r,60268.04296875,19.09469890594481,1.5316681302889004,1.0640661513297986,1.3010282614190638,1.3010282614190638,-0.2306398688698366,0.311647668372833,0.08874871618170484,0.028079153019968862,0.06534040761891595,0.6538461538461539,19.06250066695793,19.06250066695793,19.06250066695793,19.06250066695793,853.8085737989022,52,5.596003689847901,0.01890419442472034,0.009971991742162404,0.08339891781285057,0.028473583587419162,0.004668015575917535,0.006895125795504086,0.35294117647058826,0.4117647058823529,19.09469890594481,1.1184454560279846,1.2583562135696411,22.211850194418677,0.8212790641275398,2.40162759795948,0.058573610484100154,0.11164600664371128,True,41,853.8085737989022,9.527353825997125,21.345214344972554,254.17969215328776,27.776561898801447,51.50480077656664,11,793.800786461019,0.0,0.0,0.0,4.932529369404867,2.999999038496753,13.871092269015207,11.902377912098018,0.0,16.058593826761353,7,3,0.17073170731707318,0.2727272727272727,raw,0.09436520036517179,0.04665855573050808,-0.9637036969533855,0.05255581115679258,0.025986043947682988,0.7699211162052251,-0.7364354010080875,0.7272727272727273,0.9090909090909091,1.0,0.37215731306394206,2.0224629521369932,-0.23007888379477492,0.04457272727272732,-0.045409090909090954,0.0027000000000000357
204843,SNII,r,60165.3046875,48.804043769836426,1.4585850802121179,1.0307710269619494,1.4181956808425187,1.4181956808425187,-0.04038939936959925,0.34147062647159104,0.1507722978672884,0.0005962825411219897,0.024389135664129636,0.6730769230769231,73.01562597151496,29.976562188283424,73.01562597151496,29.976562188283424,853.8086225860534,52,3.9030186422100845,0.008101101272988557,0.004308545312156353,0.03479886080732818,0.011510437411756535,0.002052044586970559,0.0035543148842468214,0.35294117647058826,0.3137254901960784,48.804043769836426,1.1179159879684448,1.2652749568223953,61.913135536965704,1.033830970758149,7.383034479145508,0.02290621640371895,0.043724383240257805,True,41,853.8086225860534,9.406242593679053,21.345215564651333,245.19529935891478,26.106641750327256,50.85693482130937,11,790.8085888217975,0.0,0.0,0.0,7.226205708721616,8.953104298721883,12.015624735788151,11.968744536054146,0.0,16.105468730551365,5,2,0.12195121951219512,0.18181818181818182,raw,0.03994334990589628,0.019785401282981084,-1.7829841158318445,0.022870654058095883,0.011328670960491219,1.0441358842156478,-0.5360168864833968,0.6363636363636364,0.9090909090909091,1.0,0.30012756187602596,2.0188294053077693,0.04413588421564785,-0.04633636363636362,-0.045409090909090954,0.0027000000000000357
211096,SNIa,r,59798.3203125,5.513689112663265,1.89482572372605,1.2582676844228777,1.385027488630666,1.385027488630666,-0.509798235095384,0.39939992738857716,0.5230261551355838,0.0024212463562741844,0.2720507483100958,0.23076923076923078,806.7695386205887,479.77736123851355,806.7695386205887,479.77736123851355,853.8086185506763,52,13.520095643658326,0.05557118658382094,0.0290626862083532,0.30277123937969613,0.08564715281899278,0.017634139101601644,0.027660004964227228,0.27450980392156865,0.27450980392156865,5.513689112663265,1.1048240065574646,1.2422424119252424,6.912061051784402,1.0535991762407995,1.512758721310259,0.2003783644638252,0.38199146718643323,True,41,853.8086185506763,9.52733831634032,21.34521546376691,251.17575156711246,26.118354448537872,51.201671981967394,11,753.8633129159061,0.0,0.0,0.0,5.356879969196928,3.0038840789275127,15.937501012689609,12.843772871718102,0.0,27.988282196944056,3,1,0.07317073170731707,0.09090909090909091,raw,0.40838534888535577,0.20995438777378028,0.39798766490717,0.20115944904487293,0.10341778686331742,1.0603028717303216,0.3868470090223578,0.8181818181818182,0.9090909090909091,1.0,0.2773428868429017,1.945114618539809,0.06030287173032156,0.13548181818181826,-0.045409090909090954,0.0027000000000000357
213934,SNIa,r,59826.30859375,14.91908516883848,3.5840261748769553,1.0864212962869595,3.259292846828571,3.259292846828571,-0.3247333280483842,0.5325406364825661,0.18785225348921364,-0.010903953097147069,0.08315156639780227,0.7307692307692307,43.92578034226608,0.0,43.92578034226608,0.0,853.8085926936619,52,8.969642405463318,0.0263167702003864,0.013974376263901602,0.24316562436160974,0.05023119251042065,0.0053842768953540395,0.00846870937934099,0.29411764705882354,0.17647058823529413,14.91908516883848,1.1048205494880676,1.2439127323719172,44.01227655889709,0.8920559804581552,3.0216715049208878,0.07405417537234175,0.1411851623544549,True,41,850.773437973301,9.019494245811075,21.269335949332525,248.19921169603185,18.579281013608863,51.78069253590458,11,781.851597215762,0.09090909090909091,0.09090909090909091,0.0,5.873933192262484,3.0000011416123016,25.792981392965885,12.949162647128105,0.0,27.988280577395926,8,1,0.1951219512195122,0.09090909090909091,raw,0.1722362513409464,0.07650294468966128,-0.37132239065578304,0.09491823771103601,0.04216025739710928,1.0346570154137271,0.19344056189946282,0.7272727272727273,0.9090909090909091,1.0,0.3130704177930666,2.25136760473251,0.03465701541372712,0.04457272727272732,-0.045409090909090954,0.0027000000000000357
222108,SNII,r,59798.3203125,2.4160262584686247,2.8643398424121673,1.3279417636581932,1.666447625267226,1.666447625267226,-1.1978922171449413,0.48858311610321714,0.5535126103307985,-0.1308338448191783,0.3909067594983354,0.11538461538461539,841.7773748740728,413.84763791633304,781.8515987112187,0.0,853.8085951564426,52,27.305804367978297,0.11073832640123067,0.053784043151714755,0.8314297331439994,0.1828950969145693,0.030693559982589155,0.04606058654371841,0.5490196078431373,0.5490196078431373,2.4160262584686247,1.1215860247612,1.2609459196145718,3.5897212805103615,0.6140230550590801,0.7564593917782823,0.4642275806522511,0.8850648922727831,True,41,853.8085951564426,10.56640663500366,21.345214878911065,245.19535929990525,19.65153230720244,50.30178876848894,11,751.1601535043446,0.0,0.0,0.0,3.710927913460182,2.999999316089088,9.007803702770616,6.003883012381266,0.0,71.7851542395947,4,0,0.0975609756097561,0.0,raw,0.6135661201876381,0.3718499707017174,0.9235252750925949,0.35286164615900345,0.21385077902583446,0.851788143694148,-0.5836047554342603,0.5454545454545454,1.0,1.0,0.31619472452070235,1.650036758184433,-0.14821185630585199,-0.13724545454545456,0.045499999999999985,0.0027000000000000357
222506,M-dwarf,r,60278.09765625,57.20054664611816,0.15232700878354333,0.1051906356399318,1.0184204035109525,-0.8660933947274092,-1.0184204035109525,0.0301174488396575,0.030058310091523044,-0.9446457304165468,0.024538107046523108,0.0,853.8086047002362,853.8086047002362,,,853.8086047002362,52,1.7536635298839762,0.0059299568686254035,0.003826354992945564,0.02653925218390578,0.00852502921196464,0.0016217958727210895,0.0023319396275674927,0.0,0.5098039215686274,57.20054664611816,1.2721745371818542,1.4105079449140108,45.79104682084941,42.1753159696234,41.02912677186717,0.02224060103922431,0.03879462485415175,True,41,825.8086007021047,3.072256489227584,20.64521501755262,245.1953195858223,28.037891574258538,51.17104988518151,11,825.8203124988577,0.36363636363636365,0.0,0.36363636363636365,11.319953490247743,11.917979652702343,28.000003998131433,15.968741214004694,0.0,10.054687634379661,6,2,0.14634146341463414,0.18181818181818182,raw,0.027737979039259522,0.0005380783215129004,-2.063449712403152,0.015920510659178693,0.0003088358254577366,1.2247722122851328,0.12516417349439263,0.6363636363636364,0.9090909090909091,1.0,0.30409226175810233,51.550077247619626,0.22477221228513278,-0.04633636363636362,-0.045409090909090954,0.0027000000000000357
233524,SNIa,r,60640.09765625,144.42210159301726,1.8708277207227118,1.0128039958476058,1.8464596709243148,1.8464596709243148,-0.02436804979839695,0.3796888901980294,0.011615626818753041,-0.0017837885717645065,0.010401463328148024,0.9230769230769231,19.074218664187356,16.082031264100806,19.074218664187356,16.082031264100806,853.8086103991373,52,2.6343261497531594,0.010048052697238012,0.0014444632905471929,0.17774954633550438,0.03306446396896383,0.0017207157575502175,0.00452985412628797,0.37254901960784315,0.5294117647058824,144.42210159301726,1.1793509721755981,1.2793055188197355,226.11554361099485,0.6980524633422599,10.655641952723366,0.008166000627099441,0.014551842943317177,True,41,853.8086103991373,9.527341997658368,21.34521525997843,245.19530247136572,25.241786568739922,50.72976994314141,11,765.8359056441768,0.0,0.0,0.0,4.354396709140432,3.000013264711015,11.902299178589601,10.054644201183692,0.0,32.015624371873855,10,1,0.24390243902439024,0.09090909090909091,raw,0.009951564933195056,0.005094257157189964,-1.9868262593477952,0.015617280915547337,0.007994566242992917,0.2014069696546328,0.06844554778997047,1.0,1.0,1.0,0.4263861903018107,1.9534869611263252,-0.7985930303453672,0.3173,0.045499999999999985,0.0027000000000000357
235847,SNIa,r,60532.30078125,113.98130588531421,1.9836232526655775,1.0185679824586982,1.9428343172814193,1.9428343172814193,-0.04078893538415824,0.4389276247196305,0.08651459898005195,-0.0011872078505376239,0.013412111136419783,0.8076923076923077,5.980468978108547,5.980468978108547,5.980468978108547,5.980468978108547,853.8086114344042,52,4.334380023486308,0.004665759544860228,0.001872655159041042,0.052027629271990186,0.009146540457325108,0.0009039449349846677,0.001541835364578277,0.35294117647058826,0.23529411764705882,113.98130588531421,1.1397035121917725,1.2708364553176439,194.3021059719936,1.1080509502170401,10.676733192987427,0.009999038906770554,0.01882553108387183,True,41,853.8086114344042,10.564441521953995,21.345215285860103,245.19530674748967,18.988681872638715,50.45914453378155,11,794.9570667423832,0.0,0.0,0.0,4.151650881507191,3.0000505311618326,15.937565969092248,3.1093532783415867,0.0,63.83593835571082,5,0,0.12195121951219512,0.0,raw,0.009133023279648586,0.003191381611695769,-3.185669433088984,0.005693744947708074,0.0019895835553482137,0.6338905955576339,-0.34060767934701325,0.8181818181818182,1.0,1.0,0.3001675170031116,2.861777245998379,-0.36610940444236606,0.13548181818181826,0.045499999999999985,0.0027000000000000357
236647,SNIa,r,60165.3046875,208.50102691650386,1.8017792740329122,1.003702712918557,1.7919785314213112,1.7919785314213112,-0.009800742611600827,0.38320728976499213,0.15982433479424024,0.0019861724967382764,0.0050118027936126,0.6730769230769231,61.027343668167305,17.96093774367182,61.027343668167305,17.96093774367182,853.8086075398023,52,3.763116103950385,0.0058671102176899,0.002092816379381444,0.08116712823370337,0.013342375784472976,0.0005850486814589801,0.0010296468740345385,0.3137254901960784,0.27450980392156865,208.50102691650386,1.1932125091552734,1.3380554410127492,313.12893650283655,0.8950649745460331,22.98902029072017,0.005722813584189714,0.011042162942309773,True,41,853.8086075398023,11.076175179281563,21.345215188495057,248.1757713725383,25.153534061502434,50.84338938744123,11,778.906243236328,0.0,0.0,0.0,4.43501327818376,2.9960959167801775,12.84374386118725,9.085942317848094,0.0,84.86718932488293,7,0,0.17073170731707318,0.0,raw,0.008291229771715451,0.002791244909314999,-3.0170956118332657,0.0062786990243948486,0.002113725849059081,0.7043869306981158,-0.054290615122378115,0.8181818181818182,1.0,1.0,0.2979371436679047,2.9704415202140773,-0.29561306930188425,0.13548181818181826,0.045499999999999985,0.0027000000000000357
241393,SNII,r,60532.30078125,10.082442271709379,3.3101611888016604,1.1242114544108575,2.984867590779394,2.984867590779394,-0.32529359802226643,0.5863441115940804,0.19034371671442957,0.00044359293695263357,0.10819065363344386,0.7115384615384616,5.980468837857188,5.980468837857188,5.980468837857188,5.980468837857188,853.8085682382953,52,11.458195464719733,0.032150368095142115,0.018128849361203767,0.2149957880793277,0.052063898212975225,0.007391093192193911,0.010428734839421581,0.37254901960784315,0.43137254901960786,10.082442271709379,1.1150659918785095,1.254472901041691,26.989214442842073,0.7921636610791829,1.8787032047369616,0.11059483028306603,0.21078389452030333,True,41,853.8085682382953,10.011693401047523,21.345214205957383,245.19530661270255,27.9179648373698,50.5010152428615,11,831.6992379447911,0.0,0.0,0.0,6.088066059888991,3.035110086646455,12.949218516070687,11.945309237118636,0.0,60.82031251415901,5,0,0.12195121951219512,0.0,raw,0.056774743330092005,0.03062312949690457,-1.3274985920563358,0.03394961599493757,0.018311725003116296,0.3886421502653916,0.38543128610646443,1.0,1.0,1.0,0.38807874908424317,1.8539824068546253,-0.6113578497346084,0.3173,0.045499999999999985,0.0027000000000000357
242943,SNIa,r,60181.41015625,739.5484710693354,1.1741132129974599,1.0014335110797703,1.1707394124262818,1.1707394124262818,-0.00337380057117817,0.29927294081695316,0.06893368773723506,0.0009591419860049005,0.0019709806603560986,0.6923076923076923,46.86328143900755,29.976562618860044,46.86328143900755,29.976562618860044,853.8085818189938,52,2.4034720363623974,0.004617706748835311,0.0006511992187205905,0.07230425762677949,0.013077700583847315,0.00048642423736273873,0.0014423701731173775,0.2549019607843137,0.23529411764705882,739.5484710693354,1.1995635032653809,1.552222537306639,721.7779968493445,1.352829543417035,35.09840024845941,0.0016220214768761483,0.005345799049619663,True,41,853.8085818189938,8.884764543450729,21.345214545474846,251.19921119888022,26.321096578377183,52.976950307143426,11,696.0351522883138,0.0,0.0,0.0,8.384589361031514,10.05469080992043,16.105469241832907,13.121093688780093,0.0,13.121093688780093,5,4,0.12195121951219512,0.36363636363636365,raw,0.3923446405911804,0.1412920633135834,3.7178410076282633,0.15643710224619722,0.05633649263529683,3.24330364024638,-1.5609815730777983,0.8181818181818182,0.8181818181818182,0.8181818181818182,0.32577632596369255,2.776834249496458,2.24330364024638,0.13548181818181826,-0.13631818181818178,-0.17911818181818173
246511,SNIa,r,59873.09765625,265.2334442138671,1.261891134695682,1.0050277017388525,1.2501722581753818,1.2501722581753818,-0.011718876520300294,0.3148259761497157,0.05564551131349426,0.0013666452043292338,0.006092374090738362,0.75,35.02734312984103,20.175781082820322,35.02734312984103,20.175781082820322,853.8086214549767,52,2.6997537253028248,0.009505008492589484,0.0013181217938708096,0.08706359535478375,0.021991439432186507,0.0012239040951447415,0.0026955979864449545,0.35294117647058826,0.27450980392156865,265.2334442138671,1.1893119812011719,1.33177865927036,278.806149385286,1.2383301619163456,23.151333880474997,0.004484019670770432,0.008271641450626985,True,41,853.8086214549767,10.632816276720405,21.34521553637442,245.19530678656884,25.250389465360062,50.3638813448337,11,737.9765717821574,0.0,0.0,0.0,3.8039771901577213,3.000005926056474,10.054670528479619,5.9843694992378005,0.0,2.992187604897481,11,2,0.2682926829268293,0.18181818181818182,raw,0.011844459103269356,0.003817332237776449,-2.166195577949409,0.012877316016222322,0.004150210080187786,0.2363071940188404,-0.09887897191039699,1.0,1.0,1.0,0.3913728787050603,3.1028106451034545,-0.7636928059811596,0.3173,0.045499999999999985,0.0027000000000000357
248046,SNIax,r,60532.30078125,26.73450565338125,2.13150796658287,1.0607493976062852,2.036287238531545,2.036287238531545,-0.09522072805132499,0.42638704439520136,0.24229882518644702,0.0014746297850494864,0.0671236378875067,0.6346153846153846,63.83593907438626,5.980468758025381,63.83593907438626,5.980468758025381,853.8086030815684,52,6.58831074093823,0.017486353489582444,0.008658312883827261,0.12407218697199418,0.0308368906953494,0.004253526089613821,0.006381527263782351,0.4117647058823529,0.3333333333333333,26.73450565338125,1.121564507484436,1.2610610173298762,48.53856584007955,1.264489479244442,4.674108428267937,0.04195194487699779,0.07972885219758158,True,41,853.8086030815684,9.005858360182174,21.34521507703921,245.19531927736534,27.89728533292946,50.58948008045105,11,797.8515839815445,0.0,0.0,0.0,6.953115404654289,4.05077914163121,15.937482633758918,13.871098944597179,0.0,72.78906662621739,5,0,0.12195121951219512,0.0,raw,0.03202168501321978,0.01395550933897678,-1.9522388079210395,0.018772646937241247,0.008181388629043971,0.6826820650119344,0.21608655929959042,0.7272727272727273,1.0,1.0,0.2451765804955392,2.2945550918579096,-0.3173179349880656,0.04457272727272732,0.045499999999999985,0.0027000000000000357
250327,SNIa,r,59798.3203125,165.1647621154782,4.517300767306457,1.0054164555090939,4.506544726379982,4.506544726379982,-0.010756040926475042,0.8160286737815287,0.23460308221662593,0.001374306488701191,0.006915973056052417,0.7307692307692307,27.988280997211405,3.035156386467861,27.988280997211405,3.035156386467861,853.8085937850119,52,4.734086828206088,0.009971240906475115,0.001769775240390303,0.21972276656616,0.03335773138502181,0.0007077925738920596,0.0014353180382444843,0.29411764705882354,0.21568627450980393,165.1647621154782,1.1842164993286133,1.3814068769033139,628.535734907682,1.1872412037360864,23.31518270217905,0.007169910119815054,0.014178108435482156,True,41,841.77733716488,8.88477797428277,21.044433429122,245.19529382590554,28.9167994704374,50.643169980865544,11,797.9804673889448,0.09090909090909091,0.0,0.09090909090909091,6.100857018637973,3.1093786250494304,12.031256620131899,12.01562995108543,0.0,55.82812639606709,4,0,0.0975609756097561,0.0,raw,0.01481104399548183,0.004062023237785026,-2.4199569990186487,0.011876497912563068,0.003257205266492567,0.39682655077794776,0.30303228181612585,0.9090909090909091,1.0,1.0,0.4268990026639423,3.646223354339578,-0.6031734492220522,0.2263909090909091,0.045499999999999985,0.0027000000000000357
254314,SNIa,r,60287.10546875,137.69480972290012,2.1975963408188686,1.0105706042416234,2.168884692459071,2.168884692459071,-0.028711648359797646,0.42354245185357126,0.01581058838276432,0.007907523817365905,0.010681022123737782,0.9230769230769231,9.00781240753713,6.003906352889317,9.00781240753713,6.003906352889317,853.8085849586641,52,4.852866538552293,0.013126530472790582,0.0017780994504108397,0.16877477206330693,0.037875065128005196,0.0013976216916699205,0.002964558794843692,0.39215686274509803,0.43137254901960786,137.69480972290012,1.1647509932518005,1.2897888066676946,256.40172600780124,1.0256525171149586,10.690165654415527,0.00845893171714874,0.015370876125650334,True,41,850.7734176144295,9.019532304042514,21.269335440360738,245.19531778169767,25.80506402165556,50.51882069531341,11,837.7265665121668,0.09090909090909091,0.09090909090909091,0.0,5.817828012526496,3.109354120970238,12.843762278716895,12.015626320433512,0.0,74.93749748807022,8,0,0.1951219512195122,0.0,raw,0.016845506658661996,0.008164627692338954,-2.0025920784982003,0.015378168435501742,0.007453442773203181,0.3724573184529902,-0.050577816978134266,1.0,1.0,1.0,0.3088302994982983,2.063230228424071,-0.6275426815470098,0.3173,0.045499999999999985,0.0027000000000000357
255747,SNIa,r,60636.046875,72.92294273376456,1.3931082857044217,1.0204697558580846,1.35947792314479,1.35947792314479,-0.033630362559631644,0.3317849702838129,0.01847364751422059,-0.0008313364266556704,0.014064880786278279,0.8846153846153846,30.86328056707862,15.968749538857082,30.86328056707862,15.968749538857082,853.8086140682353,52,2.9607575157245396,0.009806138926291213,0.0026560069503269884,0.11743090335965972,0.02219406061449956,0.002259162364098734,0.003847199639626564,0.5294117647058824,0.49019607843137253,72.92294273376456,1.1747729778289795,1.2718492024219954,84.38833085905115,0.5707578293942925,7.658604327347727,0.016109785669483682,0.029270886222828404,True,41,838.742220875778,9.63868212770467,20.96855552189445,248.17577894288115,18.579282678193714,50.76044239213005,11,853.8086140682353,0.18181818181818182,0.09090909090909091,0.09090909090909091,3.8309640953408564,3.0000023500761017,12.031249696978193,3.109368788820575,0.0,16.08203087759466,9,2,0.21951219512195122,0.18181818181818182,raw,0.03352730268502959,0.018215838320906903,-1.9167249428343154,0.018808862228891995,0.010219109976738257,0.4685684344821364,-0.166303331308986,1.0,1.0,1.0,0.28152681590681095,1.8405577659606929,-0.5314315655178636,0.3173,0.045499999999999985,0.0027000000000000357
257906,SNIbc,r,59933.125,5.511501061916335,3.6504561609690436,1.3275219380035732,3.088406757910715,3.088406757910715,-0.5620494030583285,0.5718074040141675,0.2561311370843005,-0.008929328179767056,0.21912644990673766,0.5192307692307693,611.1758147010114,3.0000000551517587,611.1758147010114,3.0000000551517587,853.8086008483151,52,17.005030648826313,0.06019845590238958,0.03313316987096683,0.38585812158515326,0.0946188942922724,0.015501998236673425,0.022355915731831783,0.39215686274509803,0.35294117647058826,5.511501061916335,1.1141805052757263,1.252295657992363,15.277378346915267,0.611447559604934,1.489960675288462,0.2021555457867096,0.3850673958667486,True,41,853.8086008483151,8.884776772880286,21.345215021207878,245.19532152867032,25.455473381272903,51.0550601407104,11,691.0390430605912,0.0,0.0,0.0,9.221255453395399,5.980492674134439,28.808627130201785,15.964881753490772,0.0,19.074218977140845,9,1,0.21951219512195122,0.09090909090909091,raw,0.22207730409480692,0.12423200021119239,0.04510581552966821,0.13198963554490234,0.07383616483334711,0.5509594287355122,0.16698962849334545,0.9090909090909091,1.0,1.0,0.24680687426284603,1.7876014530658695,-0.4490405712644878,0.2263909090909091,0.045499999999999985,0.0027000000000000357
262402,SNII,r,60621.265625,504.78231811523426,1.1336536723838349,1.0045412109557197,1.125593603707508,1.125593603707508,-0.008060068676326837,0.31569861479192446,0.004291855022052565,-0.0004886799615365217,0.0029534142312510974,0.8846153846153846,30.863281327459845,30.863281327459845,30.863281327459845,30.863281327459845,853.8085711400199,52,1.71408991169341,0.004134293877600268,0.0006093656461518316,0.11032155614289352,0.016140082561278427,0.0009682401260938009,0.003399075518218808,0.39215686274509803,0.39215686274509803,504.78231811523426,1.2059984803199768,1.4844476408683336,471.1280800158274,0.9935967843051356,19.999976383127315,0.002389145651580976,0.006008466812361769,True,41,850.7734575702343,9.527335468374076,21.26933643925586,248.17576718146302,18.579284141615073,50.807537110810244,11,837.7265401573459,0.09090909090909091,0.09090909090909091,0.0,4.437145918052093,3.0000088681845227,12.843752308457624,5.988271421301761,0.0,10.19140604925633,9,3,0.21951219512195122,0.2727272727272727,raw,0.12615018709960676,0.05915841242468208,1.571370477480478,0.054125736097535994,0.025382385016355778,2.5862473135565023,-1.1123395243278986,0.8181818181818182,0.8181818181818182,0.8181818181818182,0.39674062970951396,2.1324133276939388,1.5862473135565023,0.13548181818181826,-0.13631818181818178,-0.17911818181818173
263821,RRL,r,59924.10546875,3620.935705566406,1.615321580260584,1.4170305110370363,1.0484140837956544,1.0484140837956544,-0.5669074964649297,0.4644306773265855,0.830278147286856,0.07117665022953926,0.4343978635480547,0.07692307692307693,853.808614999798,809.8828299174929,809.8828299174929,809.8828299174929,853.808614999798,52,20.13148285947135,0.06994770874129046,0.05157877602683323,0.6747956026680476,0.11901538349587351,0.014390214703451854,0.023973033374085642,0.29411764705882354,0.37254901960784315,3620.935705566406,8.998035430908203,10.168001578404354,421.8965372368185,156.72256522862722,137.64559735413667,0.0024850028176627574,0.0052950700732276096,True,41,853.808614999798,8.898428335618519,21.34521537499495,248.17578756126022,27.04531815271912,50.96534197383551,11,793.8007659428986,0.0,0.0,0.0,6.060010867769464,2.992189083037374,12.843747853665263,12.015627789412974,0.0,54.00000057071156,10,0,0.24390243902439024,0.0,raw,0.7534837631997158,0.0005233175884024666,0.4140240490680202,0.3239847658831845,0.0002250173588892404,1.031584432394905,-0.12903174411227722,0.7272727272727273,0.9090909090909091,1.0,0.19720290599770107,1439.8212097167957,0.03158443239490505,0.04457272727272732,-0.045409090909090954,0.0027000000000000357
265676,M-dwarf,r,60621.265625,3.5617267131805406,2.4383136967872603,1.22697913917006,1.3868756339378439,1.3868756339378439,-1.0514380628494164,0.43344208466754386,0.5507930415739792,0.059634416531116244,0.3466752870716415,0.09615384615384616,831.6991973352269,819.9101352542639,819.9101352542639,819.9101352542639,853.8086176127326,52,25.038550808015845,0.09691337303239267,0.06420342547483529,0.5490641447847943,0.1490844900075915,0.029243303476405424,0.0438169346117714,0.5686274509803921,0.49019607843137253,3.5617267131805406,1.1137880086898804,1.2510848022424257,4.435019909278806,0.7812014467109514,0.9701007616190841,0.3127101258409838,0.5915621019678969,True,41,853.8086176127326,9.527342124885763,21.345215440318317,245.19531131915573,27.854645931787672,50.62328594553169,11,838.7421657732193,0.0,0.0,0.0,6.533024866775535,3.035201283346396,13.12108479008748,12.843747893391992,0.0,2.863281307349098,8,4,0.1951219512195122,0.36363636363636365,raw,0.4710914264218049,0.26431943587954204,0.44443081243549437,0.24489422082589493,0.13740496784355072,1.0036137662723077,0.09876798969274692,0.6363636363636364,1.0,1.0,0.17632063255046088,1.7822806894779195,0.0036137662723076946,-0.04633636363636362,0.045499999999999985,0.0027000000000000357
266677,EB,r,60535.28125,14.401963472366326,2.3043756111643696,1.1938992542041995,2.0145186058924116,0.28985700527195785,-2.0145186058924116,0.38619010770196927,0.1935064444447131,0.004183422376188359,0.2790193372039758,0.5384615384615384,708.929678400098,636.1288977097502,825.8203120470425,464.765635380958,853.8085845298556,52,17.804846646114044,0.09396843444159055,0.024501528253024173,0.7461130164925689,0.19418332456981846,0.03916841566674695,0.09424809818145721,0.6274509803921569,0.6274509803921569,14.401963472366326,1.431253969669342,1.5653541684150696,20.271051812815323,0.8797316889108189,1.818128349278336,0.09937908622081644,0.1602246179544479,True,41,853.8085845298556,9.570318032376235,21.34521461324639,245.195306560905,30.139844885115615,51.36015026731399,11,806.7460941108802,0.0,0.0,0.0,7.001770388076363,3.023422109792591,15.937468466443534,14.062505259717,0.0,57.839842379049514,5,0,0.12195121951219512,0.0,raw,0.9025682830883734,0.4245751264924907,1.6783475274451958,0.5635685231045358,0.265107007932458,1.067783173073165,0.7068954216201115,0.7272727272727273,0.8181818181818182,0.9090909090909091,0.4524614714849071,2.1258152604103078,0.06778317307316506,0.04457272727272732,-0.13631818181818178,-0.0882090909090909
268949,SNIa,r,60535.28125,7.252802133560168,1.8606783586453055,1.309668449425333,1.3489205635536663,1.3489205635536663,-0.5117577950916393,0.3900292572807221,0.44569670460572053,-0.014847020748241907,0.2223868501165926,0.21153846153846154,834.6914054783774,60.820312864438165,834.6914054783774,60.820312864438165,853.8085686040868,52,13.32215526944533,0.05013439620348052,0.02857416652463784,0.27560881725988423,0.07181051871177131,0.01636135986105026,0.023019461498600957,0.3137254901960784,0.29411764705882354,7.252802133560168,1.118529498577118,1.2574948840416396,8.746710707040586,1.3938367037914692,1.73606846806278,0.1542203245007137,0.2938296521975332,True,41,853.8085686040868,10.080095400677237,21.345214215102168,245.1953183429796,22.26718674058066,50.49863916140609,11,762.9492249807954,0.0,0.0,0.0,4.799000816044017,2.992186412375304,12.843749283936631,10.054711673146812,0.0,32.0468748307394,4,1,0.0975609756097561,0.09090909090909091,raw,0.18661892797387866,0.08092964605240473,-0.10717305937682181,0.1094735076878635,0.047474563944200236,0.8968519144770737,-1.0169445137667241,0.45454545454545453,0.8181818181818182,1.0,0.4766257763244527,2.3059402465820313,-0.10314808552292631,-0.22815454545454544,-0.13631818181818178,0.0027000000000000357
269733,SNIa,r,59854.1484375,66.83086185455312,1.534459888486075,1.021301545935077,1.4746823254497647,1.4746823254497647,-0.059777563036310294,0.3397987211381733,0.06302234196410146,0.0017290664833396186,0.01998886003486635,0.7692307692307693,30.851562046074832,24.863281453363015,30.851562046074832,24.863281453363015,853.8086009153703,52,3.8479155653788544,0.010163425447549525,0.003691978382223652,0.07178508130455007,0.018292599223032908,0.0015328964521264753,0.0026421763864395353,0.37254901960784315,0.3137254901960784,66.83086185455312,1.1451209783554077,1.2646865363304431,86.06452299304256,1.0450132733753996,8.130092737989177,0.01713461335943241,0.032285300598706004,True,41,850.7734439219275,10.011717488956492,21.26933609804819,245.19533396151382,18.579298913401736,50.75908637180522,11,822.9453445130421,0.09090909090909091,0.09090909090909091,0.0,3.766684110616387,2.999997579048795,12.843744406913174,3.0898249652673258,0.0,15.957031062134774,10,2,0.24390243902439024,0.18181818181818182,raw,0.023487461182890412,0.009835078233622946,-2.1371362675086973,0.015453748607298206,0.006471062383968376,0.7522161206946182,0.16459259653129388,0.8181818181818182,1.0,1.0,0.2576557537451659,2.3881316065788263,-0.24778387930538182,0.13548181818181826,0.045499999999999985,0.0027000000000000357
270612,SNIax,r,59801.35546875,7.0454654216766315,2.1310135015593046,1.1265402552838477,1.8635315337638754,1.8635315337638754,-0.26748196779542927,0.42278331150547754,0.37775031946349263,0.04106470967486195,0.152308269201741,0.3076923076923077,128.78515995393536,55.82812292183371,128.78515995393536,55.82812292183371,853.8086057301625,52,9.528636350888302,0.03573731099327427,0.02281633777358689,0.23012346676392792,0.054633505376618166,0.011591323917048136,0.01782383812127707,0.3137254901960784,0.2549019607843137,7.0454654216766315,1.1051499843597412,1.2425513726014357,11.880239939508147,1.1811441826343503,1.890946471282957,0.156859755632261,0.29884524911281846,True,41,853.8086057301625,9.019511142741976,21.345215143254062,248.28513946691965,28.035133562147532,52.27939055266509,11,740.9687401412884,0.0,0.0,0.0,7.370031847179317,5.988282842714398,16.105454655225913,13.121073639449605,0.0,68.74999825431587,4,0,0.0975609756097561,0.0,raw,0.18787637691069733,0.08868548615348969,-0.403707798804331,0.09972781596839125,0.0470756887460445,0.9127011658270923,0.32082619114906535,0.8181818181818182,1.0,1.0,0.1899617130034429,2.1184568643569937,-0.08729883417290774,0.13548181818181826,0.045499999999999985,0.0027000000000000357
272367,EB,r,59798.3203125,268.0138458251953,1.2820986988944794,1.0086534686381459,1.2630072037006983,0.019091495193780995,-1.2630072037006983,0.30682950577652174,0.08499987823844947,-0.015565580441620517,0.13131759173215868,0.7307692307692307,428.0117044883591,428.0117044883591,748.8789312273293,748.8789312273293,853.8085735140703,52,10.918032254272726,0.04924501819420087,0.009539724112917662,0.4020392021598816,0.11199462436659072,0.018183420870503342,0.04303212014397153,0.23529411764705882,0.49019607843137253,268.0138458251953,2.6117115020751953,2.695802839902731,129.60980479650388,1.9696679322684774,13.074728490168022,0.0097446887269347,0.01176358069636935,True,41,841.7773263178606,10.011728018140275,21.044433157946514,248.17574317559774,25.255862059839277,50.8231009220294,11,809.8827929531617,0.09090909090909091,0.0,0.09090909090909091,5.301840838974882,2.992185470488039,12.031247196209733,11.914066828612704,0.0,43.925780560908606,3,1,0.07317073170731707,0.09090909090909091,raw,0.8000655543336497,0.15588868516430013,1.4523445737321905,0.37139837455882996,0.07236507554728405,1.6218173666379547,0.6116417032631954,0.7272727272727273,0.8181818181818182,0.9090909090909091,0.2859686158606539,5.132287526130676,0.6218173666379547,0.04457272727272732,-0.13631818181818178,-0.0882090909090909
274024,SNIa,r,59857.140625,4.038057732582092,1.9125702757202958,1.4494425870438405,1.30331276580332,1.30331276580332,-0.6092575099169759,0.40924286240824753,0.4450750457064259,0.015069868922196989,0.35784729367726814,0.2692307692307692,853.8085883570602,739.9609737794526,781.8515931200818,739.9609737794526,853.8085883570602,52,19.524039467907407,0.07650157540191677,0.048936911951424536,0.4645108525495365,0.1251251073881191,0.021756029172561073,0.041717374840135386,0.49019607843137253,0.45098039215686275,4.038057732582092,1.1027154922485352,1.239058574804893,4.7726292311298035,0.8979700149321275,1.0079058991880139,0.27308066532853054,0.520518515562438,True,41,853.8085883570602,9.527348844057997,21.345214708926505,251.179685345669,18.579281182968415,51.20098775018066,11,737.9765294450917,0.0,0.0,0.0,3.7872864928808254,2.992187575204298,12.843796975939767,3.0156302808973123,0.0,15.957030802550435,10,2,0.24390243902439024,0.18181818181818182,raw,0.3944687172022748,0.2174118350322425,0.30732153200482965,0.20935191422994362,0.11538452063590458,1.0037765953019357,-0.0580439633302388,0.6363636363636364,1.0,1.0,0.23796443563197156,1.8143847465515135,0.003776595301935748,-0.04633636363636362,0.045499999999999985,0.0027000000000000357
275093,SNIa,r,60640.09765625,219.99910659790032,1.2337665342959032,1.0057708993551016,1.226720069501015,1.226720069501015,-0.0070464647948881515,0.2919148088867368,0.006928099564909601,0.001024654198325994,0.005603190445774266,0.9038461538461539,19.074218700858182,19.074218700858182,19.074218700858182,19.074218700858182,853.8086148493094,52,1.7203063177069713,0.005948644479251594,0.001263699537309455,0.08544324449198716,0.016028490045591474,0.001101365876515035,0.002201731331888989,0.49019607843137253,0.5294117647058824,219.99910659790032,1.1802705526351929,1.2911819448837867,228.65716570949073,0.6791038916987949,12.889302272173268,0.005364887934715174,0.009551388936654682,True,41,838.7421976735714,9.019533020495146,20.968554941839283,245.1953285527925,18.57927734878541,51.19570345612026,11,853.8086148493094,0.18181818181818182,0.09090909090909091,0.09090909090909091,4.7162691064090305,3.000016227735614,12.84374453111377,12.031250128624379,0.0,4.050781303041731,7,4,0.17073170731707318,0.36363636363636365,raw,0.16335676510133007,0.08678511820683692,-0.6670733007329503,0.07611442577240658,0.04043664450508904,0.40653558162404346,0.014015338583756547,1.0,1.0,1.0,0.2671004091452319,1.8823131024837487,-0.5934644183759565,0.3173,0.045499999999999985,0.0027000000000000357
276083,AGN,r,60580.171875,59.13867816925049,1.1623863697213885,0.9905982311966028,1.0510224486373703,1.0510224486373703,-0.11136392108401826,0.3873041504635987,0.7786914154521262,0.19249172361031058,0.3492550907943358,0.11538461538461539,486.82421358526335,486.82421358526335,486.82421358526335,486.82421358526335,853.808571067435,52,2.902317200458208,0.00909129965923761,0.0074774913580439506,0.038542177161534984,0.012596542641593995,0.0026303957006543767,0.004104544098460632,0.058823529411764705,0.058823529411764705,59.13867816925049,1.2271459698677063,1.3695016491871614,50.650924881677966,29.27983113937818,26.544323223377678,0.020750311096837604,0.03666960633589064,True,41,853.808571067435,10.054706131282728,21.345214276685873,245.19530554616358,27.91796657710147,50.80243211251133,11,803.7343604926427,0.0,0.0,0.0,6.07208717773425,3.0351491793990135,12.949219182279194,11.945312760515662,0.0,12.949219182279194,9,3,0.21951219512195122,0.2727272727272727,raw,0.05933426375620682,0.0014721771698985114,-1.0341023856854117,0.03516361023308234,0.0008724649286802395,1.7815885591418765,-0.15153669609956025,0.45454545454545453,0.6363636363636364,0.9090909090909091,0.28388938179083145,40.30375213623044,0.7815885591418765,-0.22815454545454544,-0.31813636363636366,-0.0882090909090909
279664,SNIbc,r,60168.2890625,26.8176022529602,1.5821558388324257,1.068230609072826,1.3909151824980384,1.3909151824980384,-0.1912406563343874,0.3321138489812394,0.08943426227581669,-0.008134881135542607,0.04681476185320017,0.6730769230769231,43.8750011560478,17.96093756982009,43.8750011560478,17.96093756982009,853.8085926087879,52,5.343519453813698,0.014614601043046651,0.01151788146726591,0.056123001524879985,0.019083473168941257,0.004058487740805746,0.006108815742229297,0.47058823529411764,0.45098039215686275,26.8176022529602,1.1043494939804077,1.2444550956671054,33.77645422500433,0.8157625892935063,3.546048594787979,0.04118002361148848,0.07852804293750258,True,41,841.7773344787638,10.123037290566572,21.044433361969094,245.19532923658699,27.848424740489282,50.83998035673948,11,809.8828380365885,0.09090909090909091,0.0,0.09090909090909091,5.527698478959792,3.0898445497077773,12.03125813002407,11.902341164968675,0.0,2.9843749333522283,6,1,0.14634146341463414,0.09090909090909091,raw,0.07679355295163867,0.038975375752097925,-1.2007894616496362,0.04254685073396241,0.02159399364512959,1.1085763016424943,-0.30108626309974484,0.5454545454545454,0.9090909090909091,1.0,0.18836453477609105,1.9703094959259018,0.10857630164249432,-0.13724545454545456,-0.045409090909090954,0.0027000000000000357
280334,M-dwarf,r,60652.12890625,4.575634551048276,9.369664668384678,1.6249471077253412,8.29408183390712,8.29408183390712,-1.0755828344775575,1.3282562975903907,0.6885717014884165,0.04032555589430907,0.798222822015369,0.6153846153846154,825.8203146630258,0.0,825.8203146630258,0.0,853.8085989492101,52,41.794984198635696,0.134705172413187,0.09048696946601902,0.6405468358598798,0.18691665440659633,0.04024388109421989,0.06242055086649368,0.5098039215686274,0.47058823529411764,4.575634551048276,1.810410499572754,1.9233146057679102,20.96247642034964,0.7673058337698142,1.5211075450913891,0.3956632636140029,0.5530462847283995,True,41,853.8085989492101,9.019524432016624,21.345214973730254,245.19533337890607,27.089063087207617,50.50866917499273,11,772.9882695995038,0.0,0.0,0.0,7.712707424517165,7.042969388254278,13.898437178278982,13.121087758088834,0.0,12.031249874387868,5,4,0.12195121951219512,0.36363636363636365,raw,0.8366031769858812,0.2592129261838997,1.251604127056602,0.46831154884737103,0.1451015371227666,0.9489388625796842,-0.15569826080687446,0.8181818181818182,0.9090909090909091,1.0,0.18099606040082517,3.227474761009216,-0.051061137420315816,0.13548181818181826,-0.045409090909090954,0.0027000000000000357
280954,M-dwarf,r,60168.2890625,4.597627222537987,148.08125386293227,1.212484685206408,146.89374283929507,146.89374283929507,-1.187511023637208,20.174633488936053,0.4252497378472934,0.03791434048070162,1.211227752003286,0.9807692307692307,0.0,0.0,0.0,0.0,853.808622296674,52,324.1876910042654,1.3082551270943443,0.046553175635746465,49.28879821249313,7.049611909815284,0.2229369700267825,1.081709572652197,0.4117647058823529,0.43137254901960786,4.597627222537987,1.2619900107383728,1.4286174258360496,535.1569070687748,0.6744720655983822,4.798197838601423,0.274487240842838,0.5122399479823695,True,41,850.7734393490682,10.011724751759175,21.269335983726705,248.19922515388316,25.134373742571917,50.90042382232448,11,841.7773739559052,0.09090909090909091,0.09090909090909091,0.0,6.392403554994169,4.050778842793079,12.843761321724742,11.914058619819116,0.0,43.878905873862095,6,1,0.14634146341463414,0.09090909090909091,raw,0.40575247977407036,0.18349484850547165,2.2659457273451564,1.0070862557708393,0.45543810363773946,0.1183442506504253,0.02707584992698927,1.0,1.0,1.0,0.41830954558930045,2.211247253417968,-0.8816557493495747,0.3173,0.045499999999999985,0.0027000000000000357
283902,SNIa,r,60580.171875,144.78345870971646,2.0002006995815917,1.0185198938573592,1.97047577054557,1.97047577054557,-0.029724929036021593,0.39783295161182564,0.06344796992038954,0.0009555960594621976,0.01207857675192817,0.75,43.746094466412615,15.9648432948743,43.746094466412615,15.9648432948743,853.8085758768066,52,4.417161258815424,0.010725415673134897,0.002679580171529411,0.10875444889284926,0.02253262977032617,0.0014115781193845334,0.0023918298658507794,0.43137254901960786,0.43137254901960786,144.78345870971646,1.1620090007781982,1.2973531599228199,245.5164264409491,1.173412490564742,16.556043572828248,0.008025840873907895,0.014851528697876403,True,41,850.7734545192725,10.054686041381501,21.26933636298181,245.19530569706694,25.54104378452758,50.558537505322825,11,834.7343593334299,0.09090909090909091,0.09090909090909091,0.0,5.123209479211337,2.996076649724273,14.894484891439788,12.843750155378075,0.0,12.843750155378075,10,2,0.24390243902439024,0.18181818181818182,raw,0.2301936898315467,0.08311845204898018,0.17046922732626377,0.07202328568647637,0.026006203828272692,2.186561774851174,-0.9442708796446255,0.8181818181818182,0.9090909090909091,0.9090909090909091,0.3888612370125589,2.769465553760527,1.186561774851174,0.13548181818181826,-0.045409090909090954,-0.0882090909090909
285827,SNIa,r,59933.125,20.155957984924235,3.775333363476005,1.0853114290984207,3.6076615049827936,3.6076615049827936,-0.16767185849321162,0.6334938921832545,0.07464354816309984,-0.004952580100600474,0.0736155724852557,0.9230769230769231,6.019531052370439,2.9999999835854396,6.019531052370439,2.9999999835854396,853.8086128735813,52,10.56877617055532,0.034123491947287574,0.006894777526417752,0.3647492982572848,0.08221253750905114,0.005636468118405328,0.00912126960937117,0.5882352941176471,0.5490196078431373,20.155957984924235,1.108016014099121,1.2462749595825489,65.6270963532813,0.7128189800146463,4.034260675867847,0.054972133546213386,0.10446224236722826,True,41,853.8086128735813,8.939457161250175,21.345215321839532,248.17578849215352,28.27265581261163,51.04420445472829,11,765.9726829030988,0.0,0.0,0.0,6.447436873801714,3.035153187251126,14.894531507925421,12.84369002074527,0.0,2.9999999835854396,8,2,0.1951219512195122,0.18181818181818182,raw,0.18498439441958592,0.11521747980092589,0.2361054240221182,0.15251373524366676,0.0949931385560187,0.44357478674926404,-0.12031563268574631,0.9090909090909091,1.0,1.0,0.36304745553224993,1.605523699522018,-0.5564252132507359,0.2263909090909091,0.045499999999999985,0.0027000000000000357
289303,SNIa,r,60652.12890625,2.2956983208656303,6.232426307852451,1.782284223745298,5.4024914785703055,5.4024914785703055,-0.8299348292821457,0.8955094097991666,0.7567840037892768,0.09816512067401069,0.5120533597064792,0.34615384615384615,401.9570227660006,0.0,401.9570227660006,0.0,853.8085904554464,52,32.4837726158017,0.11357313695728123,0.07636312500371627,0.49493601938821186,0.16537922349964546,0.035818435531826086,0.061116658568998276,0.47058823529411764,0.5098039215686274,2.2956983208656303,1.1150835156440735,1.2535098252388148,11.12247687446176,0.804539971582229,1.0186884125488835,0.4857273734571593,0.9259008492976164,True,41,853.8085904554464,9.052748420799617,21.34521476138616,248.17577840018203,28.037875733702094,50.923059758383246,11,781.7734698463028,0.0,0.0,0.0,5.605475596709187,2.9999909223988652,15.937504816101864,12.84374649709207,0.0,44.04687432215724,8,1,0.1951219512195122,0.09090909090909091,raw,0.6500273774838152,0.3931276667899861,1.0800382330282468,0.38243022665391135,0.23128857017743237,0.7181390186568387,-0.08929385281032477,0.8181818181818182,1.0,1.0,0.2907338875797888,1.6534765481948852,-0.2818609813431613,0.13548181818181826,0.045499999999999985,0.0027000000000000357
290322,SNIax,r,60532.30078125,51.43210964202867,1.575166403872154,1.0195612206034905,1.543891737739874,1.543891737739874,-0.03127466613227997,0.3643896068109938,0.3196507016481309,-0.0013658685253640059,0.01612724337984562,0.6923076923076923,107.79687326373096,5.980468681795173,107.79687326373096,5.980468681795173,853.8085671938388,52,3.6240489576651487,0.006641831479703319,0.004557468333817739,0.035207335003842787,0.009921729610613538,0.0013368589316501902,0.0020140880795779838,0.39215686274509803,0.3333333333333333,51.43210964202867,1.1402349472045898,1.257736936211586,69.6396907720912,0.649626082129775,8.41178564717046,0.022169709839645124,0.04115062920509234,True,41,853.8085671938388,11.433621707383281,21.34521417984597,248.19922539154504,18.579291785966788,50.6881671127844,11,728.0000159952906,0.0,0.0,0.0,3.412647752191168,3.0000272758625215,5.98437961255695,5.980468681795173,0.0,2.9804687200157787,3,2,0.07317073170731707,0.18181818181818182,raw,0.04569318232488772,0.01722942710846769,-1.7168867510870351,0.024650935155116117,0.009295073549283163,0.6414749945234518,-0.41040928739402904,0.8181818181818182,1.0,1.0,0.3042458098877697,2.652043044567108,-0.3585250054765482,0.13548181818181826,0.045499999999999985,0.0027000000000000357
294059,RRL,r,60238.3203125,1536.0636352539057,1.9611255856539573,1.6723238084792014,1.2093881405164681,0.7517374451374891,-1.2093881405164681,0.501571294078062,0.6995229791538693,-0.30439327715115727,0.40858079264437386,0.019230769230769232,850.7734591145781,809.8828172734138,700.0234151997065,694.0038888841736,853.8086123992834,52,14.52597056719012,0.05529558095169238,0.02581998405937894,0.4487226712044016,0.09813800616320076,0.014830189883358475,0.02446749303252511,0.19607843137254902,0.21568627450980393,1536.0636352539057,4.211693048477173,4.96375769835252,441.0808485263135,132.64627341563016,128.67958208455516,0.00274187406811502,0.005472929316963519,True,41,825.8203225259713,8.884775874936167,20.645508063149283,245.19532318200072,27.776562480287247,50.58599488167638,11,822.945319655737,0.18181818181818182,0.18181818181818182,0.0,9.841260161303085,3.0039102957452997,27.98828987331217,24.953136588606867,0.0,39.77734168380266,10,3,0.24390243902439024,0.2727272727272727,raw,0.5587888817357554,0.0010438052178658344,3.5312794378963175,0.3473453658766392,0.0006488334273533454,2.7920007489741705,-0.15455433355137166,0.5454545454545454,0.7272727272727273,0.7272727272727273,0.20074670450911042,535.3382720947266,1.7920007489741705,-0.13724545454545456,-0.22722727272727272,-0.27002727272727267
296200,SNIa,r,59798.3203125,5.057547116279598,2.067194606358708,1.3491590756886072,1.5088545619722051,1.5088545619722051,-0.558340044386503,0.43623335044035455,0.4904188538647079,-0.04382935013178618,0.21977291633836407,0.17307692307692307,822.9453020162327,74.77733943221392,733.9804734566133,74.77733943221392,853.8086166189896,52,13.477948406304451,0.05777224947676878,0.03978418819925543,0.26624746008347566,0.07919180181985257,0.017727164984824677,0.025311887202498735,0.39215686274509803,0.3333333333333333,5.057547116279598,1.1106509566307068,1.24866526058087,6.870838217199857,1.102715839212947,1.5036200545167586,0.21960269100720056,0.4185245460730505,True,41,853.8086166189896,9.570303018521372,21.34521541547474,245.1953268904981,24.87226699311941,50.383431676063296,11,756.9257987701785,0.0,0.0,0.0,5.541541720157759,3.1093814691266743,11.902343541500159,9.968748612358468,0.0,55.82812415842636,4,0,0.0975609756097561,0.0,raw,0.2082305287991936,0.10288613828197117,-0.24387333668945638,0.11405982860063034,0.05635665128209495,0.7667987094589298,-0.2560505215897899,0.7272727272727273,1.0,1.0,0.2504937436631093,2.023892939090727,-0.2332012905410702,0.04457272727272732,0.045499999999999985,0.0027000000000000357
297005,M-dwarf,r,60195.28125,3.7388810753822312,719.46776788988,1.4239972926036482,718.5126500271841,718.5126500271841,-0.9551178626958445,98.64749545119147,0.4308077093253617,0.03102933733178494,2.3739244795779495,0.9807692307692307,0.0,0.0,0.0,0.0,853.808619435571,52,1487.0009449597546,2.3979400690926442,0.06200307978856957,59.79664117156022,11.089863311294382,0.5338448054943619,1.9372431231842404,0.49019607843137253,0.6274509803921569,3.7388810753822312,1.2566450238227844,1.630437440597094,2137.782188829344,0.7955124850091455,4.781781027605355,0.3361018974625492,0.633180943900865,True,41,841.7773428036744,8.884760935794475,21.04443357009186,245.19532296508987,29.31953143298888,51.04684770166154,11,825.820313011689,0.09090909090909091,0.0,0.09090909090909091,7.627130485228421,3.0039077956753317,15.937472980513121,14.062500578154868,0.0,12.015625417123374,7,4,0.17073170731707318,0.36363636363636365,raw,40.615852040449326,19.19819676560998,102.74045987319214,25.204900274177714,11.913787612761046,14.135109324594776,1.1078760662493081,0.5454545454545454,0.5454545454545454,0.5454545454545454,0.3636363636310659,2.11560765504837,13.135109324594776,-0.13724545454545456,-0.4090454545454546,-0.45184545454545455
298918,SNIa,r,59842.24609375,117.49398536682101,2.0490103514528086,1.0144756132068826,2.0208466962119918,2.0208466962119918,-0.028163655240816814,0.4014588841316973,0.13435653651362905,0.002433171438871598,0.011713078442825835,0.6730769230769231,46.789062406845915,14.89453148960456,46.789062406845915,14.89453148960456,853.8085751317776,52,4.521211827339043,0.009972535332814505,0.0029097221810132964,0.08998463480781209,0.02045566878851503,0.0011423875235092914,0.0019018806371376787,0.3333333333333333,0.29411764705882354,117.49398536682101,1.159098505973816,1.2771917719107408,204.84655180694713,1.2553825551406175,15.713364520084173,0.009865173118054198,0.01859626299603619,True,41,850.7734191003328,9.005874600687093,21.26933547750832,245.19529872031853,28.024989845066013,50.52289618752109,11,809.7617299920312,0.09090909090909091,0.09090909090909091,0.0,6.534092666785662,3.035156031444785,14.164052595340763,12.84378022319288,0.0,24.86328090899042,9,2,0.21951219512195122,0.18181818181818182,raw,0.018219883981164087,0.006665539219152073,-2.020132900354723,0.016081389379405113,0.005883195069611626,0.31848287493402555,0.15702327243667563,1.0,1.0,1.0,0.36456232794477206,2.7334448695182756,-0.6815171250659744,0.3173,0.045499999999999985,0.0027000000000000357
300965,SNII,r,60278.09765625,665.9345703125,1.0492840300504633,1.0022432518954405,1.0456762883166133,1.0456762883166133,-0.003607741733850124,0.2972696731995031,0.0022764395362102237,0.0005762758371459613,0.0018336212775823006,0.9038461538461539,19.06249958110857,19.06249958110857,19.06249958110857,19.06249958110857,853.808566088439,52,2.163158919616551,0.00217985817598996,0.00030586332012857515,0.05649624282086352,0.008401838918538154,0.0003873431024697,0.0010275791214369985,0.29411764705882354,0.3333333333333333,665.9345703125,1.1752684712409973,1.5189154400275304,592.5046121681432,0.5020748874200548,17.259190432697835,0.0017648407570874185,0.005714714437817165,True,41,853.808566088439,9.019538757285773,21.345214152210975,248.17578800016054,25.250390366027574,51.19430895412581,11,737.0898241801187,0.0,0.0,0.0,7.172940469663775,3.023435609880835,28.80860101408325,15.964854504796676,0.0,10.054687171206751,7,1,0.17073170731707318,0.09090909090909091,raw,0.08228005166704024,0.03963055664817225,-1.3610823514582002,0.02989188942103578,0.014397562872408835,1.6204498847400788,0.5380428725425231,0.9090909090909091,0.9090909090909091,0.9090909090909091,0.4475680592577395,2.076177036762237,0.6204498847400788,0.2263909090909091,-0.045409090909090954,-0.0882090909090909
304076,M-dwarf,r,60165.3046875,7.090785956382749,14.24874386585302,1.2817024425199282,13.749257500070135,13.749257500070135,-0.4994863657828866,1.921173395492927,0.3268476949424003,-0.010435373746895774,0.3063139131515266,0.9038461538461539,0.0,0.0,0.0,0.0,853.8086118461579,52,45.696878377744035,0.1684841867080891,0.03645081412751286,4.618663460595133,0.6555066108398189,0.03572014654561523,0.09036592026604788,0.35294117647058826,0.35294117647058826,7.090785956382749,1.4572570323944092,1.5919714547120607,66.90174747827248,0.7482497216523665,2.3469766876399465,0.20551417591200363,0.32620444634046347,True,41,850.7734466254042,10.054691303339496,21.269336165635103,245.19529762257298,27.057421039227485,50.475927032687885,11,837.7265694350135,0.09090909090909091,0.09090909090909091,0.0,6.544746282301441,3.035165220753697,13.898437130468665,11.078122785955202,0.0,43.875000341126,5,2,0.12195121951219512,0.18181818181818182,raw,0.7795710001260296,0.3109324339327661,1.8666582277704142,0.7482439129228006,0.2984376034804413,0.29357990783639154,0.031079574179887992,1.0,1.0,1.0,0.3578180414823813,2.5072038650512694,-0.7064200921636085,0.3173,0.045499999999999985,0.0027000000000000357
306095,SNIbc,r,60181.41015625,33.05562992095944,2.6688732090630496,1.0417374104089028,2.5947040559037613,2.5947040559037613,-0.07416915315928847,0.515597355645719,0.1689083729695197,-0.010132978787704243,0.031868984535624645,0.6923076923076923,29.97656211811409,1.8554687022551661,29.97656211811409,1.8554687022551661,853.8086104443937,52,6.382914435118271,0.016572121206824036,0.004304469526053163,0.12943254897338366,0.03426383014274953,0.0029224725436411826,0.005536449767984575,0.3333333333333333,0.17647058823529413,33.05562992095944,1.1044620275497437,1.2483618225042636,77.65733441886414,1.090659268100862,5.950160073505122,0.033412221463958315,0.06372405754524177,True,41,853.8086104443937,10.05469106777673,21.345215261109843,245.19532875977893,18.579296262840227,51.26409390706999,11,751.8711000528856,0.0,0.0,0.0,3.260298337579033,2.992185200411768,6.0195285860900185,3.1093730410939315,0.0,16.105468828180165,7,2,0.17073170731707318,0.18181818181818182,raw,0.04086645421459268,0.016775762992954794,-1.375869613483683,0.029127944384593363,0.01195708071226353,0.5306286717637616,-0.12193572253314047,0.9090909090909091,1.0,1.0,0.26238646045619185,2.4360414624214166,-0.4693713282362384,0.2263909090909091,0.045499999999999985,0.0027000000000000357
306448,M-dwarf,r,59887.28515625,2.9236642956733703,2.2991873955119573,1.478171175955716,1.3000377644081957,1.3000377644081957,-0.9991496311037613,0.4802789610420793,0.704244837888697,-0.06537310021457404,0.42563341431435286,0.057692307692307696,853.8086150628151,738.9960856282851,853.8086150628151,420.9570219028392,853.8086150628151,52,29.04687348607664,0.11489655339786169,0.07566138485528595,0.5478694177668568,0.15857410273078623,0.03350633716779598,0.04488778995763255,0.5882352941176471,0.5882352941176471,2.9236642956733703,1.1355025172233582,1.2749677862112339,3.347305652938172,0.9536017381443969,0.952302576345487,0.3883833444570736,0.7330472805505894,True,41,853.8086150628151,11.076174145371624,21.345215376570376,248.28514600406197,18.5793147982724,52.09354369270789,11,775.9140712016451,0.0,0.0,0.0,5.098711445848246,2.992199446693121,16.105451226503646,13.121086681210727,0.0,8.843750192630978,14,2,0.34146341463414637,0.18181818181818182,raw,0.5189435189053122,0.3228421237985617,0.6111485028578365,0.2828170572045204,0.1759445027600903,0.9930294790852439,0.3206555424414785,0.45454545454545453,1.0,1.0,0.3051518773783781,1.6074219584465024,-0.00697052091475614,-0.22815454545454544,0.045499999999999985,0.0027000000000000357
309935,SNIa,r,59798.3203125,4.148542261123657,2.0317314568757223,1.5695597006281647,1.3804147405398386,1.3804147405398386,-0.6513167163358838,0.43138986408124863,0.36692425311435517,-0.035727972609171064,0.3321319941617394,0.17307692307692307,853.8085679294454,797.8164161138557,853.8085679294454,797.8164161138557,853.8085679294454,52,18.220731221471024,0.07599118428096417,0.033936599094152656,0.43158790766038,0.11948886582940028,0.022095298884220824,0.03485413104293292,0.39215686274509803,0.39215686274509803,4.148542261123657,1.1178184747695923,1.2570145210394492,5.123111684290218,0.7853093697050317,1.0722747077680004,0.2694484964621825,0.5137694996221721,True,41,853.8085679294454,11.076167824681761,21.345214198236135,251.1796878975656,18.57929099689719,51.307852479029506,11,768.9374889605315,0.0,0.0,0.0,3.269182882925882,2.9921915955856093,5.9882865166146075,3.0234358015441103,0.0,68.78906127889059,4,0,0.0975609756097561,0.0,raw,0.3078277117505347,0.16463628569535732,0.1466261619604819,0.1716734393954866,0.09181654651523052,0.759501471579248,-0.6311948762301026,0.5454545454545454,1.0,1.0,0.44103490499322645,1.869744026660918,-0.24049852842075203,-0.13724545454545456,0.045499999999999985,0.0027000000000000357
310436,SNIa,r,60535.28125,5.993863964080811,1.8426176844347988,1.2894874886991243,1.469491776949894,1.469491776949894,-0.3731259074849047,0.40837158741895846,0.46547101878435776,-0.035163711253337074,0.18849777840530418,0.28846153846153844,764.8437755967898,63.83593551679951,764.8437755967898,63.83593551679951,853.8085850722418,52,11.748813655685115,0.04400909356232527,0.026371293407034528,0.23984421207617065,0.0659273888191894,0.013828262366187343,0.02259048863238192,0.37254901960784315,0.2549019607843137,5.993863964080811,1.1184405088424683,1.2574033496471553,7.875192053342946,0.9901930261157523,1.5285262473863577,0.1865975797156729,0.35552982321350385,True,41,834.734367459525,9.460967858714866,20.868359186488124,248.1757813584045,26.018343328200718,50.893767077430866,11,456.84764633765735,0.2727272727272727,0.0,0.2727272727272727,6.187146578037672,3.0000118972093333,19.074217612716893,12.015629685491149,0.0,2.9804687675496098,3,2,0.07317073170731707,0.18181818181818182,raw,0.1860577474879996,0.08472338747264477,-0.10431933747407701,0.11471889812350305,0.05223847857654674,0.604912328894101,0.30500475976111646,0.9090909090909091,1.0,1.0,0.2979772443895663,2.1960612416267393,-0.39508767110589904,0.2263909090909091,0.045499999999999985,0.0027000000000000357
311219,SNIa,r,60636.046875,115.67595825195289,1.395447875946673,1.028117669774074,1.3510218443107,1.3510218443107,-0.04442603163597302,0.328517805748142,0.012409754409969536,-0.0011122233125173912,0.011031263622595515,0.8846153846153846,30.86328178842814,19.074219029804226,30.86328178842814,19.074219029804226,853.8085975469367,52,2.440004821279431,0.007392027664786607,0.0016131389063498275,0.08075758052861423,0.018343651841567582,0.00125786843159113,0.0025268309415834227,0.3333333333333333,0.3333333333333333,115.67595825195289,1.1764020323753357,1.2627341346098826,132.8463757788706,0.7640988450292633,10.63213641180042,0.010169805810581864,0.018158588069347007,True,41,853.8085975469367,10.011737257202185,21.345214938673415,245.19532303536835,25.430061046297496,51.12552080192409,11,708.9491898386041,0.0,0.0,0.0,6.767044174840769,3.0000046582426876,25.792968819339876,12.949216645407432,0.0,2.99218761127122,8,3,0.1951219512195122,0.2727272727272727,raw,0.026088986868032682,0.014303738846934661,-1.6497650652418658,0.02521038993955991,0.013822032865780124,0.3783006786318054,-0.016549123143477742,1.0,1.0,1.0,0.2832304773933503,1.8239277958869922,-0.6216993213681946,0.3173,0.045499999999999985,0.0027000000000000357
312769,SNIa,r,60538.28125,3.9684977650642383,1.9686078462778513,1.4576205299941962,1.312500634383924,1.312500634383924,-0.6561072118939273,0.470931553440711,0.729276092417678,-0.06518360714632655,0.3559314841449845,0.057692307692307696,841.7773193795874,449.7890677012838,755.9218842995615,449.7890677012838,853.8085679936703,52,22.90672086879209,0.09622213367687103,0.059554353703384556,0.6315542908600047,0.15335912718554345,0.032172785544733636,0.05221460947955756,0.45098039215686275,0.4117647058823529,3.9684977650642383,1.1056084632873535,1.2420380195746055,4.711121529145025,1.179295098338928,1.367834967043724,0.2785962166894296,0.5305224150523393,True,41,841.7773193795874,8.89843290506542,21.044432984489685,245.1953161529891,28.83242385980848,50.966965310855585,11,825.8203279116715,0.09090909090909091,0.0,0.09090909090909091,6.531241606519457,3.000000491803803,15.937537609301216,12.843752635795681,0.0,41.890626653213985,4,1,0.0975609756097561,0.09090909090909091,raw,0.32656295455381773,0.15233089294792992,0.3385133544290891,0.18490622465719342,0.08625268090235534,1.0311514928907883,0.2568726658410252,0.5454545454545454,0.9090909090909091,1.0,0.13995763321336852,2.143773651123047,0.031151492890788335,-0.13724545454545456,-0.045409090909090954,0.0027000000000000357
316154,EB,r,59867.109375,257.1142951965332,1.7354962153675124,1.1513433362719943,1.3976065964558273,0.3378896189116852,-1.3976065964558273,0.34872580689582583,0.0301711202622043,0.011181657544933426,0.2600739732257733,0.7884615384615384,725.0820037281956,398.83985461232805,399.03904565839184,399.03904565839184,853.80858720377,52,14.47752449249857,0.045467857933359314,0.009273099391994713,0.4249801481358387,0.09878409164870593,0.014792223930931206,0.03206550010234268,0.45098039215686275,0.45098039215686275,257.1142951965332,2.6056265830993652,2.697203512375171,137.91102583177096,1.5853735789956016,13.336840540906211,0.0101341179070097,0.012401723353986517,True,41,841.777375890495,9.019502864412061,21.044434397262375,245.19535047822137,25.362495510066953,50.477734428816305,11,797.9804628982529,0.09090909090909091,0.0,0.09090909090909091,6.115413643749145,3.0898384526662994,14.164067174860975,13.89844979197369,0.0,5.988281156809535,10,3,0.24390243902439024,0.2727272727272727,raw,0.42779892935383174,0.07889377896649888,0.6163964292283283,0.2440954889211081,0.0450155767775039,0.9587181691936166,-0.27602607374188465,0.8181818181818182,0.9090909090909091,1.0,0.24123161963753592,5.422467207908629,-0.04128183080638337,0.13548181818181826,-0.045409090909090954,0.0027000000000000357
317908,SNIa,r,60165.3046875,14.40136232376098,1.4903491428328537,1.108457715935362,1.339014849218256,1.339014849218256,-0.15133429361459763,0.375934258498682,0.3041022594345874,-0.0042405016372376834,0.08436855919705022,0.34615384615384615,115.79687510109216,57.93750122468191,115.79687510109216,57.93750122468191,853.8085886835688,52,7.246570553561998,0.024205892778622156,0.012129380941801314,0.1010015334520991,0.035134594600818636,0.007659995312089969,0.012435083648512892,0.37254901960784315,0.3137254901960784,14.40136232376098,1.1150250434875488,1.255277713904014,17.294354161027073,1.024727065578951,3.0525800870696833,0.07742496983412851,0.14761011560425893,True,41,853.8085886835688,9.503904176905053,21.34521471708922,251.1797009332222,26.103918467852786,51.46645569962174,11,726.0234425997623,0.0,0.0,0.0,4.696381411861776,2.9960940312303137,12.843749332838343,12.015625913270924,0.0,29.976563480049663,5,2,0.12195121951219512,0.18181818181818182,raw,0.11498928115673729,0.05159698160684526,-0.6428690627491522,0.07019229865372381,0.03149607255690005,0.9227228668483137,0.8675944342784078,0.45454545454545453,0.9090909090909091,1.0,0.5211031332754672,2.2286048054695105,-0.07727713315168627,-0.22815454545454544,-0.045409090909090954,0.0027000000000000357
318155,EB,r,60209.1796875,8.559214830398558,2.264847117192284,0.955835985658364,1.4554408419911686,1.4554408419911686,-0.8094062752011154,0.3398608770010477,0.27893021519334193,0.7470179414461008,0.28468333501905535,0.038461538461538464,853.8086022001808,841.7773404304753,853.8086022001808,841.7773404304753,853.8086022001808,52,18.56628656352688,0.07915964555927883,0.043318845199091995,0.3653055267765024,0.11958480410632756,0.026824808126587222,0.041686379984914645,0.11764705882352941,0.6470588235294118,8.559214830398558,1.4174889922142029,1.5499678139503186,8.788379245245016,4.186984622618118,4.016435090523128,0.16560969905556136,0.2664964315130364,True,41,853.8086022001808,9.019530828139978,21.34521505500452,245.19530312122515,28.832438869803447,50.90524511089737,11,791.7656096002029,0.0,0.0,0.0,4.966625778915344,2.999999829233275,15.937485905560607,12.843769049672119,0.0,25.914063405871275,10,2,0.24390243902439024,0.18181818181818182,raw,0.36514647817267604,0.06606686187405462,0.5303467581005993,0.215634881863946,0.03901535632118679,0.9550113783892284,0.6965462594457974,0.6363636363636364,0.8181818181818182,1.0,0.3639816098151313,5.526923298835753,-0.04498862161077155,-0.04633636363636362,-0.13631818181818178,0.0027000000000000357
326736,AGN,r,60567.328125,62.37223453521726,1.4718149520629094,1.003211366506406,1.2389543601340491,1.2389543601340491,-0.2328605919288602,0.3255759773318487,0.44962381227804193,0.5348169921127923,0.34636342475779897,0.07692307692307693,825.8203136020675,725.0820208060104,825.8203136020675,725.0820208060104,853.8085585602894,52,9.790619581083579,0.027378619000675983,0.021024121906953488,0.08194049935080379,0.034413828005160435,0.006712763951729476,0.00935861685731528,0.0392156862745098,0.19607843137254902,62.37223453521726,1.230705976486206,1.3587724417448044,62.79026299144413,18.79791692498061,22.621813110885075,0.01973163196183571,0.03499408123095486,True,41,850.773456988325,9.570312005045707,21.269336424708126,245.1953054556434,27.946070045341187,50.4615684047601,11,825.8085574975412,0.09090909090909091,0.09090909090909091,0.0,4.608302484509212,3.0038954363917583,12.015617614684743,11.902307060350722,0.0,25.79296954257734,9,1,0.21951219512195122,0.09090909090909091,raw,0.14068632207131102,0.003621753925632413,-0.5477983483321416,0.07768067788259722,0.0019997700979380055,1.1675510103217945,0.13627237377791948,0.5454545454545454,0.9090909090909091,1.0,0.1491006358660546,38.84480419158932,0.16755101032179454,-0.13724545454545456,-0.045409090909090954,0.0027000000000000357
328060,SNIbc,r,60165.3046875,12.399341487884518,3.8967038872960456,1.151376410389052,3.573726812359898,3.573726812359898,-0.32297707493614725,0.6596021558937865,0.1032023753362448,-0.03458990036104567,0.08481017314559597,0.8846153846153846,17.960937627409294,2.9843751100779627,17.960937627409294,2.9843751100779627,853.8086067999611,52,11.509917224922015,0.027758635527249477,0.015281785329133765,0.21389076404072035,0.04485945421758087,0.005566641395955538,0.009080675633244375,0.35294117647058826,0.39215686274509803,12.399341487884518,1.122016966342926,1.2630935334242308,39.493038394319775,0.6254181079181711,2.542199813322218,0.09049004476884974,0.17245352396336658,True,41,853.8086067999611,9.460944568214472,21.34521516999903,245.19531545489008,27.060163572042804,50.61045556915118,11,838.7421718521655,0.0,0.0,0.0,5.371451361705443,3.0351757541211555,12.84376331835665,12.015625154243025,0.0,29.97656278165232,5,2,0.12195121951219512,0.18181818181818182,raw,0.14821540728337285,0.08220220602332681,-0.6378929090892389,0.07866164582538088,0.04362677898870041,0.8483315433439135,0.020593205622345526,0.8181818181818182,1.0,1.0,0.16081656628230667,1.803058755397796,-0.15166845665608653,0.13548181818181826,0.045499999999999985,0.0027000000000000357
330300,M-dwarf,r,60226.33203125,8.985141229629516,4.649665232938667,1.0296579171324591,3.627736635423772,3.627736635423772,-1.0219285975148955,0.767540798420963,0.24518952769127644,-0.745701890053545,0.24074511527659617,0.019230769230769232,853.8086059291963,61.02734350018727,61.02734350018727,61.02734350018727,853.8086059291963,52,26.05600335736907,0.09973195124235187,0.025826824538544017,1.3691087231727974,0.2653883207306193,0.026636339324320937,0.05401881393018765,0.11764705882352941,0.5098039215686274,8.985141229629516,1.2481245398521423,1.386828037408682,26.1157640703427,5.429135470243287,5.633021448854849,0.13890984103135864,0.24381933762028585,True,41,809.8828142888597,9.460933619895513,20.247070357221492,245.1952938509712,17.266416956365738,50.52000139958735,11,841.777348470554,0.2727272727272727,0.2727272727272727,0.0,12.056463819844463,3.0234100036905147,43.92579164033668,40.89062439214467,0.0,14.753906773941708,9,2,0.21951219512195122,0.18181818181818182,raw,0.5341882312308486,0.07774287164802998,1.1562427794637815,0.4349213791954979,0.06329610984104206,0.5201487302177507,0.02569801134652614,0.9090909090909091,1.0,1.0,0.29783092325400584,6.8712181568145745,-0.47985126978224935,0.2263909090909091,0.045499999999999985,0.0027000000000000357
330588,SNIa,r,60278.09765625,224.32367782592763,1.1812195443327,1.0052671207540902,1.163558956381921,1.163558956381921,-0.017660587950779016,0.2961469489679495,0.007935371889843645,0.0002143420702320746,0.005406309286101607,0.9038461538461539,19.06249996724364,19.06249996724364,19.06249996724364,19.06249996724364,853.8086046913013,52,2.5392947394700363,0.004013378349257642,0.0006519947987023115,0.05403821534492861,0.01091252005402365,0.0006572320770369817,0.0016988978558951158,0.3333333333333333,0.3333333333333333,224.32367782592763,1.1589400172233582,1.2935751561935132,225.21771669274096,0.7407775916408614,13.028172324321627,0.005166374002314108,0.009529241569501667,True,41,853.8086046913013,11.021484518347279,21.34521511728253,245.19530656979623,25.25036232792991,51.344124553693135,11,740.9726872081374,0.0,0.0,0.0,4.1832348435861855,3.0195169372236705,10.054687610674591,6.01952970365528,0.0,6.003905973804649,5,3,0.12195121951219512,0.2727272727272727,raw,0.07683281406239681,0.047890523529824036,-1.943824210309823,0.02664882466742864,0.016610431107484995,1.2441386102929028,-0.13904581745360625,0.8181818181818182,0.9090909090909091,0.9090909090909091,0.26968503613524714,1.6043427467346192,0.24413861029290285,0.13548181818181826,-0.045409090909090954,-0.0882090909090909
333551,SNIa,r,60532.30078125,10.701647734641991,2.1969147464381478,1.1276503956284656,1.9880269074493533,1.9880269074493533,-0.2088878389887943,0.4201256135404768,0.25017031166228426,0.04941776464780358,0.11273446832492297,0.38461538461538464,100.75390478125337,5.980468686298991,100.75390478125337,5.980468686298991,853.8085572578202,52,8.952051058103745,0.029961855143358015,0.017833616704471332,0.13250834278418863,0.04361972341339864,0.008457431334228585,0.0125491711280951,0.3137254901960784,0.23529411764705882,10.701647734641991,1.1197115182876587,1.2581891543590105,19.000575865333747,1.0797082598990915,2.335348506215519,0.10462982393478279,0.19913766405716046,True,41,853.8085572578202,10.054665994670358,21.345213931445507,248.19922260077874,27.060158402301024,50.78116549052209,11,831.6992261848427,0.0,0.0,0.0,4.354043360049466,3.0000031037052395,12.843749852960173,9.08593813009793,0.0,47.87109373518615,4,1,0.0975609756097561,0.09090909090909091,raw,0.11398942897982757,0.045418939260989964,-0.8056567794147675,0.06509482035001432,0.025936946242669266,1.0410379519568436,0.42883091815913815,0.45454545454545453,0.9090909090909091,1.0,0.26812648428670754,2.509733402729032,0.041037951956843566,-0.22815454545454544,-0.045409090909090954,0.0027000000000000357
335454,SNIa,r,59842.24609375,168.9189239501952,1.983711870884621,1.003876736109182,1.967373227534295,1.967373227534295,-0.016338643350326063,0.4025969842100234,0.14118221731616318,0.002240104279553475,0.007291452180892659,0.6730769230769231,46.78906198695768,27.839843510722858,46.78906198695768,27.839843510722858,853.8086027331083,52,4.166674780141275,0.007601218808710693,0.0018781455898730331,0.07348545627917981,0.017731781528611115,0.0008568163098488281,0.0015432863040141327,0.27450980392156865,0.21568627450980393,168.9189239501952,1.1802249550819397,1.3038444496118105,281.5790050638635,0.9809442626666349,19.95640887607022,0.006986931525978241,0.012937155458399548,True,41,853.8086027331083,9.527349433446943,21.345215068327708,254.17967732094257,19.28865544534494,51.53146270756857,11,794.9570384027393,0.0,0.0,0.0,4.442118958524423,2.9999948146214592,15.93749963191658,6.003886042679369,0.0,15.93749963191658,8,3,0.1951219512195122,0.2727272727272727,raw,0.06852730804608871,0.022264714737260775,-2.1303002489194123,0.02281354167985197,0.007412183728374316,0.44942227632773807,0.20179464329240124,0.9090909090909091,1.0,1.0,0.33322903106388824,3.0778435230255106,-0.550577723672262,0.2263909090909091,0.045499999999999985,0.0027000000000000357
338999,M-dwarf,r,60250.171875,2.5023998260498037,2.577754340735236,1.7129993542385082,1.4205168386182032,1.4205168386182032,-1.1572375021170327,0.5638441511010276,0.7208989769704255,-0.15160007994035274,0.5276251491068911,0.038461538461538464,850.7734390729529,765.9726410742296,838.742164815274,476.7421766104235,853.8086227659805,52,34.06936284149959,0.13207665834790347,0.10811206674894557,0.4671191583567072,0.17193276964095575,0.040654965907018045,0.056873665517201306,0.5294117647058824,0.5686274509803921,2.5023998260498037,1.1491329669952393,1.2879744389882455,3.093376651749767,0.8335702744823663,0.9312662036531498,0.45921237487025335,0.8558488147897583,True,41,825.8203337119267,9.005847536100191,20.645508342798166,245.19530525893788,22.67657164390258,50.51907742121061,11,812.7539104814205,0.18181818181818182,0.18181818181818182,0.0,9.714839418890982,3.0156197979085846,27.988289054053894,24.953105361026246,0.0,66.90624956715328,12,0,0.2926829268292683,0.0,raw,0.4968164197190053,0.2744793501642722,0.7935553423064914,0.2946097102016247,0.16276491395747866,0.8923612781047798,0.6551944971698355,0.6363636363636364,1.0,1.0,0.3569460017894648,1.8100320458412167,-0.10763872189522017,-0.04633636363636362,0.045499999999999985,0.0027000000000000357
339008,SNIa,r,60538.28125,37.54261531829823,2.151791796947147,1.0631937163926573,2.076066440345429,2.076066440345429,-0.0757253566017181,0.42077257348694364,0.0797310008445111,0.009573333880010967,0.04030621989059302,0.8076923076923077,35.027344045825885,5.9804688856966095,35.027344045825885,5.9804688856966095,853.808568815657,52,6.0135513787579935,0.015437864467123807,0.006727008400719779,0.15234952065375895,0.029321203056239118,0.0037642794207021603,0.006354846584030664,0.3137254901960784,0.3333333333333333,37.54261531829823,1.1048250198364258,1.2464574323250697,70.54597999297363,1.2679133298606426,4.5344549402598044,0.029428557666251215,0.056089360859534046,True,41,838.7421611029131,10.011719141053618,20.96855402757283,248.17578793042048,25.15351346744865,50.75656556762507,11,853.808568815657,0.18181818181818182,0.09090909090909091,0.09090909090909091,4.379617459986052,2.9922425493132323,12.031251999884262,9.085945723199984,0.0,5.9804688856966095,4,1,0.0975609756097561,0.09090909090909091,raw,0.2160130473190176,0.09897010379590872,1.1691492079275572,0.08841088455759369,0.040506971823932064,2.3124945310354263,-0.48382571395228857,0.8181818181818182,0.8181818181818182,0.9090909090909091,0.187915865856073,2.18260908126831,1.3124945310354263,0.13548181818181826,-0.13631818181818178,-0.0882090909090909
340017,SNIa,r,59842.24609375,25.28931427001951,2.559016854284269,1.0706818907703695,2.4309849908936547,2.4309849908936547,-0.1280318633906143,0.42215963997357364,0.10409376912573777,0.014590589788703194,0.04760029700261497,0.7884615384615384,40.800780552090146,11.90234362098272,40.800780552090146,11.90234362098272,853.8086001596093,52,7.162991609862836,0.02037043322420546,0.010525246368526201,0.09491309268080642,0.03238153633258017,0.004441932066505846,0.006846905880770679,0.35294117647058826,0.2549019607843137,25.28931427001951,1.1176185011863708,1.2555660353257105,55.00798649552623,1.1150031384230874,4.109488781364126,0.04419330984040591,0.08414562690570344,True,41,853.8086001596093,10.123062535905774,21.345215003990234,251.17580439325684,26.33594761010245,51.06453101855043,11,822.7734627598184,0.0,0.0,0.0,4.821385613159112,3.0156502409518,11.988273735405528,11.074206969104125,0.0,14.894531322308467,8,3,0.1951219512195122,0.2727272727272727,raw,0.09816109408201226,0.03742425530346873,-0.7791096615049202,0.06022675752415836,0.02296165879937189,0.7387617411536805,-0.1321077082175779,0.8181818181818182,1.0,1.0,0.2207692054433612,2.622927117347717,-0.26123825884631946,0.13548181818181826,0.045499999999999985,0.0027000000000000357
342844,SNIa,r,60209.1796875,35.28559398651118,1.5050762809041311,1.051433855839952,1.445453706871155,1.445453706871155,-0.05962257403297615,0.33200428867579557,0.06779984903631606,-0.004337747698780862,0.03262320925912558,0.7692307692307693,31.050781429803465,31.050781429803465,31.050781429803465,31.050781429803465,853.8086026415695,52,4.374564065917819,0.014367357510414357,0.006840409169023152,0.09070504666565277,0.02392113002873684,0.0030051714046358995,0.004798214937231508,0.37254901960784315,0.21568627450980393,35.28559398651118,1.104606032371521,1.2451935628285775,46.17365027189952,1.0892249606102298,4.0531876314191075,0.031304731126073286,0.05969419299821598,True,41,853.8086026415695,8.88476882725081,21.345215066039238,251.28515433258872,27.16601744635191,52.709960824313825,11,784.7656082228059,0.0,0.0,0.0,7.658737625637679,3.0156381310225697,16.105470549373422,15.937482064080541,0.0,13.89843741102959,8,4,0.1951219512195122,0.36363636363636365,raw,0.19490700850453366,0.09537751600780076,-0.6562719331132371,0.09326020630681241,0.04563677257255683,0.9709831369356839,0.7396968902241876,0.6363636363636364,0.8181818181818182,1.0,0.3450824061738056,2.043532025814056,-0.029016863064316056,-0.04633636363636362,-0.13631818181818178,0.0027000000000000357
17080009,SNIa,r,59957.0703125,8.52956886291503,23.621875709002715,1.425021656097901,23.11336444548384,23.11336444548384,-0.5085112635188775,4.512128329816795,0.6402938854020443,0.18187883297503352,0.4321293466131033,0.96,0.0,0.0,0.0,0.0,771.7460988471576,25,55.52207349318528,0.11281725613331571,0.028452857688607402,0.7484588558268463,0.21503551983595512,0.050104782474185997,0.16751436186356902,0.4166666666666667,0.4583333333333333,8.52956886291503,3.1256520748138428,3.1796755313873293,63.07388953492141,0.9335578687457065,3.0536131520588965,0.3664490110870191,0.532672621651948,True,20,771.7460988471576,19.85161938941019,40.618215728797765,216.31249443067645,106.03593464397412,58.548705451184084,5,740.8632989779144,0.0,0.0,0.0,8.37187654046138,9.937485518305039,15.035129709969624,13.825765916027013,0.0,88.7617184749397,1,0,0.05,0.0,raw,0.2409390466563249,0.4362832831402724,0.18025184241347883,0.15880141215234395,0.28755157133148485,0.8566853089327444,0.02928844515593094,0.6,1.0,1.0,0.18889988034212912,0.5522536754608105,-0.14331469106725558,-0.0827,0.045499999999999985,0.0027000000000000357
32662207,SNIa,r,60589.19140625,168.12612915039062,1.799902473736,1.0167117389738576,1.7708598611366495,1.7708598611366495,-0.0290426125993505,0.43329228381747104,0.023130926432744156,0.013032690958888992,0.014620915742727782,0.8095238095238095,26.88671792064997,16.050781639911293,26.88671792064997,16.050781639911293,771.7460689497311,21,3.360390510439313,0.010133175340614527,0.0016920514478764891,0.057462437266738664,0.020524309860610098,0.0020696288134324993,0.005014106844325539,0.35,0.5,168.12612915039062,3.34989595413208,3.31230092048645,88.87673462020733,0.7665894631281963,9.671672173104948,0.0199248978791129,0.027727676847837154,True,16,771.7460689497311,23.92187724878022,51.44973792998208,228.32810618191434,165.32890411241382,70.81667650141037,5,471.6796848445738,0.0,0.0,0.0,15.564846332128218,16.929677901993273,31.917970631511707,26.363283056921503,0.0,25.878905325909727,4,1,0.25,0.2,raw,0.04398607508631672,0.09062740746355831,-0.6885047487468539,0.06070947604876564,0.12508373188500682,0.41532399335746634,-0.11620938283228015,1.0,1.0,1.0,0.3718940017965714,0.4853506937623005,-0.5846760066425336,0.3173,0.045499999999999985,0.0027000000000000357
46213566,KN,r,60175.30859375,10.954021453857422,3.0276226340582775,1.266133401485131,2.609584573525412,2.609584573525412,-0.4180380605328656,0.6324771208116567,0.3450437893583597,-0.005559054410456477,0.3016380554651713,0.3333333333333333,254.12108824142342,0.0,254.12108824142342,0.0,771.7343896034072,21,11.235954929454442,0.04905271520432626,0.02651995380954357,0.2704057529650116,0.07835781463882512,0.00829284062948598,0.015768504721386193,0.5,0.25,10.954021453857422,3.1847341060638428,3.07110219342368,8.975771430847262,0.6287440960907446,1.3542680477500528,0.2907365226076264,0.3707447351256177,True,16,766.8906444033928,19.851584062598704,51.12604296022619,272.28514543960773,152.98672331893607,79.26734424809474,5,770.738280319274,0.2,0.2,0.0,22.136719355892275,8.941405240380845,85.96483734490903,55.55390229095502,0.0,9.937499710023985,3,2,0.1875,0.4,raw,0.8064994169436989,80649941.69436988,3.7543531143618956,0.49905091777604904,49905091.7776049,2.435812307431213,-1.430526593625229,0.6,0.6,0.8,0.3975271738580996,1e-08,1.4358123074312128,-0.0827,-0.35450000000000004,-0.19729999999999992
71117832,SNIa,r,60520.34765625,304.31669464111303,1.482753452833668,1.0109120007729608,1.4708628598479305,1.4708628598479305,-0.011890592985737474,0.3591718925546421,0.1138719222279337,0.0034723298777088966,0.009445713057365456,0.6086956521739131,37.88281113478297,18.031250575011654,37.88281113478297,18.031250575011654,771.7461091114092,23,3.0243891808699312,0.007941620180182268,0.0014379090290235898,0.06090464168860275,0.016312961986241086,0.0010450330849062846,0.002387594867711067,0.36363636363636365,0.13636363636363635,304.31669464111303,3.1817989349365234,3.2854168829710586,140.6776898642172,1.2194344428145625,13.72289681899531,0.010455551703099577,0.018139026262826312,True,18,770.7382987330348,19.851560559771315,45.33754698429616,272.2851466813154,115.3171891947976,75.89733905464605,5,659.0039151410238,0.2,0.0,0.2,21.749218111851953,7.906251396634616,85.96874363333336,55.5562463450362,0.0,68.84375160292257,4,0,0.2222222222222222,0.0,raw,0.01696985972522862,0.013750617729007769,-1.4915700759960788,0.03432812974822346,0.02781596295801091,0.16124058724148677,0.0995086030616977,1.0,1.0,1.0,0.4649946745025201,1.2341161727905259,-0.8387594127585132,0.3173,0.045499999999999985,0.0027000000000000357
86944825,SNIa,r,60143.390625,31.71757926940917,3.405101715324387,1.080325045867358,3.3103809021776485,3.3103809021776485,-0.09472081314673873,0.7018868904032898,0.2776911355910444,-0.004521940387564818,0.07196515551534477,0.6521739130434783,31.91796940810309,0.0,31.91796940810309,0.0,771.7460826579409,23,7.7674360789641765,0.01755770124439701,0.007111087371440068,0.10416919945239286,0.03270651409041376,0.0038981638764699726,0.011723082443540894,0.18181818181818182,0.3181818181818182,31.71757926940917,2.973449945449829,3.0577618039172627,35.31159784190469,0.7858837486631064,3.7854999842827004,0.0937476949357749,0.14017951053915206,True,18,770.7382676567722,18.03124515613308,45.33754515628072,272.2851500917386,121.26562490678049,75.68359925022808,5,659.0078001921065,0.2,0.0,0.2,26.568748298895663,12.01171969549614,85.96484361147304,61.14765077825724,0.0,21.980467750196112,2,1,0.1111111111111111,0.2,raw,0.2426825270308814,0.2820101556753511,0.5303818306623005,0.17434982814867347,0.20260388244565058,1.1973848401267775,-0.5755338298879543,0.8,0.8,1.0,0.2911318144430892,0.860545346140855,0.19738484012677748,0.11730000000000007,-0.15449999999999997,0.0027000000000000357
1227,M-dwarf,r,59801.35546875,2.519632923603056,2.309267711814165,1.7072698960181283,1.2005958740129845,1.2005958740129845,-1.1086718378011804,0.5261176385438117,0.720046163047497,0.17478418520282804,0.5291823858275992,0.07692307692307693,838.74216802296,838.74216802296,834.6913845248928,736.9257763711939,853.8086195427968,52,28.187140374612735,0.12862914732143257,0.05864473061096454,0.7585652582561703,0.2046988675703362,0.042661774613001226,0.07760516146887682,0.43137254901960786,0.43137254901960786,2.519632923603056,1.1294775009155273,1.268620131107477,2.6782834449141846,0.8174183442183935,0.9232773662885021,0.4482706549573035,0.845897308311084,True,41,837.7265407245723,8.9394750891297,20.943163518114307,245.1953036476989,28.094146959723005,50.861089539367306,11,779.0312765615818,0.18181818181818182,0.0,0.18181818181818182,6.151640701742012,3.019532102487574,16.082078818224545,11.914064499986125,0.0,71.74218678153557,4,0,0.0975609756097561,0.0,raw,0.5893531079651297,0.3333470431550979,0.9890002067988142,0.35961567448779796,0.2034040715872943,0.9896149967310731,-0.6420898080355143,0.45454545454545453,1.0,1.0,0.374844288785398,1.7679866075515742,-0.010385003268926885,-0.22815454545454544,0.045499999999999985,0.0027000000000000357
4819,SNIa,r,60567.328125,64.92668647766108,4.781885278766755,1.0248563431065638,4.723576296044032,4.723576296044032,-0.0583089827227228,0.7459331702723377,0.3083507342213578,0.00025764444725620117,0.01846025023102434,0.7307692307692307,25.79296915937448,12.843750060397724,25.79296915937448,12.843750060397724,853.8086052962535,52,9.982673701835331,0.018300305425686985,0.004391398103540639,0.17756559281358164,0.04237726544825113,0.002346468048006566,0.005475256507138789,0.4117647058823529,0.2549019607843137,64.92668647766108,1.1652590036392212,1.2890996772509355,263.19140746284796,1.0636919414326949,12.50041659665202,0.01794730436521113,0.0328121324850576,True,41,850.7734352288608,10.123036317167134,21.26933588072152,248.1757766143055,25.15349111413962,51.043645237599954,11,841.7773587953998,0.09090909090909091,0.09090909090909091,0.0,3.6349491864735186,3.0000062036997406,9.085916587006068,4.050781474819814,0.0,35.02734436740866,9,1,0.21951219512195122,0.09090909090909091,raw,0.05983450062630631,0.018989036859618176,-1.3306009897093696,0.03434769594821173,0.010900561675562758,0.693185955287728,-0.005918866143051427,0.9090909090909091,0.9090909090909091,1.0,0.36036591052036837,3.151002395153044,-0.306814044712272,0.2263909090909091,-0.045409090909090954,0.0027000000000000357
9006,M-dwarf,r,60580.171875,3.482976233959194,2.8871279555964,1.3582548716314102,1.5846151650933478,1.5846151650933478,-1.3025127905030518,0.4934297234070316,0.48271288279556046,-0.05597195631784511,0.44753878530541297,0.17307692307692307,806.7460621940554,723.0312454355881,745.7695518592955,41.8906261716329,853.8086116939667,52,27.16131075914949,0.10641007408775247,0.06755879052889716,0.43440664778955573,0.14587730186961098,0.02842446456319998,0.038285411604900885,0.37254901960784315,0.4117647058823529,3.482976233959194,1.170252501964569,1.3081034158284848,4.716227438716089,0.8305731946320623,0.9288014825675271,0.3359921008230111,0.6164820586587437,True,41,850.7734423807706,10.011704221658874,21.269336059519265,248.1992147636629,27.038299965055195,50.859905555968105,11,841.7773606277624,0.09090909090909091,0.09090909090909091,0.0,5.878558282193395,3.035169313196093,13.871090008760802,11.968750334752258,0.0,12.94921863728814,9,3,0.21951219512195122,0.2727272727272727,raw,0.3542750801737458,0.1950708367694029,0.3297638300926308,0.193674407330073,0.10664094319071807,0.9157122903931277,-0.07924824504649859,0.7272727272727273,0.9090909090909091,1.0,0.19479058073930067,1.816135543584823,-0.08428770960687226,0.04457272727272732,-0.045409090909090954,0.0027000000000000357
23539,SLSN-I,r,60593.12109375,1465.429095458984,1.0603457277652926,1.0013052125652186,1.0570289489696127,1.0570289489696127,-0.0033167787956798257,0.3748852726255052,0.20151030615836227,-0.00010861085065525621,0.0009535316803572056,0.7307692307692307,84.80078342311026,84.80078342311026,84.80078342311026,84.80078342311026,853.8086154013145,52,1.6050911214742456,0.003274831074489707,0.00021238166384776328,0.02651115551998901,0.006469591986617644,0.0001699252024360666,0.00030928086999912254,0.35294117647058826,0.2549019607843137,1465.429095458984,1.385567545890808,2.6138892403015723,1117.9541417207613,1.1859622888454633,49.8029180084953,0.0009455029589519904,0.005255717236379706,True,41,853.8086154013145,10.054679063599906,21.345215385032862,248.17578411151771,27.060181301500418,51.392900825066846,11,838.7421691281634,0.0,0.0,0.0,3.914777468016837,2.9999858770752326,9.085949924017768,5.988306960090995,0.0,31.00781211398862,10,2,0.24390243902439024,0.18181818181818182,raw,0.002947029065740651,0.0006164203323973583,-3.9436653275704203,0.002191014571684406,0.00045828727862435453,0.3899763508498806,-0.17926019193684659,0.9090909090909091,1.0,1.0,0.35402028595231816,4.7808758258819575,-0.6100236491501194,0.2263909090909091,0.045499999999999985,0.0027000000000000357
25925,AGN,r,59927.10546875,21.20686502456665,1.6152894424469313,1.4784320506007604,1.0184822647264484,0.5968071777204829,-1.0184822647264484,0.49881769950112886,0.8445531881699004,0.06423820667758219,0.3919932452570932,0.07692307692307693,853.8085799698165,769.0078214243185,389.9257811498537,353.2226557409522,853.8085799698165,52,8.167913241697017,0.02425916376530471,0.0195920738976091,0.13454739099129936,0.03338755255940406,0.0066560296954562646,0.009799671217437363,0.0784313725490196,0.09803921568627451,21.20686502456665,1.1918280124664307,1.3313282155073607,18.12242680323568,7.2820419056300985,8.714648787395625,0.05620010364972769,0.10232684635650448,True,41,853.8085799698165,10.011735431507987,21.34521449924541,245.19531192736758,25.167575347593814,50.5650324698365,11,736.8945165235418,0.0,0.0,0.0,5.716613616554903,3.0898665246204473,12.843741658798535,11.914061506809958,0.0,3.0000001159351086,7,3,0.17073170731707318,0.2727272727272727,raw,0.16831939562759524,0.011505802970901147,-0.3499448418721652,0.09640678927613977,0.006590075483176194,1.3670380879907398,0.23578789560386088,0.45454545454545453,0.7272727272727273,1.0,0.2718650517797554,14.629087257385244,0.3670380879907398,-0.22815454545454544,-0.22722727272727272,0.0027000000000000357
34012,SNIax,r,60268.04296875,29.99018821716305,2.2257357520965564,1.0455600159062592,2.157275992022082,2.157275992022082,-0.06845976007447412,0.4176705426558283,0.07591254472335608,0.01642633877575751,0.04887897014414573,0.8653846153846154,19.062500415122486,13.058593208937964,19.062500415122486,13.058593208937964,853.8086049143894,52,6.751657173026697,0.01956638456092141,0.009102830252034153,0.15245872787200432,0.03588588344393504,0.004971742290184531,0.00787916513606636,0.43137254901960786,0.5686274509803921,29.99018821716305,1.1133750081062317,1.2556171314074442,58.10900421337314,1.0431090680016852,3.9979411217727803,0.037124642234457855,0.07079095643921636,True,41,853.8086049143894,9.0195311712705,21.345215122859734,245.19530628346547,26.227341734775113,50.532992142034374,11,794.9570504877556,0.0,0.0,0.0,4.876421661323217,2.992181511945091,15.93752235876309,12.015619758734829,0.0,72.76172060967656,10,0,0.24390243902439024,0.0,raw,0.06415433535139489,0.03390195825774481,-1.1344965233895745,0.0424899284618892,0.022453537601153095,0.6339229793785361,0.03519587529052858,0.9090909090909091,1.0,1.0,0.21095877014918202,1.8923489570617655,-0.36607702062146386,0.2263909090909091,0.045499999999999985,0.0027000000000000357
40290,SNII,r,59798.3203125,59.249946594238246,2.8752627314750745,1.0168336724258882,2.800053669780709,2.800053669780709,-0.07520906169436584,0.5041367232663168,0.3341505855311068,0.004732662354305799,0.021253251964892556,0.6346153846153846,74.77734107182914,3.0351563560398063,74.77734107182914,3.0351563560398063,853.808623214718,52,3.786961622324413,0.013815315365234086,0.005438879492078997,0.31499226819031456,0.04458264434537604,0.0026576365447522885,0.0045168989003248105,0.27450980392156865,0.29411764705882354,59.249946594238246,1.1397895216941833,1.275917378755716,145.55584802087802,1.1119570269634882,11.654442688198106,0.0192369712921399,0.036166519459995494,True,41,841.7773249922757,9.019512520666467,21.044433124806893,245.19529357989086,25.662108617783826,50.527970804620224,11,782.0234653604202,0.09090909090909091,0.0,0.09090909090909091,6.525928158822353,3.023435622919351,14.976566074532457,12.031298222442274,0.0,71.78515785429772,4,0,0.0975609756097561,0.0,raw,0.061448384420119816,0.016882859215225015,-1.0073488403304092,0.04909838480829832,0.013489713785575666,0.4489566047788256,-0.23861318073765195,1.0,1.0,1.0,0.3557930048043594,3.6396906256675687,-0.5510433952211744,0.3173,0.045499999999999985,0.0027000000000000357
45127,SNIa,r,59801.35546875,9.333345770835864,1.796585166747414,1.1904123691615398,1.5396434498327147,1.5396434498327147,-0.25694171691469925,0.38527054101976477,0.4527534716391713,0.021309935429224873,0.12254286881964206,0.3076923076923077,134.8046887343662,58.82031404234294,134.8046887343662,58.82031404234294,853.8086227194144,52,8.09374734932645,0.030944603308994578,0.023164437043835494,0.12435323571709714,0.04213452183151814,0.009733664613211283,0.01441151388150453,0.21568627450980393,0.21568627450980393,9.333345770835864,1.120239496231079,1.2590548121012175,12.827636170156163,1.2441194269898386,2.201960042068692,0.12002550036574441,0.22872141348548294,True,41,841.777335939405,9.019520743317116,21.044433398485126,245.19530047680746,25.051167872444786,50.49918135392137,11,779.0312807481532,0.09090909090909091,0.0,0.09090909090909091,5.441059314203978,3.0234369655299815,12.843785147124436,12.031286780009395,0.0,71.74218567314529,4,0,0.0975609756097561,0.0,raw,0.1140272489248678,0.04900450585803471,-0.7585977431133071,0.06539352947642546,0.028103612325300797,1.001987305610853,0.15423143787504157,0.8181818181818182,0.9090909090909091,1.0,0.30277412094149636,2.3268727421760556,0.0019873056108530296,0.13548181818181826,-0.045409090909090954,0.0027000000000000357
59068,SNII,r,59798.3203125,10.54352519512173,3.7874719997907813,1.1760799756371556,3.5831425308990235,3.5831425308990235,-0.2043294688917577,0.7077589379271417,0.25509150608022313,-0.02810037260934794,0.11427076301532488,0.7115384615384616,27.988280746518285,3.035156346617441,27.988280746518285,3.035156346617441,853.8085659471253,52,10.625445209197668,0.03623071685367621,0.0242561981662414,0.16057444553849792,0.05162560905533778,0.011000526268993423,0.01783029320266192,0.4117647058823529,0.4117647058823529,10.54352519512173,1.1117005348205566,1.2496365492160504,33.983030833338695,0.9132682968254289,2.2652010751940326,0.10543916899206704,0.20077749619998259,True,41,853.8085659471253,8.8984619443072,21.34521414867813,280.2226590745777,26.214435394430623,54.745796136472045,11,797.8203322488334,0.0,0.0,0.0,14.62890340671782,12.01561046441202,35.02733123577491,32.04690059526911,0.0,27.988280746518285,3,1,0.07317073170731707,0.09090909090909091,raw,0.14949494073139988,0.07154631853459988,-0.0682266619903286,0.11851804567715894,0.05672118271448121,0.3489141816903205,-0.22417170018564422,1.0,1.0,1.0,0.3744216078093744,2.089484739303588,-0.6510858183096795,0.3173,0.045499999999999985,0.0027000000000000357
70272,AGN,r,60596.13671875,64.07682151794432,0.7231766552664787,0.6348798751003306,1.0403159740459844,-0.3171393187795057,-1.0403159740459844,0.2243698461183412,0.41786000191708766,-0.48397429766662725,0.07286969563905059,0.0,853.8085929833396,853.8085929833396,,,853.8085929833396,52,2.9515694623408644,0.007937907394927512,0.006810285656784058,0.021997319910640665,0.010052474691071721,0.0020095805056955505,0.0029873361378818758,0.0,0.11764705882352941,64.07682151794432,1.164839506149292,1.3004276339824383,57.226888888388565,30.655015930445185,33.27583955730899,0.0181787966156075,0.03342675053743434,True,41,841.7773448159642,7.423849216185772,21.044433620399104,245.19531940961315,26.66445208527805,51.63926338054971,11,825.820338552192,0.09090909090909091,0.0,0.09090909090909091,9.133156260060126,8.925781162986823,24.953093491239997,12.843751015265298,0.0,14.93749947190372,8,4,0.1951219512195122,0.36363636363636365,raw,0.04424207586934035,0.0008632029043527509,-1.612144922492635,0.026146973190061304,0.000510151089301293,0.956211069516497,0.14261053276328614,0.7272727272727273,0.9090909090909091,1.0,0.26985457181432915,51.25339088439938,-0.043788930483502964,0.04457272727272732,-0.045409090909090954,0.0027000000000000357
71068,AGN,r,59887.28515625,1670.3317932128905,0.8257620284956295,0.7244539681909441,1.072595699562214,1.072595699562214,0.24683367106658444,0.2119199228920716,0.26749033290114055,0.4503223168964727,0.12894040422707176,0.0,853.8086046151948,837.7265462367141,853.8086046151948,837.7265462367141,853.8086046151948,52,6.041023752937606,0.020474603884084515,0.014125077859122653,0.09795006538495286,0.02912574663975035,0.005951749869951592,0.009667299189279705,0.0,0.3333333333333333,1670.3317932128905,5.434439420700073,5.6794888652288,329.6735062346857,164.41649890993318,159.9183639440615,0.0032535089392311126,0.005428264469636165,True,41,825.8203244768301,10.054692145364243,20.645508111920755,245.1953066404676,18.783192697776407,50.448409074001454,11,834.7343457504467,0.18181818181818182,0.18181818181818182,0.0,9.264553361944722,2.999977507846779,27.988280138364644,24.9531261683951,0.0,8.843750252199243,14,2,0.34146341463414637,0.18181818181818182,raw,0.2837050358034734,0.00025899907975629493,-0.1792219307895938,0.13637116962368093,0.00012449552521263545,1.2099876038994921,0.1851872233348521,0.5454545454545454,0.9090909090909091,1.0,0.17107140855599157,1095.3901306152343,0.20998760389949211,-0.13724545454545456,-0.045409090909090954,0.0027000000000000357
72337,SNIa,r,60165.3046875,4.615200877189636,1.8626795619932486,1.3412164567990001,1.2374759819234407,1.2374759819234407,-0.6252035800698079,0.37655143762112364,0.4312885477714374,-0.02835477793154203,0.23021991355244598,0.17307692307692307,850.7734250656868,369.9765460779745,781.8984472820666,29.976562176692823,853.8085876994155,52,14.823890321533623,0.063370073784991,0.04008068516943831,0.3573515013997048,0.09538280490959333,0.0208380906077078,0.03413139585155935,0.3333333333333333,0.39215686274509803,4.615200877189636,1.110212504863739,1.2485918299509928,5.144240595610233,0.8363970944558718,1.2226489376605172,0.240555619225785,0.458657664703583,True,41,850.7734250656868,10.632811029390723,21.269335626642167,248.17576723815,25.153514372388603,50.72339365560027,11,841.7773710633483,0.09090909090909091,0.09090909090909091,0.0,3.5298275926840934,2.992178329019225,9.085942341473128,4.050788494445442,0.0,2.984375091691618,5,2,0.12195121951219512,0.18181818181818182,raw,0.547546346915447,0.30527918052943936,0.793711488024247,0.31411345335203433,0.17513092393508228,1.072141802915168,0.3477814524871057,0.5454545454545454,1.0,1.0,0.35750661435150166,1.793592166900634,0.07214180291516792,-0.13724545454545456,0.045499999999999985,0.0027000000000000357
73031,SNIax,r,59933.125,72.67972488403315,1.4368554591091103,1.0187575519239578,1.3844387622198984,1.3844387622198984,-0.052416696889211814,0.31715300780241473,0.028303247438212217,0.006889514399376744,0.019721711662538312,0.9038461538461539,9.019531265097612,9.019531265097612,9.019531265097612,9.019531265097612,853.8086094541068,52,3.797758309530075,0.009273507935617646,0.0038420005315193597,0.06849710003349745,0.017295761535058782,0.0016599105199452925,0.002688554966323891,0.45098039215686275,0.45098039215686275,72.67972488403315,1.129744052886963,1.2601052889457116,89.06497723958476,0.9202393432261002,7.008840747264181,0.015544143221367008,0.02912161603501156,True,41,838.7422062964615,9.019551750261598,20.968555157411537,248.17575132539787,25.338668516819602,50.8314108190482,11,853.8086094541068,0.18181818181818182,0.09090909090909091,0.09090909090909091,5.360072627413584,3.0156126624933677,12.843705605337163,12.031247649574652,0.0,6.019531369645847,7,3,0.17073170731707318,0.2727272727272727,raw,0.05973503530160701,0.032019809447143735,-1.3214764735327889,0.03155937223058373,0.016916790623669138,1.3229082259906921,0.09956436161572073,0.7272727272727273,0.8181818181818182,0.9090909090909091,0.19021071629343472,1.8655649840831754,0.32290822599069213,0.04457272727272732,-0.13631818181818178,-0.0882090909090909
73509,SNII,r,60165.3046875,5.747070240974424,3.048322291947247,1.4171142588552015,2.3884420765076,2.3884420765076,-0.6598802154396468,0.5232327035758564,0.3991539446548008,-0.03592978419291862,0.2497021237821518,0.3269230769230769,466.6875128176325,2.984374978026608,383.9452962133655,2.984374978026608,853.8085838348998,52,17.84693513068807,0.05981224401606173,0.0390766023365365,0.2720112382694235,0.08335807581325196,0.015856038594426664,0.021854431147438323,0.43137254901960786,0.47058823529411764,5.747070240974424,1.1094720363616943,1.2479894447785158,12.372140919568931,1.0063439234324851,1.6130000575515655,0.19305002198365018,0.36809936670418925,True,41,853.8085838348998,9.019527554886736,21.345214595872495,254.17969919571624,27.89726480422542,51.64783378794447,11,708.9726551678104,0.0,0.0,0.0,6.12216435555456,3.0039027253587847,15.937504615547368,13.87109368833626,0.0,17.960937315066985,5,2,0.12195121951219512,0.18181818181818182,raw,0.2603810066832054,0.142829430304571,-0.026247582422357283,0.14013299808288193,0.07686857247387907,0.8195418318572251,-0.16075867992154708,0.7272727272727273,1.0,1.0,0.18614082964849776,1.8230206906795483,-0.18045816814277493,0.04457272727272732,0.045499999999999985,0.0027000000000000357
73610,SLSN-I,r,59798.3203125,89.96202468872063,1.4545696420208123,0.9947048811938405,1.4452626372254098,1.4452626372254098,-0.00930700479540246,0.355486105264461,0.41136517788445565,0.05582608641265187,0.03420810652899829,0.4423076923076923,134.8046868559686,58.82031333802297,134.8046868559686,58.82031333802297,853.8086109421056,52,1.7984334653811096,0.004391842944112809,0.0021924113274074076,0.014638149888240826,0.005687709971948912,0.0007992710606279878,0.0011364805386327303,0.0392156862745098,0.058823529411764705,89.96202468872063,1.1547980308532715,1.2769985989882395,112.59003702637763,6.3607426365041135,19.73968120599861,0.012836505568310749,0.023762668683443875,True,41,853.8086109421056,8.93944365749121,21.34521527355264,245.19532351229282,26.106660670346177,51.11837637875359,11,779.0195310147392,0.0,0.0,0.0,5.232956277801184,2.9999971144789015,12.015648586479074,11.902342685185431,0.0,43.92578105060238,3,1,0.07317073170731707,0.09090909090909091,raw,0.007134991564461095,0.0006374875688773092,-3.213195255183837,0.004747083164276514,0.000424135961242949,0.5642529050018054,0.12541983657741068,0.9090909090909091,1.0,1.0,0.23976069413365383,11.192361879348733,-0.43574709499819464,0.2263909090909091,0.045499999999999985,0.0027000000000000357
77010,M-dwarf,r,60183.265625,37.63719100952148,4.109923049867673,0.3617307396469608,3.081153970827632,3.081153970827632,-1.0287690790400412,0.5689564983530789,0.06848128284099975,-0.9244159433893975,0.08347299835330722,0.019230769230769232,850.7734421999048,0.0,0.0,0.0,853.8086059915368,52,13.267672052595508,0.06416720709321662,0.010132389190017483,2.1453165861342987,0.30361906803126903,0.017112179564459245,0.06513511864238483,0.0784313725490196,0.43137254901960786,37.63719100952148,1.2557135224342346,1.3958311424805567,92.350666340665,27.964838062099666,26.923543095061817,0.03336363550926432,0.05831099915958907,True,41,853.8086059915368,10.521489525432116,21.34521514978842,251.19920926791383,22.26719596232506,51.32354086332025,11,781.8984597317467,0.0,0.0,0.0,3.9094494816467473,2.9999948610930005,10.054697973937436,6.0039072290674085,0.0,94.83202852679824,9,0,0.21951219512195122,0.0,raw,0.10376534777652383,0.0031584607982896116,0.8531347896568847,0.24621928127108028,0.007494543837048594,0.10049448821399783,-0.011937303512814502,1.0,1.0,1.0,0.4256100536453986,32.85313777923584,-0.8995055117860021,0.3173,0.045499999999999985,0.0027000000000000357
77292,SNIbc,r,60532.30078125,4.892418909072871,1.9192118034264656,1.278837298915266,1.4744407976802605,1.4744407976802605,-0.44477100574620515,0.40155834589262124,0.45810002829784313,-0.05604364639602945,0.2096158967971212,0.09615384615384616,850.7733996653478,47.87109592958586,764.8437739946676,47.87109592958586,853.8085970966349,52,13.504087479258715,0.04693627158988582,0.031200226178425824,0.18153740854041975,0.06481384648120331,0.012991809084343508,0.0187952951788079,0.35294117647058826,0.39215686274509803,4.892418909072871,1.1109180450439453,1.2486422738203635,6.493352116351699,0.7250417821981909,1.2669390458083154,0.2270692812064345,0.4326176164294585,True,41,853.8085970966349,8.939452681097464,21.345214927415874,245.19531583818025,29.235156357750387,50.647335445529386,11,813.7890324583059,0.0,0.0,0.0,6.080599577140344,3.0234480983781395,15.93744242633693,13.058592031324224,0.0,78.7734376656881,5,0,0.12195121951219512,0.0,raw,0.11265329812372642,0.06847797077585834,-0.39508020865206783,0.0776567679232504,0.0472048131121334,0.4575375656394846,0.09754955406324356,0.9090909090909091,1.0,1.0,0.3611088446878728,1.645102751255035,-0.5424624343605153,0.2263909090909091,0.045499999999999985,0.0027000000000000357
82702,SNIa,r,60165.3046875,7.456025934219359,2.1161496451774062,1.2342984684339215,1.5252673219048989,1.5252673219048989,-0.5908823232725073,0.40378826664141526,0.4449503912011265,-0.013924978778869694,0.18694717935466637,0.23076923076923078,741.9882978396272,43.87499968854536,373.0546845308054,43.87499968854536,853.8086054975574,52,12.577177022839347,0.04210475673628335,0.02470562514644664,0.19132350954616936,0.059729749589909065,0.013515431642830917,0.019344488043857952,0.39215686274509803,0.3333333333333333,7.456025934219359,1.113777995109558,1.2525864988565445,10.210681804340703,1.3200533566628114,1.875453160212958,0.14937957632334467,0.28474635565071205,True,41,853.8086054975574,9.019533834525646,21.345215137438935,245.1953252358653,27.89726616516273,50.6242141923216,11,822.7734335805144,0.0,0.0,0.0,6.254261839848451,3.003907417609298,15.937492106480931,13.871094446018105,0.0,2.9843751001826604,4,3,0.0975609756097561,0.2727272727272727,raw,0.1692878904579704,0.08185768872688914,-0.28576307739357054,0.09961009923315318,0.04816559811232554,0.8312981389615288,-0.22841803978833797,0.7272727272727273,1.0,1.0,0.3328470439005786,2.0680756211280813,-0.16870186103847118,0.04457272727272732,0.045499999999999985,0.0027000000000000357
95741,SNIax,r,59887.28515625,38.03955955505368,1.44222705467374,1.0630898518245722,1.3221367329485356,1.3221367329485356,-0.12009032172520429,0.33889966924396875,0.10960674202442772,-0.007801483589697369,0.040122488629140245,0.6730769230769231,35.027342950394086,29.03906149908289,35.027342950394086,29.03906149908289,853.8085855051831,52,4.129236434077893,0.014788340074138597,0.006762930384037569,0.06733038672381246,0.02327691401581478,0.0028744180608245816,0.004068557934413562,0.39215686274509803,0.37254901960784315,38.03955955505368,1.1230124831199646,1.2618735982821538,44.78445230919786,0.9343793206984374,5.6562378773013045,0.02952222623646989,0.05600466625911246,True,41,853.8085855051831,11.490234605433216,21.345214637629578,248.17577190468728,25.362498227615294,51.12631951955346,11,775.9140773659819,0.0,0.0,0.0,4.163707380298795,2.992147139608278,10.054709869124054,9.0859172572018,0.0,30.14453202507866,14,2,0.34146341463414637,0.18181818181818182,raw,0.03991408602543254,0.016019146244029354,-1.6991309296679804,0.024055834723369782,0.009654584955554773,0.7171999953065101,0.05801198892745154,0.9090909090909091,1.0,1.0,0.22049088771193132,2.491648769378661,-0.28280000469348987,0.2263909090909091,0.045499999999999985,0.0027000000000000357
101298,SNIa,r,60250.171875,214.9213279724121,2.3537294531579,1.0042384185981017,2.346867625920432,2.346867625920432,-0.006861827237468085,0.44953652061035043,0.009289503835680293,0.0027288170079906838,0.005967345949447504,0.8461538461538461,48.785156332174665,17.87109379786125,48.785156332174665,17.87109379786125,853.8086169498201,52,4.933841259254098,0.01209532796664833,0.0012050169812247889,0.1633635906643959,0.03397528073945541,0.0012169995793375869,0.0032303556646949803,0.3333333333333333,0.3333333333333333,214.9213279724121,1.1853155493736267,1.333627027960924,425.53386480488194,0.7179105253244187,18.96515502902404,0.00551511364905477,0.011148115804388006,True,41,853.8086169498201,10.0117196137071,21.345215423745504,248.17578702761966,25.253110786202893,51.03504517946756,11,748.1679665385673,0.0,0.0,0.0,3.9179690839122157,2.999999245534127,13.054687371462933,3.1093768497157726,0.0,23.839842963323463,10,2,0.24390243902439024,0.18181818181818182,raw,0.007534107784155719,0.003608156176581463,-1.838007897602604,0.01684708570714613,0.008068230252754268,0.12835804744146534,0.047747200884619166,1.0,1.0,1.0,0.43831614338361313,2.0880769610404966,-0.8716419525585346,0.3173,0.045499999999999985,0.0027000000000000357
110241,SNII,r,60284.1015625,166.50399894714312,1.5681539393296244,1.010178951344311,1.5471857222183634,1.5471857222183634,-0.020968217111261147,0.35630048595355335,0.011623240334442843,0.000757759544943483,0.007458967372950683,0.9230769230769231,9.00781267759885,6.003906238147465,9.00781267759885,6.003906238147465,853.8085942634425,52,3.4085591624003437,0.008389521268733201,0.0009112013169945004,0.20903070990094497,0.03166706191443151,0.002350223839699046,0.007993912723790483,0.4117647058823529,0.49019607843137253,166.50399894714312,1.1643584966659546,1.2917474726071725,221.2485335065909,0.8990643330468545,10.504839795407317,0.006992976168912204,0.012705085800412767,True,41,853.8085942634425,10.054687745392584,21.34521485658606,245.1953092220283,25.997660519197236,50.42835046023757,11,781.8828157053722,0.0,0.0,0.0,4.677204286238438,2.999985316499078,12.843751623018761,11.902358588078641,0.0,45.78124998782732,7,1,0.17073170731707318,0.09090909090909091,raw,0.006322490002781689,0.0035411366458739575,-1.7478039666684142,0.018762842430910462,0.010508800944505034,0.08890373093844081,-0.0035503390633040287,1.0,1.0,1.0,0.44748164702425897,1.7854408442974077,-0.9110962690615592,0.3173,0.045499999999999985,0.0027000000000000357
111795,SNIa,r,60181.41015625,5.9858510971069325,1.6198880645917093,1.3345064080112037,1.154052058402518,1.154052058402518,-0.4658360061891913,0.3907888922368891,0.4475505594786864,-0.062188648100049024,0.19352037066830077,0.1346153846153846,797.8164107063712,73.01562512452074,488.78516591573134,73.01562512452074,853.8085922747414,52,13.239953265978055,0.052784095289389744,0.032834644802504385,0.22453983878699538,0.07347225793369892,0.015764938656666692,0.021511838534240043,0.45098039215686275,0.49019607843137253,5.9858510971069325,1.1095625162124634,1.2479828596115112,6.225862607082212,0.9520387507192754,1.5523611571589142,0.1853642027194319,0.35342531221980344,True,41,850.7734249584537,10.011721717910405,21.269335623961343,245.19530952218338,25.99764848766136,50.801373897574784,11,837.7265618342644,0.09090909090909091,0.09090909090909091,0.0,6.052200768264646,3.0156138976526563,12.843728669111442,11.902331747194694,0.0,56.91015584393608,9,0,0.21951219512195122,0.0,raw,0.2595374681814046,0.12181837477821594,-0.05940132822724386,0.14252116731684297,0.06689476126775261,0.9077415216874132,-0.3452716924699205,0.6363636363636364,1.0,1.0,0.29218233011197675,2.1305280804634092,-0.09225847831258682,-0.04633636363636362,0.045499999999999985,0.0027000000000000357
112717,SNIa-91bg,r,59801.35546875,3.1024626016616814,2.143277376106473,1.4473654383324046,1.4823379116630728,1.4823379116630728,-0.6609394644434,0.4415154204234907,0.49723709496911683,-0.06673537508013441,0.3460194492366216,0.09615384615384616,841.7773196614726,797.8163867974217,841.7773196614726,797.8163867974217,853.8085750474856,52,17.371733909950528,0.06706848771258997,0.046256908965213006,0.2864466848194079,0.09730702292516866,0.021960433064044764,0.03378704393427406,0.39215686274509803,0.49019607843137253,3.1024626016616814,1.1137615442276,1.2518887359362383,4.129158488004111,0.661041660460733,0.8729182198953137,0.35899273810136134,0.6841824898781546,True,41,841.7773196614726,7.94333418565293,21.044432991536816,248.28514648909913,26.01834562934819,52.335441096082825,11,749.992167899276,0.09090909090909091,0.0,0.09090909090909091,8.183933083436965,9.085917436168529,16.105458357429598,13.121075192670105,0.0,100.7812509373689,4,0,0.0975609756097561,0.0,raw,0.34852728153104556,0.2101779580158397,0.3995595533570752,0.20360414013296424,0.12278264768465605,0.7337835614608126,-0.5176583595152086,0.6363636363636364,1.0,1.0,0.3077432698160638,1.6582484900951384,-0.2662164385391874,-0.04633636363636362,0.045499999999999985,0.0027000000000000357
121107,SNIa,r,60183.265625,3.5518114566802956,2.0849797920801776,1.5501736765472207,1.2760761844182376,1.2760761844182376,-0.8089036076619399,0.4575064726861096,0.46524682195311995,0.07290280027148408,0.37943722756371145,0.11538461538461539,834.7343807386496,466.6874951084974,790.808593457099,410.9023302119458,853.8085912705355,52,21.791919615278594,0.08930250757907482,0.05856447059273392,0.36209932324240246,0.128217939870546,0.02865647238934488,0.04268428094874055,0.4117647058823529,0.39215686274509803,3.5518114566802956,1.117783010005951,1.2565358109199083,4.054795940572978,1.0739497917879708,1.1185444681583157,0.31470786770046855,0.5999343508592153,True,41,825.8203323512134,9.527341374490788,20.645508308780336,248.17578152661008,22.687116789238654,50.88053837230903,11,825.8085997129747,0.18181818181818182,0.18181818181818182,0.0,9.382808390136978,3.1093844554998213,27.988258919322107,24.95310273089126,0.0,84.77734599994437,9,0,0.21951219512195122,0.0,raw,0.4449603429362295,0.22467873040347447,0.40331855011451717,0.23987365203647038,0.1211220470596477,0.99772653335679,-0.060933798044275435,0.5454545454545454,1.0,1.0,0.16996914410824826,1.9804293096065517,-0.0022734666432100425,-0.13724545454545456,0.045499999999999985,0.0027000000000000357
121783,SNIa,r,60580.171875,1160.2330474853493,1.5639306210460335,1.0013017704221425,1.5623499670219936,1.5623499670219936,-0.0015806540240398416,0.36265570184292745,0.04286925715649317,-0.00021196733422646874,0.0012354584041822285,0.75,43.95702900241304,24.917968411034963,43.95702900241304,24.917968411034963,853.808587076448,52,3.008651719659579,0.007381402488057152,0.0005115999988315393,0.10961141703289806,0.020628106631768017,0.0007605203589409079,0.0019859798578205547,0.4117647058823529,0.3333333333333333,1160.2330474853493,1.3918445110321045,2.0145441809525857,1302.3653497993,1.0047997598130298,41.437103716894676,0.0011996249495295297,0.005562599016718604,True,41,853.808587076448,10.011719794874807,21.3452146769112,245.19532117551717,25.049221073695662,50.82567959374201,11,741.9882818721671,0.0,0.0,0.0,4.596239968052197,2.9922171826910926,12.84374996281258,12.01559702603845,0.0,12.84374996281258,10,2,0.24390243902439024,0.18181818181818182,raw,0.3569065710641593,0.11743015012806052,2.4048153682274904,0.11179155918040222,0.03678189375573221,2.970921402909508,-1.2257447065895817,0.8181818181818182,0.8181818181818182,0.8181818181818182,0.4239459809082965,3.039309501647948,1.9709214029095081,0.13548181818181826,-0.13631818181818178,-0.17911818181818173
125470,SNIa,r,60168.2890625,3.976946187019347,2.1061076790207993,1.4784976849014906,1.1389392248790213,1.1389392248790213,-0.9671684541417782,0.4664632880403444,0.6082423177925502,-0.061422507071166914,0.2823602745351555,0.1346153846153846,850.7734220672864,399.82031966137583,736.9257975288201,121.80078177690302,853.8085656962357,52,18.81005435251296,0.07277351935113247,0.04346475966899331,0.26037988460800154,0.09924230761346044,0.025112213935839053,0.039767633138779526,0.3333333333333333,0.29411764705882354,3.976946187019347,1.1102759838104248,1.248531148983882,4.079616305924517,0.9140158414698437,1.1985920847127784,0.2791780254493606,0.5323017122972051,True,41,853.8085656962357,9.019536584855814,21.345214142405894,245.195321545325,28.832403823093046,50.76532184548014,11,794.9570431618486,0.0,0.0,0.0,6.694951994385602,3.003898988245055,24.953118972480297,12.843754069763236,0.0,40.89062664323137,6,1,0.14634146341463414,0.09090909090909091,raw,0.36211690337636465,0.1633210230278502,0.27619192608114407,0.1906386868463773,0.08598136423384789,0.8834156577105596,-0.2701344625901114,0.6363636363636364,1.0,1.0,0.23314030508383632,2.2172093749046313,-0.11658434228944037,-0.04633636363636362,0.045499999999999985,0.0027000000000000357
127056,SNII,r,59896.12890625,182.40678100585913,1.2475707749147287,1.0102135986206215,1.2359799611363738,1.2359799611363738,-0.011590813778355004,0.3405348897759347,0.007390038914807544,-0.0003411112322171766,0.005888189497717246,0.8076923076923077,45.839843728841515,39.82031216959149,45.839843728841515,39.82031216959149,853.8086168010268,52,2.7217368037495766,0.008275848840168463,0.00117719004466523,0.19906765431537987,0.02927718784130646,0.001712867673805775,0.0053641493467927156,0.37254901960784315,0.4117647058823529,182.40678100585913,1.1686109900474548,1.3049821303440974,192.92230521422508,0.7134905128635389,19.217273701545345,0.006406620321916199,0.011595439501953587,True,41,841.7773191116212,8.884795161979127,21.044432977790528,245.1953305359566,26.29490573251679,51.34734438534805,11,785.0195544630988,0.09090909090909091,0.0,0.09090909090909091,6.603699146435247,3.089845929927833,12.84372500882455,12.03129768940562,0.0,29.019531341247784,12,3,0.2926829268292683,0.2727272727272727,raw,0.025351629940513522,0.01007046315030478,-1.2660479178954596,0.03187080987713654,0.012660086045401305,0.20517379233885077,0.08659912084756644,1.0,1.0,1.0,0.44244165104499084,2.5174244284629808,-0.7948262076611492,0.3173,0.045499999999999985,0.0027000000000000357
129490,SNII,r,60532.30078125,10.182825040817244,1.7808272430032925,1.1474914016232478,1.5006334906645173,1.5006334906645173,-0.2801937523387752,0.3850731194392349,0.3803658121534451,-0.005007255106108541,0.11933873396658207,0.36538461538461536,748.7617441863913,63.83593735937029,748.7617441863913,63.83593735937029,853.808602287354,52,8.89772356579139,0.031170816675796385,0.021283488983453436,0.11015231650721231,0.043018503778075964,0.010398170840720476,0.015114060470457998,0.43137254901960786,0.23529411764705882,10.182825040817244,1.1107974648475647,1.248649993768105,13.756502665339278,1.0996183322264614,2.319000130316755,0.10908539235379176,0.20771649358432315,True,41,850.7734462363878,9.527325916595146,21.269336155909695,245.1953170892666,28.660510496245852,50.60949129863646,11,809.761735141954,0.09090909090909091,0.09090909090909091,0.0,5.5276912223595325,3.000002682536433,15.937465475035424,13.05464646811015,0.0,2.980468727881089,3,2,0.07317073170731707,0.18181818181818182,raw,0.1407273610150564,0.07420749499889036,-0.4819954227452158,0.08273131030706421,0.04362537072805815,0.7661145217853992,0.2612257486731981,0.7272727272727273,1.0,1.0,0.2489085435571068,1.8964036047458648,-0.23388547821460082,0.04457272727272732,0.045499999999999985,0.0027000000000000357
130502,SNIa,r,60532.30078125,207.70571365356315,1.9195041055775988,1.00700581008579,1.9089684878419475,1.9089684878419475,-0.010535617735651228,0.43422170059295895,0.08466705217408343,-0.0021613753531514635,0.005152282428716616,0.7692307692307693,5.9804684889822965,5.9804684889822965,5.9804684889822965,5.9804684889822965,853.8086031533894,52,3.9919444645711732,0.0033490923579775895,0.001289500681875644,0.05027982757383022,0.008662853539959927,0.0006626313454119879,0.0016936067121854153,0.37254901960784315,0.3333333333333333,207.70571365356315,1.1597239971160889,1.3232938658732634,341.89485006378186,0.8812861200875773,15.764258938747114,0.005583495883268852,0.011902660381265437,True,41,853.8086031533894,9.527325685925462,21.345215078834734,245.1953135093936,27.94613523311928,50.819522299168035,11,781.88279369066,0.0,0.0,0.0,5.775572418140655,3.000051354392781,12.015639996199752,11.902357367893273,0.0,60.82031157167512,5,0,0.12195121951219512,0.0,raw,0.004187799527937985,0.0013271212471360199,-3.38751446328484,0.003945925716617824,0.001250470998720999,0.291335621183858,0.11365465689610184,1.0,1.0,1.0,0.39247253617501454,3.1555515646934458,-0.708664378816142,0.3173,0.045499999999999985,0.0027000000000000357
147816,RRL,r,60281.1015625,4863.852392578125,1.283770895901914,1.2680474186681108,1.0081133343205668,1.0081133343205668,-0.27565756158134724,0.45255629919200085,0.8477817149576321,0.21154247577972696,0.4361969423048405,0.09615384615384616,853.8085952651309,790.808585961051,838.7421740915524,790.808585961051,853.8085952651309,52,32.20208019345359,0.14726025602030648,0.08267404065288132,0.6183587118498646,0.20858324586213933,0.05559555126258208,0.09351512321170452,0.5490196078431373,0.5882352941176471,4863.852392578125,9.8776273727417,12.742400783758898,496.4060971419297,169.82316055110522,154.2202236295955,0.0020308238358166916,0.0052813219652243755,True,41,850.7734325279016,10.054691709261533,21.26933581319754,245.19531980296597,25.04920063335958,50.50095044943347,11,834.7343699900302,0.09090909090909091,0.09090909090909091,0.0,4.7272738767212354,3.015634587070963,12.843751533568138,12.015627198299626,0.0,3.000000079802703,7,1,0.17073170731707318,0.09090909090909091,raw,1.1120756829468588,0.0007189025963686408,6.000176016560692,0.7758950494247849,0.0005015782415662326,3.2903675734696387,0.9589315190155407,0.36363636363636365,0.5454545454545454,0.6363636363636364,0.43053481212412625,1546.9073120117175,2.2903675734696387,-0.3190636363636363,-0.4090454545454546,-0.3609363636363636
153089,EB,r,59867.109375,282.4367858886717,1.6108885956768848,1.1328130569691564,1.3300202230419076,0.2808683726349771,-1.3300202230419076,0.33779757626282514,0.02024267352894584,-0.0022237647801076734,0.26192123353825736,0.7884615384615384,725.0820564390524,398.83984485011024,399.03907489697303,399.03907489697303,853.808574316281,52,13.707300965659137,0.04293451502108697,0.0047340649410556645,0.41352371927732845,0.0970690323728582,0.013932778329889895,0.030854323770353714,0.4117647058823529,0.5294117647058824,282.4367858886717,2.613777995109558,2.713403880596161,143.71788180393844,0.9660084624164642,13.284017386914979,0.009254382310312202,0.011549109586932256,True,41,841.7773714547366,7.984376288550266,21.044434286368414,245.1952792409429,27.166019515952943,51.03877390815831,11,825.8202938681497,0.09090909090909091,0.0,0.09090909090909091,8.003903128304625,9.085926352599927,15.937499255371222,12.843736537615769,0.0,20.17578206149483,11,2,0.2682926829268293,0.18181818181818182,raw,0.568090403343738,0.1283135281018393,0.4923561521357346,0.28225964713760504,0.06375346415259166,0.7844120879347454,0.2769828766009759,0.8181818181818182,0.9090909090909091,1.0,0.31770195823230557,4.427361726760864,-0.21558791206525463,0.13548181818181826,-0.045409090909090954,0.0027000000000000357
154762,SNIa,r,60168.2890625,7.34541847705841,1.7425235714460223,1.2661567349877179,1.2403261898378704,1.2403261898378704,-0.502197381608152,0.37837457179163464,0.4630094721258648,0.008649201195091626,0.2035665702747508,0.19230769230769232,803.7343803502154,75.78124828701402,803.7343803502154,75.78124828701402,853.8086239015684,52,13.064057213680607,0.04795926873331227,0.03216253940674976,0.1963607370828043,0.06708266284964866,0.015671985169756188,0.02463896386292574,0.39215686274509803,0.29411764705882354,7.34541847705841,1.1195150017738342,1.2587666855408595,8.138090957226055,1.1143963119060225,1.8266158367172727,0.15240996891740902,0.2904048097683768,True,41,853.8086239015684,9.005873165369849,21.34521559753921,245.19531814585207,25.362499414477504,50.832357858096515,11,723.039051820524,0.0,0.0,0.0,5.79474583439812,3.0000032944371924,12.843735341448337,11.96875391760841,0.0,13.121093980953447,6,1,0.14634146341463414,0.09090909090909091,raw,0.21839310284050836,0.10562439692769778,-0.12992150757507465,0.12501009943481448,0.06046031761505182,1.007718362703723,-0.4938554261743995,0.5454545454545454,0.9090909090909091,1.0,0.2658115219464557,2.06763881444931,0.007718362703722947,-0.13724545454545456,-0.045409090909090954,0.0027000000000000357
157299,SNII,r,60209.1796875,46.90942325592039,2.4333070639689796,1.0391096822433585,2.353302583860567,2.353302583860567,-0.08000448010841262,0.45654366095788185,0.04459879559597669,0.00562799477188133,0.029363340540868435,0.8461538461538461,31.0507812253054,2.9882813680160325,31.0507812253054,2.9882813680160325,853.8085760180693,52,5.950723116621734,0.016218806725624313,0.004803908819063018,0.13210200359060098,0.032173271012229256,0.00331476960178707,0.006032402577456985,0.37254901960784315,0.4117647058823529,46.90942325592039,1.1094880104064941,1.2549563268056283,99.4982063078996,0.9036144511362525,5.7339839572990865,0.023651708620537493,0.04513507652504067,True,41,853.8085760180693,10.564452594604518,21.34521440045173,245.19529976541526,26.01250483641925,50.73266463235022,11,819.9101312507992,0.0,0.0,0.0,4.514917432303429,3.0000013177486835,12.843730248314387,10.054712599725462,0.0,31.906249361272785,10,2,0.24390243902439024,0.18181818181818182,raw,0.03587951114342133,0.019446086585464956,-1.248177338826319,0.03276778303098588,0.017759582718035866,0.41205428968226987,-0.14306788920370264,1.0,1.0,1.0,0.313420212225042,1.8450761795043942,-0.5879457103177301,0.3173,0.045499999999999985,0.0027000000000000357
158697,SNIa,r,60195.28125,42.035504341125424,2.4961492982994664,1.0408685863789535,2.4474673325374496,2.4474673325374496,-0.04868196576201687,0.4381952414638182,0.09742802094715072,0.004539495757362943,0.02930109024191546,0.8269230769230769,41.832030671459506,13.89843807201396,41.832030671459506,13.89843807201396,853.8085860496358,52,6.113314765312865,0.01871808910256112,0.0065630377998791714,0.18493436045547754,0.03966338158513384,0.0033043682327715445,0.005397529890079081,0.37254901960784315,0.3333333333333333,42.035504341125424,1.1406735181808472,1.263787289078419,90.19278701737119,1.224837844159958,5.70644030662008,0.027135954143052105,0.05069053694180527,True,41,853.8085860496358,10.011717936107743,21.345214651240894,248.17577967516263,25.25041105526398,51.008736125911945,11,705.9492193432015,0.0,0.0,0.0,3.6239325689794812,2.992207205374143,10.054683869850123,3.089844138972694,0.0,16.886718763926183,7,4,0.17073170731707318,0.36363636363636365,raw,0.042064921544662875,0.019959101318542043,-1.2625990648127836,0.03324030135363106,0.01577196671748386,0.4772729532581385,0.11205698387481507,0.9090909090909091,1.0,1.0,0.2862867168644846,2.1075558900833116,-0.5227270467418614,0.2263909090909091,0.045499999999999985,0.0027000000000000357
166727,SNIbc,r,60209.1796875,38.54785137176506,2.1956554012476497,1.0409003970494883,2.111888397765013,2.111888397765013,-0.08376700348263684,0.42129525145278757,0.10117513453334187,0.0073723435220076575,0.03046139752920042,0.75,31.050781421807187,16.88671931594581,31.050781421807187,16.88671931594581,853.8086197840166,52,5.6521937935761715,0.015419742955090162,0.005808160007709105,0.1321160521826712,0.030515204446224527,0.0033802152695988456,0.006098852662220202,0.35294117647058826,0.3137254901960784,38.54785137176506,1.1098055243492126,1.2530975571045508,73.35407716459034,1.0039073508190683,5.374277142270855,0.028790334217229704,0.0549397689185873,True,41,853.8086197840166,9.019542805894162,21.345215494600417,251.17578035664337,25.03712218725268,51.42820878571861,11,785.9492122581651,0.0,0.0,0.0,5.71945934153535,4.050772123679053,12.843748798004526,10.05469083544449,0.0,43.87500123943755,11,1,0.2682926829268293,0.09090909090909091,raw,0.04959133115542663,0.022693472899753795,-1.351892431948155,0.03211300194582359,0.014695220362269766,0.48362421822965107,-0.10830025068769865,0.9090909090909091,1.0,1.0,0.2642632985169068,2.1852684855461084,-0.5163757817703489,0.2263909090909091,0.045499999999999985,0.0027000000000000357
170667,SNII,r,60532.30078125,78.0443862915038,1.3438657218251921,1.0241956785709392,1.3018018651237586,1.3018018651237586,-0.042063856701433526,0.34066118589201333,0.3017512530162597,0.006184724370143056,0.01598868574091938,0.6923076923076923,107.7968776864509,60.82031276400812,107.7968776864509,60.82031276400812,853.8086080962603,52,3.117849686347625,0.006354760297432549,0.004201004161372011,0.030831978188249596,0.008731394144358992,0.0014695287653199126,0.002482815043759802,0.35294117647058826,0.35294117647058826,78.0443862915038,1.1580100059509277,1.265789189017736,87.73527613285935,1.0789666695400233,12.59492108661265,0.014837838581056188,0.027121475127489497,True,41,853.8086080962603,9.019523124974512,21.345215202406507,248.19921483125654,28.02344747900497,50.86444297356,11,751.031212208436,0.0,0.0,0.0,5.6573209282730454,3.00390550873999,12.01562203495996,10.191411041887477,0.0,5.980468923495209,4,1,0.0975609756097561,0.09090909090909091,raw,0.028399740061471865,0.010778748346357819,-2.1983506149222367,0.015977691240648777,0.006064122864011638,1.082499977949023,-0.28013374503799754,0.5454545454545454,1.0,1.0,0.19048639333147865,2.6347901582717856,0.08249997794902297,-0.13724545454545456,0.045499999999999985,0.0027000000000000357
174980,EB,r,59867.109375,283.75696105956865,4.784427906671035,1.0626983839260482,4.64864094819056,0.13578695848047498,-4.64864094819056,0.8567098289763093,0.3367084143481236,-0.018738585226987407,0.6052289082564294,0.725,737.980463772692,737.980463772692,753.8906365272051,0.0,841.7773492390406,40,22.091372141754896,0.10724367410169364,0.01810211551912679,1.5608487547889847,0.2801494901581032,0.035194307160602754,0.10008291077990555,0.41025641025641024,0.46153846153846156,283.75696105956865,14.882164478302002,14.95139455795288,88.63524055515126,0.9583841117266187,6.202968765018499,0.05244687010577976,0.054190075091404805,True,32,838.7421934722151,11.914061998642865,27.056199789426294,248.17576664627268,27.964848013798473,57.32874966189169,8,822.9453454361501,0.125,0.125,0.0,7.973626329429862,9.5703057726314,11.902342430817953,11.866788548909245,0.0,24.863280284982466,10,1,0.3125,0.125,raw,0.318561596040304,0.017905668809739914,1.041361866457479,0.30374973929170535,0.017073125889644287,0.22382738098329139,0.024673886375214414,1.0,1.0,1.0,0.3943025485964038,17.791102886199937,-0.7761726190167086,0.3173,0.045499999999999985,0.0027000000000000357
180994,SNIa,r,60538.28125,59.52260265350327,2.1043648165411013,1.0368676640685424,2.0284630944962525,2.0284630944962525,-0.07590172204484884,0.4128482037822271,0.1089420069617555,-0.007342798910383749,0.0236312594811793,0.7884615384615384,35.027343332192686,5.980468651323463,35.027343332192686,5.980468651323463,853.808606198807,52,4.729317541770298,0.010290531779864645,0.002640622827393131,0.15136833588880116,0.0261581913959288,0.001648264269638883,0.0036993345005069764,0.27450980392156865,0.19607843137254902,59.52260265350327,1.1386585235595703,1.2572203886050444,106.03653358124576,1.2750404222975673,6.897542483723154,0.0191298510615875,0.035534986119438346,True,41,841.7773599768261,9.537106869032868,21.044433999420654,245.1953128114983,24.95309161460318,50.56178152352313,11,785.0195614396725,0.09090909090909091,0.0,0.09090909090909091,5.334869189563588,2.99998607460293,12.843751128624717,12.031246221980837,0.0,29.046874680869223,4,1,0.0975609756097561,0.09090909090909091,raw,0.06146902629900107,0.02190761103329345,-1.9337834040917186,0.02467864122664265,0.008795487831442567,0.4852418134849552,-0.08413940403592718,0.9090909090909091,1.0,1.0,0.269196282144583,2.8058297276496886,-0.5147581865150448,0.2263909090909091,0.045499999999999985,0.0027000000000000357
201776,SNII,r,60567.328125,225.73266525268548,1.3937132530045844,1.0068422878130077,1.3846939158914697,1.3846939158914697,-0.009019337113114664,0.402388971907248,0.1600226214523384,0.00023943144571412562,0.006123269271503958,0.75,84.80078521859105,68.71874850337917,84.80078521859105,68.71874850337917,853.8085975990034,52,2.4447297777562484,0.0040325638334702775,0.0014334569330205311,0.04766373808459268,0.008374125726203762,0.0005275301891766736,0.0009282291937460477,0.39215686274509803,0.3333333333333333,225.73266525268548,1.314907968044281,1.387628165575174,237.71294705762494,0.8418048820866619,31.427765877660725,0.005825067305045865,0.009525457035066538,True,41,853.8085975990034,10.123044195974217,21.345214939975087,251.1796827327562,18.579304249778954,51.30662237701872,11,750.9414278434415,0.0,0.0,0.0,3.2752213171486138,2.9922197420237353,5.988290474706446,3.089838722218701,0.0,28.808593554196705,7,3,0.17073170731707318,0.2727272727272727,raw,0.011703329605968179,0.00429655221822053,-2.780668242808872,0.007413610582126678,0.002721701093970384,0.4864318693292318,-0.21638536827284757,0.9090909090909091,1.0,1.0,0.3387162215647437,2.7238885998725872,-0.5135681306707682,0.2263909090909091,0.045499999999999985,0.0027000000000000357
206940,M-dwarf,r,59927.10546875,7.821377635002126,35.36834942093318,1.1982341210444902,35.070495744497904,35.070495744497904,-0.2978536764352755,5.4832436592462725,0.25625613650144385,0.0579440132353265,0.26647186166579095,0.9615384615384616,59.99609195312223,59.99609195312223,59.99609195312223,59.99609195312223,853.8086258449257,52,123.56028338258706,0.6844100875849704,0.0325782735920771,11.708782036240812,2.4997929538979955,0.3655220032889565,1.302612853724259,0.47058823529411764,0.47058823529411764,7.821377635002126,1.4210395216941833,1.5526057114967933,193.02741892599107,0.7077440828548106,5.204513896674374,0.18168660151822438,0.2926508956169515,True,41,850.773472687164,9.570313157317287,21.269336817179102,248.28514744339918,25.250391515662344,52.17260070895198,11,825.8086040082417,0.09090909090909091,0.09090909090909091,0.0,5.618252354325457,3.0000049325535656,16.105455857272318,13.121078408272297,0.0,69.9648428401415,10,0,0.24390243902439024,0.0,raw,2.4649927204021487,1.1831009484032744,2.6067179143457713,1.4535287187019803,0.6976374377881145,1.029279133655213,-0.4208789593694646,0.9090909090909091,0.9090909090909091,0.9090909090909091,0.43375146817443766,2.0835016012191767,0.029279133655212952,0.2263909090909091,-0.045409090909090954,-0.0882090909090909
207496,SNII,r,60532.30078125,167.89931488037084,1.3577762662631407,1.0171208792723363,1.3354623929523213,1.3354623929523213,-0.022313873310819517,0.3418477496576161,0.2711502789527222,-0.001989424430038965,0.009322765429916592,0.6923076923076923,100.75390282826993,47.87109189199691,100.75390282826993,47.87109189199691,853.8086132276585,52,2.842082039658767,0.004654147015952498,0.0035650033884857693,0.02468719707400709,0.0061267126309788545,0.000651602726124991,0.000973367166624092,0.37254901960784315,0.2549019607843137,167.89931488037084,1.188548982143402,1.3069295046421199,188.6529071951551,1.5247239338205103,22.420197889969568,0.007078938844927686,0.012845884786516285,True,41,853.8086132276585,9.527320500681526,21.345215330691463,248.19922006357228,25.037137771515702,51.061285872241186,11,781.8984634279477,0.0,0.0,0.0,4.442832340051774,3.003914965869626,12.843748935803887,10.054673323458701,0.0,47.87109189199691,4,1,0.0975609756097561,0.09090909090909091,raw,0.010822018861093095,0.003958013100211348,-3.1388687111161357,0.006047813534860449,0.0022119093956370476,1.0932905931899362,0.3508762185384628,0.7272727272727273,0.9090909090909091,1.0,0.2799633515922506,2.734204912185669,0.09329059318993616,0.04457272727272732,-0.045409090909090954,0.0027000000000000357
