object_id,obj_type,band,n_test,rmse,mae,sigma_rms,sigma_mean,sigma_median,sigma_q90,z_mean,z_std,z_error,mean_abs_z,rmse_sigma_ratio,mae_sigma_ratio
21846282,SNIa,r,4,0.8387790710861497,0.5851573890983244,0.2786256950131218,0.2599841025670532,0.29464978733668573,0.3451226314280606,-1.3535106304279962,2.061088772101729,1.061088772101729,1.9035500388835909,3.0104153568702543,1.9859420038531574
114421739,AGN,r,4,0.09877675196832586,0.08959751726111809,0.10901272025847282,0.10659482435327347,0.1053007043017313,0.13103927184648156,-0.21911551851792768,0.7997904009251173,-0.20020959907488267,0.7956405487912032,0.9061029917804351,0.8508729153831972
30652072,SNII,r,5,0.17396532668923162,0.15119126973557523,0.2528729194396212,0.24967223240351402,0.2551523679702132,0.29069905444348787,-0.1748055860411545,0.6472793244773014,-0.3527206755226986,0.5827592077259272,0.6879555433406919,0.5925528770841174
107732897,TDE,r,5,0.015913971532726175,0.007680806614026568,0.20709195353853252,0.1982397094984351,0.20930924152652008,0.2570041829636009,-0.028084221128621085,0.048581687914012094,-0.9514183120859879,0.028783932489734064,0.07684495346539452,0.03669597461635916
121186562,AGN,r,6,0.49454166222440926,0.32427872341007463,0.5236358680007674,0.48884608501806404,0.545992769873168,0.6669277163145297,0.14153905494597696,0.778192346804552,-0.22180765319544804,0.5983167447418255,0.9444380961001786,0.5939249405910692
10905347,SNII,r,5,0.11384464164957651,0.10551878414477982,0.15648487874662012,0.1491567839111169,0.12653072642567015,0.2080691485894053,-0.5821712249350861,0.7365409827106524,-0.2634590172893476,0.8278206998149116,0.7275120929346371,0.833938025375728
16775731,SNIa,r,5,0.026600183461019142,0.02252455941824732,0.22456652603807245,0.19963938256114183,0.21458187585234692,0.3115399545443752,-0.12937337274004684,0.2223390836171983,-0.7776609163828017,0.1695626469355546,0.11845123995242912,0.10496953355812022
31971611,SNII,r,5,0.08904516587012146,0.08127353093646314,0.19414113356599777,0.16749598940767382,0.09548549780232936,0.28790998639959614,0.5048128113568862,0.7427172740180457,-0.25728272598195434,0.7263021319882546,0.4586620271270374,0.8511609910094691
50875482,SNIbc,r,5,0.31527419427589404,0.2647126583478575,0.17110595716644264,0.16949363869594175,0.18070241727240607,0.1878341320915367,-0.5935365848007315,1.6158441205586194,0.6158441205586194,1.4949744113389598,1.8425670239476952,1.4649093373709954
52437992,AGN,r,5,0.27350386404496807,0.2014744143281309,0.22579854382674977,0.17453221053151308,0.10750525706325863,0.3225330636872755,0.9434344408350288,1.1659413041590483,0.1659413041590483,1.1742379307278688,1.2112738169596946,1.8740889499904048
100164081,SLSN-I,r,5,0.24754723266879936,0.1777657487473345,0.8137870028247014,0.8064841911685946,0.8669168595253068,0.9067959569402475,0.2528106152335525,0.25749390046503506,-0.7425060995349649,0.2528106152335525,0.30419167645778156,0.2050551293288641
6777396,AGN,r,5,0.20798993847751188,0.15994081053766507,0.09870706927467457,0.09601910850130331,0.09804512011426371,0.11936245198842245,0.4393930013373698,2.1383675578554695,1.1383675578554695,1.7777094475260777,2.1071432877693206,1.631298022290828
56002762,SNII,r,5,0.043283987364494805,0.030844710308502866,0.09314168844347108,0.07419620333380876,0.04342975584025146,0.13653721151460424,-0.1606493943297857,0.503671583826432,-0.49632841617356804,0.4129154642984421,0.4647112167261648,0.7102206704076252
93866109,SNIbc,r,5,0.006425248031978381,0.005237562649963432,0.1804247592486855,0.16737023351491087,0.17013837440154464,0.24369231070582856,0.0026163460924114946,0.04260594609416443,-0.9573940539058355,0.03528712352513059,0.03561178664576875,0.030784134786677977
31725628,SNII,r,5,0.08581518024238755,0.06427656672433765,0.12214233420261528,0.10278516000224185,0.06328529026792591,0.18415913279795534,-0.40345792089103955,0.8607994056974834,-0.13920059430251663,0.7083713712105795,0.7025834310652145,1.0156636155450192
41660164,SNIbc,r,6,0.1889447743048639,0.12936389659942477,0.685704384493565,0.5244824099925408,0.3071056903374732,1.1295833371378061,-0.44034478252921905,0.6090191038207137,-0.39098089617928633,0.47223807714009264,0.2755484412490833,0.421235752607739
43441391,TDE,r,5,0.037295687758007366,0.03369094932033532,0.25574960760820115,0.15461795584472704,0.054744665070885934,0.36546787586796287,0.06278235563592527,0.6453443180989209,-0.3546556819010791,0.514788841091433,0.14582891487811378,0.6154197724419487
46741316,SNIa,r,6,0.45857603792681445,0.3647554274238834,0.6456650526631432,0.5881723032845098,0.5815019847380105,0.9028302720822272,-0.6243576716214841,0.8606611106826922,-0.13933888931730776,0.7555788860505848,0.7102382822724386,0.6272642862744828
56383332,SNIax,r,5,0.08706494991362244,0.06494979381576502,0.19862418070198953,0.18884991543738133,0.1908692537211024,0.2559203185014717,0.04228986146325124,0.6550202543459592,-0.34497974565404077,0.4676756713812516,0.4383401336429042,0.3402842131434614
26794348,SNII,r,5,0.2685211778196165,0.22843349309108546,0.26249392256106846,0.25373819848904355,0.27702322695224096,0.3208837389005758,-0.3588926048565109,1.3271201757003408,0.3271201757003408,1.0858886462079747,1.0229615040216629,0.8246005059007835
97960909,SNIa,r,5,0.05502214956593952,0.04052756550306784,0.25595084878452307,0.22449063293152247,0.28275805404531335,0.34655924059774923,-0.37315883837387837,0.5382795324505323,-0.4617204675494677,0.4121353539303258,0.21497154561992066,0.14332948230211368
114809828,SNII,r,4,0.10771828250697078,0.0977711673729089,0.4818690219025012,0.45010669724269414,0.42757235726824583,0.6380091177697582,-0.020237957051072272,0.22772996103251622,-0.7722700389674838,0.22061803386929724,0.22354265912691504,0.2286657818516791
9858227,M-dwarf,r,6,0.3422631107327949,0.24641913652082845,0.5681159560322858,0.49632611514031066,0.4556196459557531,0.8483964982730021,-0.5137612795824015,0.39040187561854595,-0.6095981243814541,0.5137612795824015,0.6024529096544935,0.5408439664710136
19370388,SNII,r,5,0.555082199530779,0.5087139576315833,0.7488997893817885,0.7432480701305847,0.7430550190392228,0.8338757691236218,0.23138047575798426,0.6902813671278343,-0.3097186328721657,0.6772687753287392,0.7411968963017007,0.684624885905966
39985847,SNIa,r,5,0.03907622856048516,0.031414260805732695,0.2686327437110286,0.22700844643372992,0.16582280228620735,0.4033119272424601,-0.05515701021246355,0.3138410341484222,-0.6861589658515779,0.2151192756556642,0.14546338625986682,0.1894447589391971
76782555,TDE,r,5,0.16863164249726903,0.15459598879593717,0.34236209492916136,0.32884964613489337,0.31399486070179966,0.43434539256519666,0.14422220517343215,0.5529651484540865,-0.4470348515459135,0.5153155036390837,0.4925534835629536,0.4923519717819735
92321294,SNIa,r,5,0.32323868007477524,0.27943214371547154,0.37586626544231105,0.3748241755976812,0.384740112460137,0.4033951372129644,-0.30841928973889415,0.8446376858965651,-0.15536231410343493,0.757818246088703,0.859983216888047,0.7262880439700021
94621519,SNII,r,5,0.08229011658805997,0.07925271474259085,0.19234849955693342,0.1738804925958471,0.15109343755066598,0.27265984003411226,0.25127214778842,0.5045062106460109,-0.49549378935398913,0.5241015899345913,0.42781782430126436,0.5245278420250061
106260667,TDE,r,5,0.09648537639816468,0.06775010688857168,0.055717172129089956,0.05220074814396473,0.046870724334525646,0.07321029820341325,-0.7404577926497177,1.030517244357454,0.030517244357453954,1.070213203266638,1.7316990922407138,1.4454674607762779
3219576,SNIbc,r,5,0.3449816428045243,0.25274972865112555,0.2432676044257902,0.22599949006714132,0.26597686947320764,0.31484105397911755,-0.5373118383077286,1.0487189516419018,0.048718951641901764,0.9430244318552692,1.4181158383945955,0.9502695822825508
26109323,SNIbc,r,5,0.04223357897762005,0.037875287048607764,0.1392036197653731,0.101361498758645,0.05920364291944324,0.20088317036140907,-0.12807977201853768,0.572951299042525,-0.42704870095747505,0.5163519407394801,0.3033942583447507,0.6397458869236075
50150449,SNIbc,r,5,0.3627965449597173,0.23755775739407775,0.48783373630025356,0.4777591932233741,0.5381008006959519,0.5429917622164119,-0.27852384104678224,0.6158706540962215,-0.38412934590377845,0.45459077828129146,0.7436889209655276,0.44147445439001903
74893050,TDE,r,5,0.07940889245913867,0.03928489522026759,0.11039056393953259,0.08744178373242636,0.05448789390372648,0.16955540598894153,-0.6772919877878996,1.3957071266364374,0.39570712663643737,0.7653417612122964,0.7193449297227578,0.7209839178162997
79883325,SNIa,r,5,0.34004690406010546,0.2768081796565632,0.33152420782387354,0.3280505531864474,0.3242679792619015,0.3838446855660172,0.3406091697947288,1.0465375585284435,0.046537558528443546,0.876586077315717,1.025707613607389,0.8536401907047182
111941650,SNII,r,5,0.461232473694143,0.3337996568412953,0.47100107577890943,0.4641184077082142,0.45225243541847393,0.5502256435409206,-0.32609031094052654,0.7679429086986082,-0.23205709130139185,0.6408656840021663,0.9792599155562187,0.7380826076313486
7358574,SNIa,r,5,0.2765313026791354,0.23191374769760625,0.5735153795043324,0.5704669961228982,0.5806924553951459,0.6351436925714482,0.19711200396031353,0.44855861088444376,-0.5514413891155563,0.4046233962541218,0.4821689401217643,0.39937448048949603
24400626,SNIa,r,5,0.053408692472323875,0.03892468890489971,0.11746592596841152,0.08006728601634962,0.03818990697196862,0.17386924543500287,0.588198692366779,0.8931261649429131,-0.10687383505708692,0.7835137034820894,0.4546739152823461,1.0192402126946898
36008055,SNII,r,5,0.021582732768781428,0.015552022927795164,0.5706823058802231,0.48345862181086535,0.6407958257248293,0.7705213111155728,0.01329476597306652,0.045437203905688346,-0.9545627960943116,0.04093757557804777,0.03781917285045682,0.024269856799088323
59907038,SNII,r,5,0.011799612042746311,0.010187613879568808,0.18834559703405337,0.15962438797286368,0.10126872304990989,0.281553765968782,0.053182762645527605,0.1012185471314163,-0.8987814528685837,0.09028262946945849,0.06264872780972369,0.10059980587044515
4288146,SNIa,r,5,0.029451368034390298,0.021629574807244263,0.17349278047970296,0.1465931312949819,0.1982725553840142,0.23479890158424443,0.1627235209255448,0.5431980371338412,-0.4568019628661588,0.3507568299162489,0.16975558264129517,0.10909010964907428
4831627,SNIa,r,5,0.31940897275183266,0.27707575960388686,1.297986310058128,1.2739762976116216,1.2961415118777564,1.5503505096968955,0.2241700463459148,0.12372956570194193,-0.8762704342980581,0.2241700463459148,0.2460803864237432,0.2137696826039307
26385586,TDE,r,5,0.02675294697890886,0.018384961453348315,0.12975879167002555,0.10146696838878941,0.055480176681627136,0.20042547797262547,-0.06949419883895763,0.1351736281758467,-0.8648263718241533,0.1360397600877474,0.2061744459438337,0.3313789276276169
54013347,SNII,r,4,0.05765668736276591,0.04336826594822946,0.19007856311744556,0.1799969892435536,0.20689618528851894,0.22667761958187138,0.37503635143502195,0.5729186623550728,-0.4270813376449272,0.4174259330632851,0.30333082498704,0.20961365666434087
56927863,SNII,r,5,0.1556418645365818,0.13727067750800148,0.19276428990178185,0.18993118084149058,0.20703607237570773,0.22176432674348548,-0.29181299714439646,0.7586187735002571,-0.24138122649974292,0.7338073489592107,0.8074206307396726,0.6630278285945108
118689867,M-dwarf,r,6,0.18832110432656515,0.16383374402459386,0.3313185802787691,0.31755978207917224,0.32421825225829504,0.4159565996708453,-0.09286017571831044,0.6579773502446727,-0.34202264975532726,0.5603260971571808,0.5683988630161131,0.5053193115545894
25842167,SNIa,r,6,0.1554691102742127,0.12467168880164388,0.24967180608110856,0.23076506293673008,0.22115419296664005,0.35112051866508137,0.20764575943745797,0.5384250452625721,-0.46157495473742793,0.5004639134757455,0.622693898500125,0.5637319696690081
31730775,TDE,r,6,0.05190087413267745,0.03435251613574438,0.07474444787870792,0.06191732223493409,0.04939754242652261,0.10484150684525308,0.010631558367106409,0.5711835463826489,-0.4288164536173511,0.47964325801125357,0.6943776508577595,0.6954296600249443
85439795,M-dwarf,r,5,0.3691670333881075,0.2347969382445359,0.7061402117081496,0.5970644186011318,0.4910776817324593,1.051841729038181,-0.6237647924296104,0.6065494132608054,-0.39345058673919464,0.6237647924296104,0.5227956534228441,0.47812585865479024
95373927,SNII,r,5,0.346187569974196,0.30221233994840613,0.3322948985828578,0.32693074731399374,0.30243023027787247,0.39247209848217857,-0.15547264533034422,1.0068532943117836,0.006853294311783609,0.905162886356619,1.0418082596229625,0.9992795352195244
130375489,SNIa,r,4,0.2074730861547609,0.18352257367832414,0.2070000010973856,0.20364983231125047,0.19548650404908072,0.24523433498050454,0.017546074291092964,0.9872771340797147,-0.012722865920285265,0.8929384308608064,1.0022854350476682,0.9387992003389002
22540174,TDE,r,5,0.14566738255762463,0.12897551346581357,0.21480453634661878,0.19263461242837482,0.12119551667889393,0.31046616831263113,0.17601821851695953,0.8418471823589777,-0.1581528176410223,0.7311060815094972,0.6781392285057185,1.0641937672292998
100826219,TDE,r,5,0.040669869705031066,0.02318385584421003,0.08493951142241303,0.055130542108979975,0.024969044324777867,0.12369061347843435,-0.32150725141714886,0.2310295915746645,-0.7689704084253355,0.32150725141714886,0.47880979092021814,0.9285039324153742
105385367,KN,r,6,0.3836652019980811,0.3029162882977045,0.9245185720274409,0.8853533963874819,0.7750279733409267,1.141979790280198,0.017750262642584558,0.48804026995177485,-0.5119597300482251,0.3681238050302886,0.41498917772599747,0.3908456194063783
15406344,SNII,r,5,0.09734735952609003,0.08907624579709408,0.27774552249671525,0.26451645752529457,0.2122006536147005,0.3701767594257541,0.12202302442698824,0.37359633121661673,-0.6264036687833833,0.34648844156987757,0.3504911929849069,0.4197736636515393
61099873,TDE,r,5,0.3106520168317989,0.20283190119372985,0.4227401426825831,0.416756790762816,0.4133124150487192,0.49633502394836554,0.49426234069038955,0.5260844492624926,-0.47391555073750735,0.49426234069038955,0.7348533660903213,0.49074717770048365
106619084,SNIa,r,4,0.15988849164125365,0.11924003817811023,0.3809558347740826,0.3768773227917591,0.40358886637400027,0.4153458206081125,-0.3151340476765701,0.42701999806155094,-0.572980001938449,0.36928796129687097,0.41970348540814967,0.295449275519935
38941537,SNIa-91bg,r,5,0.6781270990602304,0.6318151318827223,0.597606584145843,0.5913669923471332,0.6131790629400956,0.6703788402579668,-1.0332470481701186,0.3369863132389495,-0.6630136867610505,1.0332470481701186,1.1347383329610987,1.030392539584228
60299807,TDE,r,5,0.06516187358953264,0.050498593057764475,0.15270846011813455,0.15136683203193063,0.14576801216985413,0.17402561288464424,-0.009597031107283915,0.4546819327976693,-0.5453180672023308,0.35475488687987217,0.4267076856064407,0.3464312389670355
105699563,SNIa,r,5,0.08486741658192763,0.08225121941024045,0.2047196059517832,0.18611934065390873,0.19873409477841716,0.27545414404483604,-0.4895553729908647,0.4563581126618356,-0.5436418873381643,0.5823966554779494,0.4145544154765329,0.4138757343169938
7779381,SNIbc,r,5,0.10922478788565286,0.09296115425677147,0.40041585439445687,0.35109815873904576,0.2605322601437894,0.5829653945301841,-0.2999044238741875,0.13341431762109288,-0.8665856823789071,0.2999044238741875,0.27277837949456807,0.35681245080922275
14569980,SNIa-91bg,r,6,0.016922759076372244,0.01128758530060644,0.1735008144827105,0.14007887489156443,0.11793835269347902,0.2645284422768108,0.009166547463879812,0.27350065949141195,-0.726499340508588,0.1717792787958626,0.09753705840993969,0.09570750347804838
26677569,SNII,r,5,0.2055478915925937,0.17201197906725213,0.4781388653642579,0.44839212985832805,0.41134936732994676,0.6398175792334428,0.29292970768450066,0.42171054635400274,-0.5782894536459973,0.40392623537847283,0.4298916203684933,0.41816517230541866
76485976,SNIax,r,5,0.24411022331017806,0.21083490886149353,0.6242024927008393,0.572494764438292,0.4756180507793476,0.8309255080002504,0.03626390656673192,0.4817472263857585,-0.5182527736142415,0.4009335927914612,0.3910753740407962,0.443286179984169
84724459,SNIbc,r,6,0.10655006566983631,0.09216861612144887,0.1910782691670447,0.1891630873971436,0.18595655576225967,0.21727343377741995,-0.427385565157313,0.4193627701332862,-0.5806372298667137,0.5020775831054068,0.5576252398261362,0.4956459628090978
78480403,SNIa,r,5,0.28009177475423713,0.21907710906179637,0.4499924348165784,0.44443726000298334,0.4003492269827402,0.5322357388771984,0.28516569833521516,0.6078184913724609,-0.3921815086275391,0.514679462232676,0.6224366302255847,0.547215017031221
92798777,AGN,r,5,0.5467183499109023,0.4137582564646333,0.5519676019492001,0.5052386105739829,0.6366112045391287,0.6397257259727782,0.8429971387206031,0.8796388809397256,-0.12036111906027436,0.999253614257389,0.9904899272715267,0.6499386965144156
107165985,SNIa,r,6,1.483352391303346,1.0247002352472416,0.979359304556012,0.9489817181047163,1.014870824288265,1.1928684995753596,-0.9337619777949288,1.1217638369895093,0.12176383698950932,1.0212562001014043,1.5146151003035775,1.0096853813546864
4532322,SNIa,r,5,0.14912973472425323,0.12514802957770338,0.1713245958133224,0.15570655458668706,0.11824548326072049,0.2384184856164824,-0.5687699971481937,0.8654453392569005,-0.13455466074309952,0.8855401448742753,0.8704514025922291,1.0583747144215514
30398950,SNIbc,r,4,0.8509233545525351,0.7326405530770153,0.29236943382750014,0.2620483535325647,0.3299671087810829,0.3452031544912873,-2.2360963569876375,1.1487585950717056,0.14875859507170563,2.2360963569876375,2.9104388355951922,2.2203441906177583
115190109,AGN,r,4,0.283334142120235,0.19312005731174708,0.1528508690865357,0.14286624135526554,0.12867022041579135,0.20228346410450904,-0.8331562312266235,1.0335074821309245,0.03350748213092447,1.0930743887813228,1.8536639262405954,1.5008916335706066
33037345,SNIa,r,5,0.15050715734755565,0.12120215556660577,0.18803211001905315,0.18442775175587942,0.18556706155931132,0.22583620331530088,0.172830012642334,0.9064344762759103,-0.09356552372408966,0.7293504959957853,0.8004332735100663,0.6531447690562632
43128900,TDE,r,5,0.08915455950654727,0.07854482749253963,0.2176492450506058,0.20008646073365416,0.15867370104138673,0.29496066159587675,-0.03639744637303359,0.4407893888055889,-0.5592106111944111,0.39376642827178754,0.409624942580517,0.49500847952146054
64432366,SNIa,r,5,0.46041650331909273,0.3988902805954126,0.5527995693718676,0.5459136974315395,0.5649372167333249,0.6310551086253015,-0.1853104119689402,0.7442443766232489,-0.25575562337675106,0.6962409311947206,0.8328814435261818,0.7060789567059207
85083186,TDE,r,5,0.050409630020185434,0.043221841344298656,0.31755549530867994,0.26255992546330253,0.17400541189536364,0.4812950998529584,0.06193046191644151,0.178892916297562,-0.821107083702438,0.16756334587668054,0.15874274186684986,0.2483936612861769
108913976,SNIa,r,5,0.2404322028174185,0.20828072119667987,0.48420551130767253,0.4787949295643582,0.46227080594993164,0.5580891591222932,-0.4339970837351787,0.24759696112189225,-0.7524030388781078,0.4339970837351787,0.49654990949626704,0.4505599715921465
109187160,SNIa,r,6,0.07429211205790684,0.06292591649702477,0.10427479627512863,0.10366833423141865,0.10108906505881615,0.11599880181864786,-0.01378619988475325,0.7439410603269713,-0.25605893967302873,0.6211709788975723,0.7124647058708933,0.6224799533007145
110721898,SNII,r,5,0.05787385671001795,0.042486367565980857,0.16428174072959406,0.15509251848100747,0.1168555372987853,0.2226000030220889,0.2453138712394849,0.4274839875344386,-0.5725160124655614,0.34511779691551175,0.35228417018832103,0.3635802679795003
22254809,SLSN-I,r,5,0.03451266842172489,0.02868378900512931,0.026510277125428645,0.02614638979415579,0.023979030476023632,0.031372878397279064,-0.2817442302621311,1.124312023226502,0.12431202322650203,1.0290322937951066,1.301859963908878,1.1962030338887102
33266451,SNII,r,5,0.046357893491493114,0.03615345450186336,0.10732735679298865,0.07510299257363634,0.040414620268695196,0.15329871050385546,-0.07457366272804647,0.737017771342471,-0.26298222865752896,0.6085974667980567,0.43192989072587995,0.8945637559254145
103854959,TDE,r,4,0.0377780282196987,0.0313239034315036,0.15882730091272645,0.1263252299665186,0.08892940168304957,0.23265039735269014,-0.010421429378804952,0.5226641713443122,-0.4773358286556878,0.4335214606279553,0.2378560109162671,0.35223337657374687
125554681,KN,r,5,0.7743452367413917,0.7524100078765092,0.6110697818174232,0.6022222381901735,0.5646174121604689,0.7232458637875072,-0.2567603457193608,1.3899614339903366,0.38996143399033656,1.3279765549048372,1.267196087553798,1.3326014955816987
10777360,SNII,r,5,0.02674804939433602,0.026042928765974832,0.22194483369988866,0.15937323004382775,0.05354640332970713,0.35407099670459735,-0.2043788552706062,0.4852465140578306,-0.5147534859421694,0.4328310339222872,0.12051665699281128,0.48636186833348743
27655935,SNIa,r,5,1.177931868851039,0.8931260675036998,0.3106243913568186,0.262127550910434,0.3186105269229778,0.43395032323675353,-2.171447939807474,2.219483026715631,1.219483026715631,2.871512669710352,3.792142219436761,2.803190704742809
92053866,EB,r,4,0.29951934214349185,0.2935765186404826,0.6459783036456878,0.5529788081278207,0.5187233470530384,0.9126982682752129,0.9009717284930476,0.6256937203225262,-0.37430627967747376,0.9009717284930476,0.46366780502240373,0.5659597168863599
4766293,SNIa,r,5,0.32318978165583284,0.2835619648630083,0.3665346447354593,0.3561269398312774,0.3553134922227366,0.45369709297291333,-0.07952537217629788,0.8597563038135859,-0.14024369618641408,0.7711109245571264,0.8817441578792369,0.7980613488362857
31151787,SNII,r,5,0.395961601818523,0.3401093407147823,0.33584939310916245,0.33152226754476816,0.3097224897056297,0.3959872013993554,-0.5240451398817478,0.9878977838889184,-0.012102216111081643,0.9949505304037427,1.1789856106419168,1.0981099274968158
78466781,SNII,r,5,0.22986818676937706,0.22779296808049124,0.7077994416284393,0.6375971689679936,0.6030436253188332,0.9856490161393795,-0.10496926899581287,0.47142109935866094,-0.5285789006413391,0.43909905270230654,0.32476457771783157,0.3777387879028745
82866974,SNIa-91bg,r,5,0.16513897734335453,0.1454291931539507,0.1659259529019498,0.16339615530471865,0.14850887752084047,0.19864726681664577,0.11225027138547136,1.0749623197896148,0.07496231978961476,0.9212547288111868,0.9952570677170658,0.97926262444171
98363779,TDE,r,5,0.055433306152128416,0.04646358206461883,0.17043747852265537,0.15368559037864013,0.0965860326066619,0.24688381056840167,-0.3187087802953941,0.425446319910998,-0.574553680089002,0.39126387135539953,0.3252412945358139,0.48105901868687023
110339223,SNIa,r,5,0.30017552180770224,0.14073072737876208,0.13969990300140533,0.12404485184340341,0.12959186300104816,0.19137354029248704,-0.5793622874073006,1.650139234712888,0.650139234712888,0.9648035714488875,2.1487167518268255,1.0859534242333087
21400791,SNIa,r,5,0.17191443215546895,0.09575268879727757,0.10254736489241507,0.1019468662782893,0.09598005740428207,0.11572792193523325,-0.9631949561517912,1.5038369845785557,0.5038369845785557,0.9768297783564,1.67643929549851,0.9976310849029106
77398475,SNIa-91bg,r,5,0.06607540867080196,0.06099481289980703,0.2412263284931279,0.21814838784124285,0.1614956085199769,0.3448943995654332,-0.2387690560539264,0.3901050298562239,-0.6098949701437761,0.3774960444672425,0.27391458089818055,0.377687130063738
82359069,SNIa,r,5,1.2688054831246918,0.7445150473669618,0.676504437123041,0.590378969265596,0.6262962659711204,0.9581914582378027,-0.9482936916396003,1.7916202227147695,0.7916202227147695,1.2275641941852957,1.875531649903908,1.1887585601560855
93756669,SNII,r,5,0.10472400604256392,0.09047593735828546,0.34427377560456957,0.278557172640733,0.1805776819536192,0.5281898916538059,0.016277659232811947,0.8941877470125772,-0.1058122529874228,0.6327889666517655,0.3041881591435799,0.5010360991427718
97411149,SNIa,r,5,0.6279240449473312,0.44467218871519537,0.2852333897369671,0.28058045656871305,0.26645691984204184,0.3426928065126452,-1.2429535345583322,1.3741236589022177,0.37412365890221766,1.3953566197223854,2.2014394791801277,1.668833329525843
102540572,SNIax,r,5,0.2755655743788244,0.20817493168025547,0.47728120191082424,0.4697053807730914,0.46589685749240445,0.563645646018091,0.13315606538790845,0.6008437180433763,-0.39915628195662367,0.44986634733342123,0.5773652372554815,0.44682621986487503
106262435,SNII,r,5,0.1369359833711515,0.12156154902482015,0.2297875510769867,0.22251899082803725,0.22099865492691623,0.2826434977819308,-0.42874651355508425,0.4168385627470033,-0.5831614372529967,0.5339889321383282,0.5959242906299709,0.550055605836245
115557873,M-dwarf,r,5,0.11373834776663709,0.10085255428547431,0.6694385043328643,0.5863411431879642,0.6012840400878331,0.9325176058753594,0.10038961061540219,0.20110697315793546,-0.7988930268420645,0.18835399473637357,0.16990111418820192,0.16772863997977092
129722950,SNIa,r,5,0.25736116140540055,0.19628212934842046,0.3323352958748659,0.32222262624581105,0.2981751862420779,0.4109583762045523,-0.6726864470103714,0.5998535237280666,-0.40014647627193345,0.6815025280293201,0.7744021312208279,0.6582778795988273
21142086,SNIa,r,5,0.28363543087641196,0.22776512825886203,0.25624205402988903,0.2323408527322369,0.17869049604118306,0.35084605349191056,-0.7691184385532065,1.0253359531195185,0.02533595311951853,1.0148210145799699,1.1069042977751329,1.2746348200095021
24915102,TDE,r,5,0.11024358718075879,0.0917738164112735,0.23751163271073433,0.22146682064826867,0.20187139592753994,0.3199634959143569,-0.35207465378647773,0.27729260712320697,-0.7227073928767931,0.3839960630055699,0.46416079045283887,0.45461525635962285
70025523,AGN,r,5,0.11859962734938322,0.09240999955222054,0.1853191216424781,0.12191461087275154,0.0783803960484768,0.27598342365028355,0.0234948296491825,1.1200437004386377,0.12004370043863766,1.07135578454884,0.6399751212839673,1.1789937817495424
71829905,TDE,r,5,0.18893414811077444,0.17894035413217885,0.19357190868456012,0.18637070046986795,0.16973925801768383,0.24722695602688236,0.012981859732032253,1.046127377486228,0.04612737748622808,0.9965750389093498,0.9760411487115971,1.0542072365694943
53627887,SNII,r,5,0.03920161193655827,0.03167577004076595,0.38496231171560985,0.3642229683002481,0.42669081250130003,0.483001531081116,-0.08590376458215573,0.06255474014487271,-0.9374452598551273,0.08590376458215573,0.10183233720166972,0.07423588489070043
83557064,AGN,r,5,0.060707750438351554,0.050841570609284584,0.15459952903494034,0.12291376184383218,0.053070036152396374,0.24007792663893357,0.3015990359185881,0.9538017886693393,-0.04619821133066071,0.7666633624350025,0.39267746038625556,0.9580089688141061
87833938,SNIbc,r,5,0.09838494181001196,0.07222512022157881,0.22088338974085234,0.21042850998421936,0.22677756080415154,0.2620222904489088,-0.54112488112767,0.8625521321863527,-0.13744786781364726,0.602080404203534,0.44541575500738384,0.31848442132223787
106341515,SLSN-I,r,5,0.033942710523054254,0.028359996049519942,0.06300338285934065,0.05790904122421673,0.058310921234454666,0.08608397185636686,-0.4262569013572789,0.5683172251925993,-0.4316827748074007,0.5863745326516455,0.5387442543971594,0.4863582232818958
121257780,KN,r,5,0.24156473163431202,0.17097905136230615,0.7790606212770771,0.6456564602041464,0.3853728706456503,1.1835679895052844,-0.17756513298514176,0.47874987783656475,-0.5212501221634352,0.3574483422614637,0.3100718031907792,0.4436717381684117
125545259,SNII,r,6,0.07170007928044549,0.05371330741451789,0.16806437860840223,0.10107400603364736,0.032524283336286985,0.24510711337890956,-0.6065818379283808,0.9443724733940774,-0.05562752660592263,0.8699937673152524,0.42662270181303547,1.6514831966978514
4413277,RRL,r,5,0.5593693994613987,0.5230314450421304,0.7013207810813569,0.6673381297659493,0.7532898990194258,0.8356531063846214,0.2734292896490167,1.0889762055783705,0.08897620557837049,0.956952153989883,0.7975942172979884,0.6943295611994427
42821845,TDE,r,5,0.08503958125584601,0.05925647992535308,0.16038496325813215,0.12005977031255673,0.049173936561676145,0.2542338732049482,-0.05741767800779218,0.48944489171620215,-0.5105551082837978,0.46246408670923334,0.5302216587410302,1.205038361145461
45131816,SNII,r,5,0.09850389516137698,0.08717363322557647,0.21846245539679301,0.20166424676440445,0.19767181744504525,0.3002144965963297,0.2658317549073824,0.5158982991367267,-0.4841017008632733,0.5105136185001123,0.45089621913506606,0.441001829964009
51832424,SNIa,r,5,0.064222963973859,0.04022548487932519,0.20532348629228628,0.1865286358696972,0.1591498050891325,0.28971965448647125,-0.057583178153358526,0.24245794648667157,-0.7575420535133284,0.18124677157474373,0.31278917543039875,0.25275233517751866
63777094,TDE,r,5,0.011328673849953994,0.007760173427115685,0.23588332839904003,0.17805478212816403,0.09101898220327835,0.3677117049690743,0.2337766554381564,0.4089733432052604,-0.5910266567947395,0.23961178304609393,0.04802659826297456,0.08525884644352985
41464750,SNII,r,6,0.038770638847529196,0.03166291663737005,0.045588428838349904,0.035172006839664635,0.024906030643309016,0.06559311228571392,-0.46796599625315144,0.896636010264786,-0.10336398973521399,0.9200636324140948,0.8504491125369636,1.2712951770930334
61115846,SNIa,r,6,0.10946945292400996,0.10559068988369914,1.0681919669852977,0.9732072041347041,1.2484765090985532,1.3173142960360966,0.049479375375608814,0.18705351824255018,-0.8129464817574499,0.15670256405513253,0.10248106736185245,0.0845756320717156
62522166,SNIbc,r,6,0.22847613632225047,0.14234701970279925,0.20068363489977223,0.1598875906349941,0.10170480355221173,0.30680514025393424,0.62114903931714,1.816276917580831,0.8162769175808311,1.0601546598240568,1.1384891271097353,1.3996096028023222
45854551,SNIbc,r,6,0.07567937611329725,0.06375821225628621,0.387490329245832,0.37495254163553887,0.4101513638798273,0.45883399983359335,-0.08818824163458837,0.19477499668729006,-0.80522500331271,0.17243200542179338,0.19530648999832115,0.1554504455456769
4830587,SNIa,r,6,0.036733217712726016,0.03132339100773466,0.07990702959241265,0.0798669251132553,0.07976514935728897,0.08273609662658754,-0.010004379533591198,0.4601587686297168,-0.5398412313702832,0.39145342959732576,0.45969945197679973,0.3926951965880362
7160570,TDE,r,5,0.3749838045907737,0.34836746376751665,0.6136328632318607,0.6084135227657578,0.6507139342899639,0.6810113192848062,-0.02736492131862378,0.6740041246523717,-0.3259958753476283,0.6071025936809089,0.6110882044612502,0.5353619238961632
46815704,SNIa,r,6,0.35508759199995815,0.2885582077647845,0.38777494581191085,0.3711817803491819,0.3473516314634584,0.5073695252665713,0.023014199188181744,0.9135543935748133,-0.08644560642518673,0.7417570800714809,0.9157053487725646,0.8307380234520103
57078294,SNIa,r,5,0.06647864545409365,0.0565019844214361,0.43558742017283325,0.3913720000176341,0.39898831058036166,0.5795627276905821,0.0027753604657584224,0.3043277601911317,-0.6956722398088683,0.2321371070866808,0.15261837779363813,0.1416131323227221
58556668,AGN,r,6,0.15363120912600092,0.1414342862035307,0.145840312078635,0.14335497673095524,0.1408080611164219,0.17657603362175278,-0.980333414749254,0.3291522081417576,-0.6708477918582424,0.980333414749254,1.0534207376295601,1.0044473667355667
114244753,AGN,r,5,0.48854298817659914,0.4020309358735409,0.3718865830419123,0.37053996663960626,0.3582120135315568,0.4081873595089282,-0.28591290034759487,1.3596218012552448,0.3596218012552448,1.1175834815799945,1.3136881255044888,1.1223267804727712
122452449,SNII,r,5,0.20352036583813912,0.1438873235575179,0.24816672592965391,0.22363983344238036,0.24688696137589614,0.3321192685544966,-0.2778436138948592,1.1605605664535756,0.16056056645357564,0.760927141967447,0.8200953011558432,0.5828064906937034
16829513,SNIbc,r,5,0.12355952949788401,0.09823061663674615,0.5176614489957981,0.44273778985359763,0.32760971142606826,0.7664538742138824,-0.11573520046307348,0.32037536003984557,-0.6796246399601544,0.2622852732158191,0.23868791028880915,0.2998403686177474
41941000,SNIa,r,6,0.06380361535691244,0.055907594459173794,0.21986567406215363,0.193926366509334,0.19118859199449678,0.3189369764901659,-0.34412849751126967,0.27871361653839144,-0.7212863834616086,0.3643901746923491,0.2901936176671027,0.29242118410905527
23783540,SNIa-91bg,r,4,0.037483273849052,0.032038855425322074,0.2858432073584619,0.27202363939787433,0.28039127768169786,0.36003994244871673,-0.15051765819349752,0.12268841767973036,-0.8773115823202696,0.15051765819349752,0.13113228820598163,0.11426480770094713
48229629,SNIa,r,6,0.07146109259388703,0.06207510011954401,0.19396351550473795,0.16476691495381376,0.12888270578006475,0.29635397842630123,-0.006940804867731141,0.9541790987216678,-0.04582090127833216,0.6904124787142772,0.36842543510272396,0.48164026153729017
111353970,SNIa-91bg,r,6,0.17217948780312942,0.12139769720838252,0.23313329175915856,0.22936560637979397,0.22228650853797313,0.28008660744098446,-0.06525528281137453,0.6748043725981299,-0.32519562740187014,0.5006480607462533,0.7385452609702853,0.5461316478757152
121274615,SNIa,r,4,0.04869151097903599,0.03671949451918233,0.09100575627560596,0.09086418379824093,0.09076636875147635,0.0959947518059368,-0.36655223963797756,0.42804268121090344,-0.5719573187890965,0.4215099937502108,0.535037704995016,0.404549559757342
121456044,SNII,r,6,0.3099252010788873,0.24840214162665783,0.3527685259094932,0.3445547185742992,0.3185299223135805,0.43878176056954865,0.20762241107561275,1.0149746692535078,0.014974669253507766,0.8186606171324016,0.8785511697219898,0.7798392685448101
54793588,SNIa,r,5,0.19481492278789891,0.11466454923405137,0.2096080789961511,0.19542800171831984,0.1580261845402267,0.2797230717929589,0.5919048848701094,1.0730957983770812,0.07309579837708124,0.6911017135115678,0.9294246849687324,0.7256047443508495
61063886,AGN,r,6,0.05683385115427786,0.046843081229650085,0.08948840117809778,0.08650087490155049,0.09756641122020548,0.10683265255499644,0.23150367242598305,0.6685567530109985,-0.3314432469890015,0.5605728427087702,0.6350974026362189,0.48011483300258084
89285651,SNIa,r,5,0.5512317804070928,0.3858528228402728,0.40701795735353014,0.31364264125752356,0.25572236207483556,0.6090562283437703,-0.21893790676816524,1.9543170514877493,0.9543170514877493,1.436699412492801,1.3543180846153686,1.5088739979937904
120060791,TDE,r,5,0.03674577768837082,0.032084797168546154,0.23821325959630635,0.1715692293987479,0.1325520868016992,0.35173247269435004,-0.4311542816375463,0.4835772048860517,-0.5164227951139483,0.4311542816375463,0.1542558031851078,0.2420542591422624
129073978,SNIa,r,6,0.32958020333433347,0.28378570997998936,0.40343294234620186,0.4010539670433908,0.4041864268802349,0.4467173142191541,-0.36946734981138935,0.8172252209501546,-0.1827747790498454,0.7521352152281741,0.8169392450146215,0.7021158829365598
20051340,M-dwarf,r,5,0.7673162104392636,0.6380885192276858,0.73194536668091,0.7193991456588729,0.666492317277826,0.8851993690954035,0.2318211178863395,1.0837779304417672,0.08377793044176718,0.905411695634867,1.0483244315333897,0.9573831575941482
101806291,TDE,r,5,0.028187757472347412,0.023879876669844924,0.06041138864334513,0.05958783197354487,0.0664327483791676,0.06817793703821629,-0.21298441720183145,0.481479959416269,-0.518520040583731,0.43460236094591076,0.4665967478212,0.3594594119988768
120797603,SNII,r,5,0.2760011846537147,0.22315400436460348,0.25145005348601196,0.24910145437920472,0.23290218850736424,0.2908734167497136,0.22171641388340727,1.2613345615547578,0.26133456155475776,0.9940073574766414,1.0976382022088873,0.9581447293164764
127249666,SNIa,r,5,0.12554486111741778,0.09783456904099673,0.1712756472794087,0.16391160192006524,0.1431397671928952,0.22118791252970732,0.2543020170798139,0.6726500861069606,-0.32734991389303936,0.5829625821826168,0.732998900378473,0.6834897873569602
8667146,SNIa-91bg,r,5,0.2373825448458294,0.2318944684556202,0.38494770272297685,0.3670610348190716,0.3351820386568799,0.503923839400977,0.1289570260128819,0.6923620345815984,-0.3076379654184016,0.6776465929077095,0.6166618041013717,0.6918463453019528
19347158,SNII,r,5,0.0011131953714759674,0.0007623635568901749,0.06373714718988986,0.0538900081112406,0.047698057440195195,0.09362363113571101,0.007299973935400525,0.010807659059263664,-0.9891923409407364,0.010843257531131533,0.01746540942849957,0.015983115409805567
27613436,SNIa,r,6,0.06273961225895594,0.056142497487626696,0.21069447750444587,0.20743820961986092,0.19542418612058748,0.2561231862297392,-0.16769819267494848,0.24094251503712288,-0.7590574849628771,0.26499800705282445,0.2977753048018644,0.287285307935138
67410269,EB,r,5,0.7217973091589697,0.5340898365610631,1.6590070654075901,1.5167877908843672,1.6518188608302808,2.255304308230377,0.47657674570585284,0.7024234780904971,-0.2975765219095029,0.5536707454963878,0.43507789943114933,0.3233343856435958
75954855,SNII,r,6,0.2890512001974803,0.23368845840230193,0.4606787699186511,0.44849764514196205,0.42428786565792537,0.5588345330139616,0.26028252466959184,0.5825055238597897,-0.4174944761402103,0.5118783193156206,0.6274463228434043,0.5507780856280937
7532482,SNIa,r,5,0.013704556369124573,0.011911294477333216,0.20835459492158703,0.17925642910270687,0.23865723207007214,0.2817269953489824,-0.09833108525823872,0.05679243873765359,-0.9432075612623464,0.09833108525823872,0.06577515784704531,0.04990963137390256
17984784,SNII,r,5,0.022619418102457524,0.019125223999228277,0.05191693585745829,0.0498381241007958,0.04365581589780184,0.06729220868936601,-0.1626369807743788,0.5238793969905041,-0.4761206030094959,0.4484161517054538,0.4356847670009027,0.43809109063498847
28381358,M-dwarf,r,6,1.266962905028961,0.9363956762034903,0.9527988977466624,0.9261069625921193,0.8821866595707573,1.2107966775597734,-0.6499277894087497,1.3969270125537774,0.3969270125537774,1.1142940343592267,1.329727509157794,1.0614484656332361
53641640,SNII,r,5,0.11451710800177635,0.07328693372364817,0.3376096556192068,0.3182306958136941,0.35687870326770077,0.43480878980175264,-0.2220426450788068,0.602853106469776,-0.39714689353022403,0.3512355357456579,0.33919974176017437,0.2053553015425367
94181978,TDE,r,6,0.07379409160288573,0.05449715818469769,0.07184419870093692,0.06749995458407887,0.06636531873115337,0.09584869658178899,-0.06907942953157582,0.9003801381157777,-0.09961986188422234,0.6824539814759657,1.027140575539934,0.8211692375872747
100122518,EB,r,6,1.3110653507112935,1.1579528947389326,1.184024127348102,1.0558227578791894,0.9518681827524713,1.745292645642425,-1.4595579055192232,1.2830726630174243,0.2830726630174243,1.4595579055192232,1.1072961440808895,1.2165055159113902
127540625,EB,r,6,0.4286873618105756,0.37609989838233643,0.3588908098066148,0.3578153081668976,0.3564853629255368,0.39058513100930126,-0.4788954495238338,1.1244129213569047,0.12441292135690474,1.0653243447962484,1.1944785157401219,1.0550219938788812
7484291,SNIbc,r,5,0.348918481115551,0.32209743584521827,0.7026089217178153,0.6427117347028868,0.7438772366271816,0.9417541205587433,0.05021237677817238,0.7601509650128752,-0.23984903498712484,0.6536938004302489,0.49660411408166705,0.432998107732994
14119494,TDE,r,5,0.011368331875870934,0.008852547506002884,0.08290956467214981,0.05648214802269651,0.025644021133301532,0.11848362479638927,-0.2650010679189083,0.3095060686538598,-0.6904939313461402,0.29471567950021366,0.13711725445459583,0.34520902396648295
21974297,SLSN-I,r,5,0.00739248307369697,0.00620240159345542,0.016590091255593305,0.016237655037191313,0.015164135020671439,0.02027233700407652,-0.2528585386293145,0.4225598664378187,-0.5774401335621813,0.3964841520499399,0.44559628755535713,0.40901782956960175
38965969,SNII,r,5,0.5281896066454664,0.4710201096284223,0.37915377331858585,0.3748650339639672,0.35240972766735607,0.43733000277039297,0.5286591454098464,1.420282995171113,0.4202829951711129,1.321407498208163,1.3930749047343713,1.3365695457561944
90198283,SNIbc,r,5,0.08386409260112714,0.05174003622377157,0.058404043427358075,0.05738115181759603,0.059085205582343675,0.06932700509950529,-0.5749329023621202,0.9841427801377274,-0.01585721986227262,0.774537750655085,1.4359295637713136,0.875685134947435
103047716,SNIa,r,5,0.02372662602115314,0.019488253740673183,0.14418434858314907,0.1224965799823408,0.10117358850118288,0.20275640751104174,0.029363351359050598,0.28431901440101565,-0.7156809855989843,0.2356435746649729,0.1645575699048245,0.19262194836990817
6460481,KN,r,4,0.1827252368855983,0.17231885343118838,0.5209738609409016,0.48754515804183063,0.47898819918697316,0.6790787197790236,-0.05554184247179929,0.4234177994661141,-0.5765822005338859,0.3892196001114426,0.35073782119430813,0.3597559474819622
32195171,SNIbc,r,5,0.28452203508345836,0.20711518841748527,0.3187614574464323,0.2944221630135987,0.30200641226414476,0.4341204795963965,-0.5808576174718072,0.8969914135766189,-0.10300858642338107,0.821489513206922,0.892586065337815,0.6857973208738876
63753371,SNII,r,4,0.06126617477747314,0.04769594312804893,0.11352163424782845,0.10618957977897583,0.08431098274058133,0.1486544003264228,0.17155867567646985,0.5688924510570059,-0.4311075489429941,0.4425907987956801,0.5396872163038394,0.5657144725119125
69998442,SNIa,r,4,0.08012292068767167,0.0664835817273431,0.6467359161230253,0.5971404559634779,0.6256882997634643,0.8310983155392228,0.07862100014597782,0.2383046514674305,-0.7616953485325695,0.17943704520572468,0.12388815695899946,0.1062567124117178
73022626,SNIa,r,5,0.2609893036861729,0.2073543436609405,0.24681096977390396,0.24607341732960789,0.24213696827563339,0.2674046896316342,0.15709044929444185,1.1476217753765354,0.14762177537653542,0.8815849222204326,1.057446125369781,0.8563514490893495
71323295,SNIa,r,5,0.007435875172779247,0.00447143946947829,0.189428403485912,0.159325683478133,0.18487678962207807,0.2700882599942005,0.005004220927732049,0.036938733390012204,-0.9630612666099878,0.0301492672062669,0.03925427779542186,0.02418605103765989
95416643,SNIa,r,4,1.321855200952293,0.7154528589830318,0.17443975867860811,0.16635809392743742,0.14835331874030516,0.22438989576705357,2.47793971206777,4.603063655886243,3.6030636558862428,3.0114952647233393,7.577717436468769,4.822627933490611
112424999,SNIbc,r,5,0.4505556743463271,0.26004471958721703,0.31644180088695945,0.2830329763745801,0.27823360286660687,0.43909568431467577,-0.7612994572679943,1.4762686822317725,0.47626868223177254,1.0385934731699902,1.4238184496594883,0.9346272948630504
126463327,SNIa,r,6,0.020410192817071616,0.013923506396560904,0.19353107322674729,0.1851261203398117,0.19313875420154797,0.2438766164772516,0.06501747097759837,0.07086393640019438,-0.9291360635998056,0.06677730866809048,0.1054620969995778,0.07209069176262353
21143135,SNII,r,5,0.4413930012306833,0.37588798640801124,0.3640957980536776,0.3210367924244743,0.2100938086768333,0.5359450675114712,1.176669281337788,0.5896982190059268,-0.4103017809940732,1.176669281337788,1.2122990805996887,1.78914356770124
21453534,SNIa,r,5,0.20195138682287073,0.1986359012713403,0.26243452562357916,0.2575566295111447,0.23962282060234477,0.3161974697749458,-0.4988144519847893,0.6456985837965076,-0.3543014162034924,0.7925772116119159,0.7695305575476683,0.8289523542541781
47350884,SNIbc,r,5,0.5366736893064785,0.42375564025061097,0.36835497155101926,0.358760349352072,0.3491291352052524,0.44875047502299215,-0.7403083449484826,1.1476532981606107,0.14765329816061068,1.1735420325227368,1.4569470504136963,1.213750436501055
103989029,KN,r,5,0.7116986041653403,0.6098234292514407,0.772409934127313,0.6917838275217262,0.6063257271689418,1.0735406211336833,0.45790481482454376,0.9082859620465655,-0.09171403795343447,0.9115889106898404,0.9214001176323997,1.0057686849258902
106793212,SNII,r,5,0.021574602810568437,0.01866817001691676,0.17957395104318036,0.14597556914832793,0.13749453981818127,0.26235114105127727,-0.07907069642810129,0.4026030926359557,-0.5973969073640444,0.27360355429561717,0.120143276267172,0.13577390085164837
78737520,SLSN-I,r,5,0.19374180149151585,0.15467162182934785,0.21195750516597997,0.20862701723520352,0.19825753303780386,0.25323729508790743,0.29933853914667263,0.9895702767933638,-0.010429723206636154,0.7915519922532873,0.9140596429449396,0.7801550814205631
95541281,KN,r,5,0.4616275775150038,0.3794155596093966,0.99773046919361,0.9455155443505608,1.0728773707321444,1.2619830199176998,-0.09005500046495005,0.46118030026395085,-0.5388196997360492,0.4020282456559906,0.46267763866939177,0.3536429884344367
100590632,SNIa,r,5,0.10600729171587281,0.08555573045035199,0.2904398384484874,0.2568106789397115,0.23141146603423826,0.4163015723285324,-0.24230111698003184,0.3411902582171458,-0.6588097417828542,0.3655824804076143,0.36498881242379677,0.3697125813017998
115713701,KN,r,6,0.43492073139009635,0.35548642755616866,0.46463352809516995,0.4547564648973015,0.4256343478936392,0.5763565737174213,0.7693952661465944,0.4335358873094727,-0.5664641126905273,0.7693952661465944,0.9360511136015403,0.8351920593706417
116977094,SNII,r,5,0.3701295452158929,0.3327316040916147,0.5603226728417651,0.5055373902752627,0.40467512308638454,0.7826985183124637,-0.5281789769139087,0.7715192330278857,-0.22848076697211428,0.7769318096502161,0.6605649979122251,0.8222190718172405
29390759,SNII,r,6,0.08143423586327452,0.07503737766504733,0.16905858512681846,0.14143569723511318,0.09579526409163111,0.26457362692568337,0.25314487851805695,0.7169701553048764,-0.2830298446951236,0.6495942369562946,0.4816924014961265,0.78330988881947
50957767,AGN,r,5,0.1494329130503877,0.14706731724741767,0.15938887141557392,0.1460026015376604,0.10807875747492249,0.22494296520803408,-0.04578434830578502,1.1928818238835606,0.19288182388356057,1.1435365585280555,0.9375366782086806,1.3607421169839198
14888486,SLSN-I,r,4,0.034786975263123,0.028901197425271953,0.13296081838894522,0.12643464444419103,0.12595433140693027,0.17030155814232614,0.2629888819461089,0.15463055314497054,-0.8453694468550295,0.2645133548247166,0.2616332817790124,0.22945774950683234
16501517,TDE,r,4,0.2953212181359255,0.19730815120516848,0.10145476207664272,0.09697625800835119,0.09543788076778903,0.12858222625623872,-0.5785757122576587,2.409139791069078,1.409139791069078,1.796829511978708,2.910866006593449,2.067398706025767
23677355,SNIa,r,5,0.06735756329405175,0.05825734728111681,0.2750770394918221,0.2642608693028682,0.2870740161861992,0.33736710752711424,0.20317084461318696,0.3869344214761206,-0.6130655785238794,0.3037708280685095,0.24486799559311911,0.20293493662390708
68996599,EB,r,5,0.008455824020095015,0.0072429600143424,2.094715290704704,1.9283798857763053,2.3386738672362206,2.343334803305757,-0.007967656117782475,0.020629674202664667,-0.9793703257973353,0.011700924517962329,0.004036741440527847,0.003097037220885325
71843921,SNIa,r,5,0.06081063897799014,0.04909894657408373,0.3233545478870221,0.30407950788692334,0.28286628930216534,0.4346629249128279,0.19854316538302444,0.15655166984665062,-0.8434483301533494,0.19854316538302444,0.188061802054001,0.17357652159686981
76572933,SNIa,r,5,0.0167283453785889,0.013674452140560775,0.12944412632459887,0.11002249633071763,0.13514263452922518,0.180245752966996,0.13445442873671715,0.11728778330841591,-0.8827122166915841,0.13445442873671715,0.12923217030829412,0.10118533050799462
105425239,SNIbc,r,5,0.1815046304500827,0.1443349173237672,0.4040494923878143,0.3584299996854584,0.35072081072560546,0.5651816513738022,0.3681923397595611,0.436970031839864,-0.5630299681601361,0.423838494292706,0.44921385590028445,0.41153793248012005
124539003,SNIa,r,5,0.27117324166703316,0.17663969667235632,0.2487352435294069,0.24253864230537037,0.22317863726855652,0.3057358974464722,-0.47724452463523825,0.6901212606035134,-0.3098787393964866,0.6001243464930026,1.0902083589733575,0.791472243195935
127035076,SNIa,r,6,0.3477652773410964,0.29439439424782443,0.40859589241388033,0.4023968579625157,0.4007173166306834,0.48173216232394656,-0.018073521716688024,0.8563627715811349,-0.14363722841886506,0.7282368172306156,0.8511227934441236,0.7346685107675287
102178865,SNIa,r,5,0.03021920610640149,0.027154742777660335,0.14429182560584528,0.1413915343835567,0.1348032571921389,0.17619231967289353,-0.0047495579072510345,0.21996165021641081,-0.7800383497835892,0.19747103829719995,0.20943117172104936,0.2014398119398251
29865365,SNIa,r,5,1.6043862628592587,1.0318772798437352,0.13713718560660582,0.11024415098244963,0.055413064930764346,0.2119139813774609,-4.990178439098925,6.739254050832412,5.739254050832412,5.694975349694266,11.699133650457359,18.62155217606192
34161124,M-dwarf,r,5,0.17616758939365887,0.11952473010994438,0.7500098828652958,0.7180778460342452,0.8530117628826781,0.9144436349110306,0.17690483798242196,0.3470795491187718,-0.6529204508812282,0.23281036655583587,0.23488702404912062,0.14012084628941235
48889152,SNIa,r,6,0.1302697710012831,0.1099117462813876,0.36537765552471674,0.3575607349509417,0.38236937607176225,0.43212148671445605,-0.19065790683439734,0.3807668904914495,-0.6192331095085505,0.3448159662902944,0.35653458560349954,0.28744913468373473
87842606,M-dwarf,r,5,0.06764696519580302,0.053446972446085136,0.6976584949004401,0.6771696377259322,0.7868093662165757,0.8186125224604887,-0.08624767294169881,0.0821520782130856,-0.9178479217869144,0.08865714860702623,0.09696286319205019,0.06792874454849006
13067683,SNII,r,5,0.24066847986106105,0.13374045111423455,0.12750568235847287,0.09632280157389006,0.06864630734200929,0.18492069498048408,-0.09285581703183601,1.0503789309598026,0.050378930959802615,0.8620481104923361,1.8875117987639114,1.9482541201803258
66542546,AGN,r,5,0.057517961493732464,0.04106660971243077,0.05995094287994421,0.05275686984347987,0.040261573704694506,0.08653103264443637,0.46220829865471214,1.2971176223527714,0.2971176223527714,0.938663990602113,0.959417128916822,1.019995145088986
78781060,TDE,r,5,0.20283858958216053,0.11315964460259269,0.12609408841079292,0.08435615218438944,0.03615870967066618,0.18877136664543487,-1.3811073890221532,2.5902019064886135,1.5902019064886135,1.6431911489174014,1.6086288591210334,3.1295266239656128
92999561,SNIa,r,6,0.5626130328777469,0.5370719991871241,0.5990964198839627,0.5895273862683464,0.5688444468951157,0.7148624555740389,0.2411081153576529,0.9548662005024083,-0.045133799497591665,0.9300526134327788,0.9391026455920365,0.9441456308813192
21330509,SNIa,r,6,0.0630993172090666,0.052131786591732086,0.1129456236490339,0.11108635896231644,0.10786965353511528,0.13567403811342027,0.20520825773042384,0.6062576454342696,-0.39374235456573037,0.509883330058095,0.5586698729039806,0.4832850100400239
35730106,SNII,r,6,0.05845180325809092,0.04124698621321462,0.04780520015573025,0.03710705044977151,0.026952443778475967,0.06876562898919503,0.9105815820293056,1.4358507417031898,0.4358507417031898,1.2559606194535167,1.2227080540961714,1.5303616455793954
44307163,EB,r,5,0.9489674099178879,0.7883513891502341,2.7364245222650667,2.4410670897121682,3.2565157787774797,3.5101417583529537,-0.7630973073843155,1.3427924699922955,0.3427924699922955,0.842961519933443,0.3467910049031366,0.2420843142501791
54991416,SNIa,r,5,0.020345398234048732,0.019082406552911636,0.07553248773633783,0.055313884185224205,0.039751663846606486,0.10980543902417536,0.09022671692339317,0.6559618522976158,-0.34403814770238417,0.5637467220698118,0.26935956756870844,0.4800404487859106
79307105,SNII,r,5,0.08323195294852957,0.06685391727226446,0.07106923371546767,0.06843083631240066,0.0652318976960668,0.09107761444303858,-0.916900174433102,0.5410128026222052,-0.4589871973777948,0.916900174433102,1.1711390231356158,1.0248654359827931
28396939,TDE,r,5,0.3104991796490809,0.2651916035081904,0.27805075207690766,0.27025805322569313,0.2700104164168334,0.3399905817549529,-0.13833242554382302,1.0973184551853044,0.09731845518530435,0.9775967782434666,1.1166996576337191,0.9821532332989559
33253530,TDE,r,5,0.013062496929886766,0.01214381164012793,0.038387098651653365,0.03191056093807058,0.01684887432887168,0.05860786822441444,0.39867240705955925,0.6140921654486609,-0.38590783455133915,0.5738240577134766,0.34028351682484226,0.7207491374850302
59183655,TDE,r,5,0.05685823422844622,0.03704483230247546,0.03449625207673059,0.030102936923709966,0.036320760249517185,0.04761021315505611,-1.627161109418718,1.2883853978281516,0.28838539782815165,1.627161109418718,1.6482438179653691,1.0199354872525803
65406030,SNIa,r,5,0.17831456128306908,0.14043043859264723,0.2617659549136907,0.23418356765752663,0.1673784847844567,0.3808110463842933,0.4965838007641129,0.5768843796089378,-0.4231156203910622,0.6475378866953994,0.6811984443961127,0.8389993419613514
69562605,SNIa,r,5,0.472861569162564,0.4249002423406535,0.5245143357948097,0.50906261877145,0.5657660702914583,0.6340056606456218,-0.8330121893748285,0.38356122188135205,-0.616438778118648,0.8330121893748285,0.9015226789674395,0.7510175400263278
88444541,AGN,r,5,0.20631316611987283,0.15046513303103723,0.16684988027337833,0.1419228145127232,0.10838503942014187,0.24607920646498038,-0.4162308442496935,0.8746682000253257,-0.12533179997467425,0.8949092968288589,1.2365197133005739,1.3882463284233981
105636094,SNII,r,5,0.37062371271100036,0.2841993538805666,0.48968376784153017,0.47775510413176087,0.5455739513546777,0.576773976840884,0.4412281733045158,0.4753025226302477,-0.5246974773697524,0.5194614229386907,0.7568633821469458,0.5209181141711229
115771765,TDE,r,5,0.33745986208456535,0.27455888612095214,0.2864912614212189,0.2721956274923845,0.27940415490725373,0.3734315374751119,-1.1129998260661274,0.945581283787426,-0.05441871621257399,1.1496452315040246,1.1779063012620443,0.9826585657328183
4966507,AGN,r,5,0.1712117040789626,0.15587163291736764,0.10497501705618881,0.10442279603392313,0.10820345855107685,0.1153301670965756,0.054097169090749374,1.6832829936009155,0.6832829936009155,1.5209924721197066,1.6309757205118627,1.4405420584942696
20114810,SNII,r,5,0.08288169046434722,0.06588009161805287,0.7483098560191396,0.7103946841560513,0.7878578417924507,0.95839530756177,-0.10826286125194798,0.0866108963197339,-0.9133891036802662,0.10826286125194798,0.11075851774191699,0.08361926241435824
7713926,SNII,r,5,0.0622708291447267,0.05497350488716686,0.10468893061636264,0.09679349455597394,0.09411324795853739,0.13942316969633983,0.11991355067756855,0.6709284002921057,-0.32907159970789435,0.5723218010198239,0.5948177021018678,0.5841207914892709
16755032,SNII,r,5,0.19139352398069426,0.16766646502755322,0.25809832185141596,0.24641491964139628,0.20404330881903246,0.34256129084042203,-0.38583242956313935,0.9271105943482422,-0.07288940565175783,0.8102550423395792,0.7415527641085445,0.8217199867909311
18269270,SNII,r,5,0.04647558819959127,0.03789818228569382,0.08241662271494525,0.0681584474765251,0.05033225986821472,0.12528480312673268,-0.161802362302806,0.644136731058801,-0.355863268941199,0.5399735721102307,0.5639103698817726,0.752960077392171
36593619,SNIa,r,5,0.2170068167948484,0.12953192531898475,0.33183103557888405,0.2786765008808343,0.19119950869041902,0.5027046477113425,0.735673126704971,0.9129293904256818,-0.08707060957431823,0.7390118660967057,0.6539678135177346,0.6774699694899141
77030468,SNIa,r,5,0.025044720351324497,0.023890601440006414,0.21401659236015416,0.19923226012321377,0.2010675796229342,0.2875856585165629,0.0742495404935345,0.1454474734478832,-0.8545525265521168,0.1448989594011882,0.1170223302554898,0.11881876473974028
128735416,SNII,r,5,0.23150513522375962,0.14383528673579735,0.3411912649919703,0.3215380236871972,0.31585872446110563,0.4537978885999837,0.39954928938517337,0.36026132019030543,-0.6397386798096946,0.39954928938517337,0.6785201116716981,0.4553785461560331
38976810,SNIa,r,5,0.04077540101835591,0.025527721690443962,0.5469724742480738,0.5202647424720757,0.4689548315415946,0.7148954946691374,-0.03816983982660229,0.05763707321657922,-0.9423629267834208,0.048141791025421043,0.07454744605642191,0.05443535277486473
49983452,SNIa,r,5,0.2547883676204148,0.1777419721122458,0.5662637140385531,0.5159469281120879,0.6210145119972363,0.7361581322429432,0.19256047537472956,0.35833127764029366,-0.6416687223597064,0.3284133904467277,0.4499464848335098,0.28621226827793805
76798495,SNIa,r,5,0.3721618673299895,0.17075630444882425,0.7682614376208223,0.6880098993918302,0.6337105491797621,1.0822964893326876,0.15888658234206302,0.3042672028989624,-0.6957327971010376,0.16227764344398904,0.48442086131839807,0.26945472924482833
83377667,SNIa,r,5,0.12379105676998585,0.10949418738318879,0.41813378159570136,0.41111452309481616,0.4495833351310576,0.473497726376731,-0.29197955173707696,0.17530656312160606,-0.8246934368783939,0.29197955173707696,0.2960561002690783,0.24354592091646424
20546536,AGN,r,6,0.13228886491265993,0.10809593667896096,0.08344551253675243,0.07650991588595824,0.08124151164332451,0.11343294156896655,1.5657554159003748,1.9413791117607289,0.9413791117607289,1.9165214418671142,1.585332283199712,1.3305505337411214
14329136,SNII,r,5,0.025775073773008066,0.022584746132352264,0.14565118741493233,0.13494498390585602,0.10935642701002404,0.2025057933012526,-0.13480381548286857,0.2074249950047379,-0.7925750049952621,0.19974299700310047,0.17696439164330202,0.2065241774064368
29725628,SLSN-I,r,5,0.06305765876934717,0.05811342816495295,0.07785095922450636,0.06870547301156499,0.056033542946467854,0.10843570675327074,0.11424519309329358,1.2755386920812462,0.27553869208124615,1.0614308943873563,0.8099792140967935,1.0371185741453495
43776050,SNII,r,5,0.09808724498116168,0.08320514689939865,0.314150718433807,0.30652059363064477,0.3252932120646977,0.37945995713993746,0.061020500570485546,0.3850501711147928,-0.6149498288852072,0.3080370597546683,0.31222989229556425,0.2557850696338845
61803685,SNII,r,5,0.08456228341865533,0.07551400237549358,0.0635295866019676,0.06331834542376384,0.06385018291462431,0.06909736825927797,0.944852980939223,0.9791827584171537,-0.020817241582846258,1.211326839258381,1.33106931654481,1.182674801048969
90813331,SNIa,r,5,0.0898475459144179,0.05492530467851566,0.3642132803960506,0.33819536982654547,0.26466308448757164,0.5009316581032616,0.09742896784565253,0.32464336255043896,-0.675356637449561,0.20285781195830205,0.2466893733713291,0.20752914893612565
129335528,TDE,r,5,0.10920353107130774,0.09503578688779646,0.09518107904452465,0.0909577866183457,0.07602956836133679,0.12522899476683236,0.2519858732911005,1.1083058967629238,0.10830589676292379,1.020507561145044,1.1473239447119898,1.2499845643754157
42198183,SLSN-I,r,6,0.004992064585077136,0.004286029918258401,0.016512909851195644,0.014783782844908257,0.011575285727388123,0.02307600893435812,-0.10702513586649655,0.3224991118756656,-0.6775008881243344,0.3012693553684363,0.3023128346283364,0.3702742220969358
129832862,SNIa,r,6,0.0673066101824623,0.05866529295827267,0.1635683346189425,0.1374861784551317,0.10255033596280781,0.2471367690424841,0.32261852099448785,0.4348514600178238,-0.5651485399821762,0.4939753959528265,0.41148924294707384,0.572063391187221
1228479,SNIa,r,5,0.02941537568808681,0.024491411972484858,0.1272466296764374,0.1110539295921488,0.10086324910446806,0.18074293171263114,-0.1614285060441289,0.23533133857386018,-0.7646686614261398,0.2421774008305193,0.23116821060710366,0.24281799555275216
3100669,M-dwarf,r,5,0.11561673907177396,0.07948438697812238,1.9332029399020765,1.612990287730255,2.158496344219887,2.6682520054684,0.10152805249508137,0.2622986485538064,-0.7377013514461936,0.15297288778326343,0.05980579518342257,0.03682396182461418
90105327,SLSN-I,r,6,0.06422598007751994,0.05368174452060905,0.07322205210536731,0.06766123985382788,0.06389556751954356,0.09745976655933303,-0.3630143414334615,0.8318893592035735,-0.16811064079642646,0.7853562311619665,0.8771398537847324,0.8401481762281799
91449873,SNIa,r,5,0.2327297696323706,0.171557957654425,0.6014125496338854,0.5921985670244774,0.5325116810018078,0.7157030991475398,0.2948545800945271,0.32264480240626775,-0.6773551975937322,0.31737103529949956,0.3869719209784476,0.3221675012493155
63677512,SNII,r,5,0.10181375003289332,0.06600880316721947,0.10639085340540147,0.10440585805529438,0.10511491656184142,0.12494945999078325,0.4256351596519333,0.6716756934163929,-0.3283243065836071,0.5528088780207104,0.9569784128428115,0.6279679928051414
126386017,SNII,r,5,0.05597413282577673,0.0488667237261676,0.11171205066870495,0.10500451575183693,0.1084789470544138,0.1474124243838176,-0.19326967621740962,0.5858519623286577,-0.41414803767134234,0.502470086496044,0.5010572493362826,0.45047195841286797
127570499,SNIa,r,5,0.39934449773268393,0.3482947781695886,0.33882088389781606,0.33100021393437135,0.3288611733973034,0.40911910186895345,0.05636488717204639,1.1137741208315852,0.11377412083158522,1.008909020818711,1.1786301161209443,1.0590936429847468
36033639,SNIa,r,5,0.3805856617947607,0.2655753044416991,0.18495586210494191,0.1801898975277531,0.19305424568066318,0.22446674838348338,-0.6950942588304457,1.567951226875732,0.5679512268757321,1.313919040944826,2.057710728729542,1.3756511984771118
126309844,EB,r,6,0.5224130253777343,0.4797537969052459,0.8986740759743742,0.781022642714727,0.6766138830825881,1.345546126375496,-0.5901072206328809,0.6028395433088373,-0.39716045669116273,0.7342332949680976,0.5813153392806125,0.7090510687122373
48625068,EB,r,6,0.7185547840936963,0.5198273464414839,0.238623967708387,0.19698114058876223,0.1594065468051566,0.3664555660807769,-1.1224270041648297,5.196880996691736,4.196880996691736,3.833593839953449,3.011243132843277,3.2610162936210605
97766291,SNIbc,r,5,0.23070497259657086,0.1673634595902316,0.401855882646825,0.39626549044834425,0.4062038326103935,0.4601148829676871,0.3010052156057683,0.4890705219127682,-0.5109294780872318,0.4128061895608221,0.5740987815757028,0.4120184157660488
9810940,SNIax,r,5,0.11911790961850077,0.10801424039113867,0.29592819581083313,0.2831414238257429,0.31207841270289927,0.37057509712229403,0.37892767893369145,0.36962376056636753,-0.6303762394336325,0.4416580091844818,0.402523015058169,0.3461125024817687
36346404,SNIa,r,5,0.22900231323249234,0.1662814899984868,0.3870430076167949,0.37755995045131174,0.3758689043215078,0.47588743323210214,-0.09005980564199646,0.4849668742060624,-0.5150331257939376,0.37950505483232233,0.5916714905730164,0.4423922492302109
1170601,SNIa,r,5,0.1575207642373022,0.15092040072571605,0.4440373118722498,0.3280891540491816,0.18399887488597116,0.6563979262879854,-0.31024022329764134,0.7196108441472847,-0.2803891558527153,0.7152366756533144,0.3547466846268567,0.8202245846299077
7044535,SNIa,r,5,0.3851048702183259,0.28436653604567347,1.4198684652280353,1.327464073816173,1.5672637348589897,1.762805081401344,0.011866847442575056,0.24438053100258197,-0.755619468997418,0.19069265170310948,0.27122573650262516,0.18144140626801306
94870591,SNIa,r,5,0.07468510410009342,0.06859136922361878,0.3522809793645397,0.3263040462531319,0.2663585701979353,0.48729022901085084,0.14409769657335394,0.21644694857387511,-0.7835530514261249,0.22856776448523247,0.2120043615037456,0.2575151577538783
116089188,SNIax,r,5,0.3485932882805203,0.3160191023560262,0.4723510991359412,0.4328898400989539,0.36728102947775254,0.653788807275701,-0.876865702477336,0.44419480658778315,-0.5558051934122168,0.876865702477336,0.7379961408329362,0.8604286009690805
2779844,AGN,r,4,0.1250229985368408,0.10921616518942767,0.16859723892989645,0.14785450549095777,0.13650921730104226,0.23809757761101932,0.10643511304731967,0.9585213276033145,-0.041478672396685456,0.8532866312547045,0.7415483155618341,0.8000644011354521
89274370,M-dwarf,r,5,0.1559311178805895,0.08073061982076979,0.019425644738996238,0.019318200819580154,0.01824864781460748,0.021620891900710263,4.08817880858976,7.07940421974937,6.07940421974937,4.263886334282941,8.027075547591156,4.4239233854985915
121429195,M-dwarf,r,5,0.20001829567042909,0.18249874851806944,1.7924898088439112,1.6384963688634282,2.069057664732084,2.216364624407995,-0.1194989659316529,0.026712664908454763,-0.9732873350915452,0.1194989659316529,0.11158685236789904,0.08820380003362577
129773611,SNIa,r,5,0.10498230216970156,0.07586892435088326,0.09422564107425617,0.09140085445170958,0.08804366740199356,0.11631068865454475,-0.5535496371704614,1.0423523939089898,0.042352393908989816,0.8387535199462096,1.1141585344796796,0.8617192648788432
18453509,SNIa,r,5,0.02837931900267937,0.022136125373744257,0.20538875498868603,0.18066405348867476,0.17927548860122017,0.29302976362509736,-0.25057193494072294,0.25360352103398404,-0.746396478966016,0.25057193494072294,0.13817367462129396,0.12347547088818028
20432463,TDE,r,5,0.3794750978831754,0.3049466079438338,0.501891463533125,0.4974054882085457,0.49227374728164097,0.5704723327587805,0.2606540603625479,0.6931297951902559,-0.30687020480974414,0.604490422729304,0.756089962582378,0.619465510049568
40757084,TDE,r,5,0.6093063347414392,0.4888578824665381,0.7725191509204513,0.7444393943828131,0.7007716304391741,0.9797516451596363,-0.27373551743116564,0.6091384468327203,-0.39086155316727966,0.5754133713173093,0.7887265112009908,0.6975994193146353
117909248,SNIa,r,5,0.04367307819040488,0.03052698832086525,0.2888276059821181,0.2769255255805013,0.3082267034127514,0.33395282880097665,0.0702023763517523,0.13009023246504514,-0.8699097675349549,0.11116857184264814,0.15120811614215565,0.09904069953337581
130231675,SNII,r,5,0.1446252794306849,0.12335803457557999,0.1779516927460597,0.15662305955542344,0.12213626932757081,0.2510263307524523,-0.2049729665306598,1.215617424999304,0.21561742499930392,1.0000217819811212,0.8127221337369788,1.0100032959475158
21920642,SNIa,r,5,0.01942731316352323,0.016695787282219314,0.15665879622257317,0.13600585607299345,0.15500583219500186,0.22080725155729417,0.14300234945974194,0.060019232735138525,-0.9399807672648615,0.14300234945974194,0.12401035646872872,0.10771070382187638
40882197,SNIbc,r,5,0.04948140522095016,0.04013334190273059,0.11547817577615176,0.09838359684215447,0.11007333938984315,0.16433046580134256,-0.19614216471747667,0.4598521630828246,-0.5401478369171754,0.4145401067494624,0.4284914001141411,0.36460547236230967
74130796,AGN,r,5,0.22631215266058677,0.19763839001968034,0.2502971690472363,0.24965269553067415,0.24626325915885688,0.26942581952145833,-0.8142565789968808,0.46133636897636954,-0.5386636310236305,0.8142565789968808,0.9041738407272075,0.8025492340787623
89763536,SNIa,r,5,0.10437152101635919,0.09719314217715279,0.7301275769342003,0.6680049116548716,0.5732353970252323,1.017599937605256,0.005466617024402915,0.20112581346560687,-0.7988741865343931,0.1715769559676023,0.14294970401558363,0.1695518851095558
130739978,M-dwarf,r,5,0.6441664261847608,0.4846797662457674,0.8413570006642652,0.7911018004256115,0.741752355451358,1.0993355811523828,0.2684838148598986,0.5317289107392251,-0.4682710892607749,0.537420136030658,0.7656279387658043,0.6534253146400036
59087004,SNIa,r,5,0.07281177209056787,0.059298726460930484,0.1764959410239906,0.16943824151850126,0.17491127506555654,0.22370649861261716,-0.3132760510253266,0.44831084153237805,-0.551689158467622,0.41427610712731144,0.412540773845166,0.339021749390972
120272506,TDE,r,6,0.3883274249292171,0.26774619507983183,0.2510243406506932,0.24320640290998477,0.22647725179056682,0.31226791094229533,0.20272217623386188,1.5492783270065928,0.5492783270065928,1.1259940614046127,1.546971197783504,1.1822211412536396
128839699,SNIbc,r,6,0.04786351586409903,0.03354057816416064,0.08022823486078588,0.06772436417268698,0.04080449880071754,0.12435774162022407,0.35056621418951855,0.4796773431505556,-0.5203226568494443,0.48283732671736157,0.5965919099074415,0.8219823585621601
74492858,KN,r,5,0.8021875954301052,0.6560201163043142,0.5487339306651913,0.5278551666458081,0.49238199301293273,0.7030628328090361,-0.41908140997547694,1.3502025501854487,0.35020255018544866,1.1599768421446568,1.4618880856477565,1.3323397801167831
98231865,M-dwarf,r,5,0.3486758033409973,0.2931125432482733,0.6055770997992018,0.5978810524997973,0.5438670659112742,0.7185847965472005,0.02289765866063187,0.5680347582280089,-0.43196524177199114,0.48145406492919574,0.5757744198989885,0.5389415201252347
104723380,SNIa,r,5,0.2578035169729266,0.22923853992246782,0.3719081243169067,0.3658708234268281,0.3422541505484795,0.43853984901067844,0.3939039606621881,0.5872710925533917,-0.4127289074466083,0.6215162124158728,0.6931914096967927,0.6697903869247502
115240829,TDE,r,5,0.4371503566649433,0.34068302620870855,0.5334211286523807,0.5222680154045763,0.5754389022651218,0.6303081861788244,-0.07742784667128995,0.8193549807086561,-0.1806450192913439,0.6505364180574387,0.8195220121282916,0.5920403102182789
127779559,SNIa,r,6,0.11956601511113521,0.0961770331853226,0.8504321693469454,0.6507330261487921,0.3401457569009809,1.406819037000299,-0.2572631625770805,0.22733135318948894,-0.7726686468105111,0.2572631625770805,0.1405944170749691,0.28275241197061435
129554871,SNII,r,5,0.09277647386259476,0.08132604231974258,0.8177211792022998,0.7348996302892311,0.7738655735045653,1.0887476968939511,-0.3135116635500378,0.5739006098244804,-0.42609939017551957,0.3498850835871956,0.11345734490220702,0.10509065799560705
66425544,SNIa,r,6,0.43887147090329415,0.321877604681837,0.6383922717183057,0.6210622008849388,0.5815721275656467,0.8066785309913918,0.36847266947172347,0.5029613807595286,-0.49703861924047144,0.4797727227621313,0.6874636337968526,0.5534611949667483
89023208,SNII,r,6,0.17768603666030464,0.1448856453750804,0.1827196116579416,0.18070802491161375,0.17398153706875424,0.2132431404911339,0.23342010755876222,0.9206669854250219,-0.0793330145749781,0.7816956352770658,0.9724519171644256,0.8327644864858522
104025081,SNIa,r,6,0.04017419111054436,0.034349380877092106,0.123804274147317,0.09501782224833244,0.0661000959492135,0.1918341459313788,0.2083033500197841,0.6259180681841722,-0.37408193181582783,0.5519002511310415,0.32449761033888336,0.5196570501725697
3625643,M-dwarf,r,5,0.8933441535751814,0.7282596167924071,0.6727759575319529,0.635980253729211,0.5955499128461461,0.8773161618320331,0.9823838878465153,1.5333593885608903,0.5333593885608903,1.4196959424587798,1.3278479166413328,1.2228355694185873
11180223,SNII,r,5,0.3707233560303865,0.17652604251046,0.06678153992061245,0.060217468697436626,0.04643571181896268,0.09563086829980785,-1.6242250178588886,3.7366589430562027,2.7366589430562027,2.0752430736439575,5.5512849280068925,3.8015147307028703
44988848,SNIa,r,5,0.1933891639890778,0.15037996538441858,0.3311917897737289,0.2727593719925269,0.1439582917425076,0.5022493050472053,0.042338115743056695,0.7193762821678131,-0.28062371783218687,0.5831839549970433,0.5839189556033433,1.0446078761020392
83082649,SNIa-91bg,r,5,0.2734920721956211,0.19740851856736552,0.35110208987119274,0.34354342794437925,0.3145560214436392,0.43203220387071767,0.44448408408380635,0.5638028364131135,-0.43619716358688654,0.5489883117454364,0.7789531309709832,0.6275782535059063
89613764,SNII,r,5,0.1051179809263722,0.08541090725458987,0.17127375566120248,0.1615297779385878,0.13128345053684928,0.23033474729956177,-0.13910963762986175,0.5347186295801406,-0.4652813704198594,0.5048155938624197,0.6137424879869314,0.6505839609282383
20672879,TDE,r,5,0.2559173316677885,0.1596346614591925,0.2862366953525073,0.28115498343311185,0.2839240344750891,0.3363248185070368,0.725007242219535,1.0598392517252162,0.0598392517252162,0.725007242219535,0.8940759022969443,0.5622442698601428
52815591,SNII,r,6,0.04725169294141025,0.03725125719560651,0.03592162286323067,0.03462972441212514,0.034284812378523134,0.04582475472130606,0.43863391313161615,1.3917447053362606,0.3917447053362606,1.1999088907412332,1.3154108632930677,1.0865235832219877
72074915,EB,r,6,0.2844838165252242,0.24614151554138655,0.5420092385634018,0.5345272316294137,0.5288584111129265,0.6316544862654091,0.22428078128448856,0.44543494008055534,-0.5545650599194447,0.44042961850228024,0.5248689437088747,0.4654204421622184
32014077,M-dwarf,r,5,0.0052151381220106405,0.0031433935646639098,0.019001756356183182,0.01887761611494148,0.018609024655178198,0.02125412210435904,0.06508880397693317,0.26883339218508917,-0.7311666078149108,0.1697282699980976,0.27445558317105945,0.1689176957369026
34866353,EB,r,5,0.7140366235899472,0.48413885262920386,0.5329652025329803,0.4505366858719019,0.3125679304930428,0.7939957442836648,-2.562187378123401,4.695522764747599,3.695522764747599,2.8236902542057334,1.3397434207644394,1.5489076306245688
36842485,SNIa,r,4,0.11607762998413207,0.10510811660761338,0.8072952279681647,0.6804637885929701,0.6352739077129593,1.162538789934866,-0.27721311085388145,0.3081630862524137,-0.6918369137475864,0.2965940367398355,0.1437858492936732,0.1654532247137485
44168220,SNIa,r,6,0.4909619011046288,0.3774318542689863,0.6461987821447363,0.6381220983964925,0.6263342499568139,0.7533012598906745,0.559633160390545,0.4512014996581705,-0.5487985003418294,0.559633160390545,0.7597691525742657,0.6026045267283571
56216003,SNIa,r,5,0.3791280777759292,0.25106177891249776,0.48530238088761607,0.45094727512569033,0.4359188958726405,0.6569266792715809,-0.20255624523685598,0.6764618555077596,-0.3235381444922404,0.5397904049218034,0.7812203127512078,0.5759369031478021
70854573,TDE,r,5,0.34137712012283916,0.17308874781667533,0.2300691770230157,0.18755555138932922,0.14957151321748552,0.3502238522896064,-0.8078176833539787,1.0268451926900883,0.026845192690088338,0.8483138586945105,1.4838020657095168,1.1572307058563644
110271758,SNIa,r,5,0.22330317990975587,0.15939180802863828,0.19668615139174592,0.1890210685940305,0.18299989457034468,0.24722067440727058,-0.4059999005609874,1.2243778499930487,0.22437784999304866,0.9178529817495356,1.1353274154263968,0.8709939882908976
19920079,SNIa,r,5,0.082174041073428,0.07558282016567577,0.12731130221212558,0.12694677218795936,0.12954494681040898,0.13724437711854062,-0.27729093794204795,0.564248703259699,-0.435751296740301,0.5896516736044788,0.6454575489025314,0.5834486178476138
72587600,SNII,r,5,0.22745122736927223,0.21704390928867107,0.5092468494728705,0.49946881806092974,0.4737486253524547,0.6089982709622718,0.20270952916114587,0.47485976693862714,-0.5251402330613728,0.46574080422563363,0.44664238493514613,0.4581415072755028
88882274,TDE,r,6,0.06357569055950109,0.04906606779174566,0.16153385658305205,0.15653735746396288,0.16656899005253664,0.19713279350547747,-0.28071512742623383,0.20130774061261467,-0.7986922593873853,0.28071512742623383,0.3935750182923038,0.29456904179025156
92564906,SNIa,r,6,0.04310037144978193,0.029659652104456643,0.35156548271122895,0.313273752180055,0.289917503292284,0.4897872007797116,0.04637071638155715,0.1293879069606821,-0.870612093039318,0.09851319960236453,0.12259557200381922,0.10230376492499968
94021808,SNII,r,6,0.23453259575319846,0.1826579868423174,0.30397001373507354,0.2982631447514301,0.31678608704760325,0.35714509752079876,0.25430914551700473,0.7162100498943488,-0.2837899501056512,0.6108864486368754,0.7715649082333708,0.5765972506705116
1634735,SNIbc,r,5,0.3660355753188667,0.3148978701886337,0.3762105871530955,0.36115097424123627,0.3721704207438955,0.47948615819963547,0.31702326635581474,0.9311019063635112,-0.0688980936364888,0.875253389197334,0.9729539460565787,0.8461120299652368
81671326,TDE,r,5,0.2594884934847251,0.14758071200081205,0.6818789430080379,0.5160506409180181,0.2581111986778942,1.0699655066965648,-0.34264404474445714,0.9310765918258583,-0.06892340817414166,0.5417340991706049,0.38054921059743924,0.571771828408666
21468856,M-dwarf,r,5,0.2110451443738221,0.15084789330312134,0.30323384067461645,0.3017330705865099,0.28928593140276443,0.3381306902915689,-0.1540038433739993,0.7072737188204838,-0.29272628117951616,0.5088142092430623,0.6959815035957119,0.5214491163522923
113829239,SNIax,r,6,0.15932039965838007,0.11303080149073459,0.13896493097557416,0.13694073079152233,0.13585016491443838,0.1625937617676641,0.6332804554957842,0.7661553732870523,-0.2338446267129477,0.7362466624780041,1.1464791767239735,0.8320255007561017
5982256,SNIa-91bg,r,4,0.06681159481051067,0.056935368196762454,0.47463291242418254,0.4533386492528304,0.44172757517715466,0.6070113711768628,-0.019428757747147404,0.13837902155416051,-0.8616209784458395,0.12751616088718787,0.14076477433743725,0.12889249255930774
7390884,SNII,r,4,0.2486867118015193,0.2103650080413532,0.7858434125722401,0.7560125639824411,0.7207720188736871,0.9930871065997162,-0.15358361626544836,0.393222688820602,-0.6067773111793979,0.32180116690575494,0.3164583526729739,0.29186067512731645
78846696,AGN,r,5,0.08229530984950849,0.07312920477186928,0.09683835730986137,0.09226104806413206,0.09406195305975856,0.1255532000118269,-0.23819526983644726,0.8952748966627436,-0.10472510333725638,0.7848355562464229,0.8498214151462902,0.7774578604104628
86001230,SNIa-91bg,r,5,0.368796494047086,0.33323568218958927,0.5166500801594981,0.512360272185247,0.542713997698181,0.5650109738415585,0.24408666158400322,0.6891257514478816,-0.3108742485521184,0.6651305003710958,0.71382258168475,0.6140171132547632
93417061,M-dwarf,r,5,0.17473682182620373,0.16007955469588456,0.4443426247881671,0.41721135910598983,0.33782128782980014,0.6056897110333649,0.0013803759926109716,0.4385616069853112,-0.5614383930146888,0.4043524856755085,0.3932479399416308,0.47385869530085756
119178558,SNIbc,r,4,0.4869098845759987,0.4460452940384222,0.5726629065970072,0.555073283672755,0.5379255844044519,0.7053972062083449,-0.10435375011254633,0.7885829011833506,-0.21141709881664938,0.7801578561191721,0.8502556721709331,0.8291951655957167
125838400,SNIa,r,4,0.1338204782583195,0.11253332501874386,0.16681526080897827,0.16421869935048916,0.16425785455138583,0.1954550695880766,-0.7838074158326294,0.6548305541786071,-0.34516944582139286,0.7838074158326294,0.8022076494042029,0.6851016368507318
29609624,SNIa-91bg,r,6,0.42843447509810506,0.32829000368180783,0.7060546807366714,0.6630702420665219,0.5590411460899116,0.990161083220469,-0.09046050542933182,0.7168313391744412,-0.2831686608255588,0.5499498636598097,0.6068007008339529,0.5872376406959647
30115580,TDE,r,4,0.13821904145908434,0.09573010074657634,0.14585124525564494,0.11722714889329974,0.07907511661308031,0.21038176943155004,-0.7727373261861187,0.7706210466516121,-0.22937895334838787,0.8378278111402736,0.9476713155024282,1.210622315171408
56479755,SNII,r,4,0.04262983205034969,0.03361601075723364,0.40547978881393404,0.2735525250579327,0.13741132713170828,0.6021895168547909,0.20142174534742918,0.4047489159335922,-0.5952510840664078,0.2914890598635129,0.10513429578092141,0.24463784361104968
91484679,SNIa,r,5,0.5773902674778385,0.38490423165657695,0.27527671737493153,0.2571597114765941,0.26289122255641606,0.36039079043903366,-1.1527318092025056,1.1421865172134917,0.14218651721349174,1.1913926445179182,2.0974903834363268,1.464119752320666
110720057,SNIa,r,5,0.01941929293641277,0.016388354765731437,0.11915341816567278,0.10723767964816806,0.11500770808103288,0.15558695033592063,0.05678242138387772,0.33089144547744626,-0.6691085545225537,0.24662084847611193,0.16297722075762763,0.14249788156968074
128989049,AGN,r,5,0.04268166001321178,0.03836378599574566,0.0784675497823021,0.07443444366603882,0.0666169601472217,0.10367094882701158,-0.21546556951243967,0.5967830701803659,-0.4032169298196341,0.561273803289326,0.5439402674306314,0.5758861693923397
32037298,SNII,r,5,0.32969813060330483,0.3193217280071762,0.4162797410520153,0.3964429945571023,0.3549354831223896,0.5391338612034505,0.08286371192877291,0.9585900318781915,-0.04140996812180853,0.904774798995913,0.7920109918635414,0.8996613277378835
80346495,SLSN-I,r,5,0.014660984255873961,0.012482539236545919,0.17935295190952014,0.15614266940070665,0.1175381929136988,0.24739556376420685,-0.04997938956219838,0.12412038926225884,-0.8758796107377411,0.10671395058308583,0.08174375776803565,0.10619985663477993
124742587,SNIbc,r,5,0.10424977781634943,0.08893879710096547,0.2667657951289241,0.25438449771594435,0.23190500734366862,0.3448769657987644,-0.05721017933143715,0.380372289798537,-0.619627710201463,0.33745220563451717,0.39079139724778805,0.38351391425181164
20135303,SNII,r,5,0.046272505269790085,0.028391152761390582,0.176316227796365,0.15829733026992704,0.15557616369661292,0.24671780740325422,0.1341361027220409,0.1214927609154831,-0.8785072390845169,0.1374257612172125,0.26244042223516795,0.1824903769754588
20683463,SNIa,r,6,3.2017401110493386,1.7083348583312936,4.754759993155698,3.913731571161822,3.26925757227793,7.469671527931962,-0.5563046677910286,1.067578692966818,0.06757869296681807,0.6759999915676692,0.6733757572744209,0.5225452019496195
59211997,TDE,r,4,0.0540656103676841,0.03632439682562596,0.22457936160858913,0.1733441824962278,0.10099484870925754,0.33041186945198564,-0.18982471477506285,0.36970629570963875,-0.6302937042903612,0.2596503291124411,0.24074166913838238,0.35966583731608026
25203632,SNIa-91bg,r,5,0.05652345301452036,0.028569728749015914,0.25580311890754687,0.22531167221036727,0.17943549944380652,0.36936816246862564,0.13715668314697557,0.2843255983843182,-0.7156744016156817,0.16211234346077388,0.22096467492622415,0.15922004752444788
28305390,SNII,r,5,0.2051327454930944,0.1669834130076576,0.2342246205820524,0.23356009005961015,0.23276692099868304,0.25412316700115306,-0.23566470300185535,0.8631182808178592,-0.13688171918214076,0.7264824609199654,0.8757949740011781,0.717384636490519
52429042,TDE,r,5,0.029426484755891123,0.02359691200948816,0.15253040268266366,0.11465149737539677,0.06419025064618414,0.2349087611018973,-0.15063745519070687,0.18487653503487605,-0.815123464965124,0.21917660286422444,0.1929220944699944,0.3676089713304602
57681583,SNIa,r,5,0.035118783849052565,0.03107160285395679,0.17941726736137548,0.1567033616653208,0.14341414873301808,0.25247482627815515,-0.264348815283598,0.20183219967583754,-0.7981678003241625,0.264348815283598,0.19573803773478302,0.21665646749959203
63377924,SNIa,r,5,0.3469431347361992,0.31429117434899745,0.3262069357212818,0.3161357185876097,0.3117418577193886,0.4086993102202803,-0.40392450633020316,1.0743906768713185,0.0743906768713185,1.0225645080731358,1.0635676214825636,1.0081776526522903
63675288,SNII,r,5,0.022460016372668524,0.019534315791280354,0.21356113069714172,0.19264205511925198,0.231861117201133,0.25164154244167786,0.01707532164537947,0.09659030451107836,-0.9034096954889217,0.09030419415614058,0.10516902724456836,0.08425007188391524
91042581,SNIa,r,5,0.0434070943111612,0.036858034533446424,0.16492748988515324,0.13343403572005283,0.16119820220815748,0.23536910037179948,0.19515464842877955,0.46860394980320064,-0.5313960501967994,0.4119268253107028,0.263188958622893,0.2286504069434418
115381923,KN,r,4,0.5729084437077125,0.4969160522763745,0.8085582279475098,0.7846124073518502,0.8119420710838241,0.980500731218072,0.348950836306704,0.9761880530320645,-0.023811946967935538,0.7749932725602886,0.708555579431819,0.6120092429907765
115634018,SNIa,r,5,0.04153116242629857,0.035810001988777346,0.3582667364829834,0.3001422795700912,0.2627711227642967,0.529851119876858,-0.2305555038831822,0.5045145179485415,-0.4954854820514585,0.3174620716152962,0.11592246278289689,0.13627830034009708
730,SNII,r,11,0.06222919073736491,0.04434923169634935,0.07007438125735857,0.06874285257774534,0.06441850470782906,0.07989217832416291,-0.11086298417098878,0.7295962739870281,-0.2704037260129719,0.5866633223151423,0.8880448121092781,0.688454845350662
6947,SNIa,r,11,0.09240402691561106,0.06742379829278052,0.10682971153242819,0.08816743571030797,0.07448517680109185,0.0998427559054648,-0.01785768204494521,1.02054374657454,0.020543746574539945,0.8142604873854268,0.8649656129377621,0.9051975330988565
8784,EB,r,11,0.6303658632919014,0.48615056933347334,0.49387826974722165,0.45207862358346473,0.38304603423594746,0.6509340647097943,0.11191604833789084,1.2534036978147427,0.2534036978147427,1.1084075596985166,1.2763587748344085,1.2691700889246535
10349,M-dwarf,r,11,0.9784614168562347,0.656802436626978,5.438535662044785,4.829211415966802,5.216680804492738,8.017470113518625,0.039526308121580915,0.42721441750053013,-0.5727855824994699,0.24254104089422104,0.17991265988837002,0.12590427922316486
18706,SNIbc,r,11,0.006428366510477426,0.0047761511556349105,0.009565373779815239,0.008877109958235726,0.007557638916755112,0.015230077693722973,-0.03556994524321973,0.7030271742950754,-0.29697282570492456,0.5262300395176006,0.6720455110748003,0.6319633960080169
21335,SNIa,r,11,0.029361872879207444,0.021547814767226458,0.048256741919986613,0.046568130653777046,0.04319296808599361,0.06161635684489258,0.10166846398870284,0.6387552573978773,-0.3612447426021227,0.46305850320684455,0.6084512072508269,0.4988732129805608
23848,SNIa,r,11,0.020015534605171536,0.01522770543278046,0.07992489079077288,0.06610914781228687,0.046331465746141484,0.13936991896672837,0.21423854840662593,0.4206607757947676,-0.5793392242052324,0.32692562252379453,0.25042930190005686,0.32866876079888824
24989,SNIa,r,11,0.01208016830203007,0.007805116021649819,0.06246252993410381,0.049104009731001576,0.03208640754110812,0.11976376668202586,-0.09477094074661431,0.22015121427653422,-0.7798487857234657,0.17536958261366187,0.19339863938867516,0.24325303515671376
30172,SNIa,r,11,0.6185312875700136,0.4921606756588153,0.5920409998719685,0.5760500973694129,0.5370698909809916,0.7760952274460956,-0.0009107348132666448,1.0021790937209147,0.0021790937209147376,0.8417168034453133,1.0447440087827935,0.91638105938103
32238,EB,r,11,0.3846702032810318,0.19314339604850572,0.6166117477802701,0.5427664794586212,0.3573610190248749,0.8607830309169369,0.22668544848313169,0.6950219522530199,-0.3049780477469801,0.43191849140220934,0.6238450770128844,0.5404713602382625
32309,SNII,r,11,0.01933838023688558,0.014774228070382806,0.018603515606392302,0.01814395053151171,0.017523542690387302,0.02307754561288509,0.03141472585976132,1.0075557079433166,0.007555707943316614,0.8049717084357213,1.0395013849017212,0.8431073745428966
33422,AGN,r,11,0.06529693561662965,0.05551886017178813,0.07941970338795684,0.06427818254618613,0.04034777727530514,0.14351946978084484,-0.4356465885884155,1.2309368309158601,0.23093683091586015,1.064631904910178,0.8221755160386464,1.3760078973611378
34243,AGN,r,11,0.17673271403805704,0.1101419849350219,0.13604108711364732,0.09971845083609567,0.04472526012453383,0.25340382941870376,0.6067557864956613,1.302343908477643,0.3023439084776429,1.1819907496684035,1.2991127738520376,2.4626348651375207
35743,SNII,r,11,0.008990466640252655,0.006487088296681391,0.014996846401919535,0.012205773879400871,0.009249638913264907,0.017452697792424282,0.5276209861697093,0.48076626337169165,-0.5192337366283084,0.5558962177755654,0.5994904794852012,0.7013342204502986
38754,SNIa,r,11,0.010095196104814375,0.0071884919207929505,0.07408814019507264,0.05482668960115209,0.03440750642115459,0.12679181389844585,-0.06431949281400527,0.15637460782745013,-0.8436253921725498,0.13511626028822854,0.1362592727828492,0.20892219949927227
43151,SNIax,r,11,0.09837320497446114,0.03683240988186207,0.08374262724681827,0.06862498672300792,0.038903951796701475,0.12403726173214834,-0.3740499420643792,0.764110389236792,-0.23588961076320802,0.40787014997482735,1.174708845526443,0.9467524038261059
43211,SNIa,r,11,0.019251109490948146,0.015241401418797961,0.05173736829326452,0.04379858441602189,0.033324676800958845,0.06829082586682307,0.1772295728200986,0.47389452958527534,-0.5261054704147247,0.39779552582911165,0.3720929402869216,0.4573608173255989
44309,SNIa,r,11,0.017909507554653717,0.0148458356935261,0.09130594833362837,0.06717181292499824,0.04330983382860233,0.10810293224862162,0.1626504914165046,0.35613589291587294,-0.6438641070841271,0.297686023124543,0.19614831105212419,0.34278209776278873
51318,SNIbc,r,11,0.01925341554303347,0.01629559447192622,0.03152211636780634,0.030327083267267185,0.031649212124003345,0.03797673145748839,0.0711854310067202,0.7155694613303697,-0.2844305386696303,0.5891291174345331,0.6107907006744338,0.5148815208441584
53354,SNIbc,r,11,0.048654464709750045,0.032822221788824726,0.1189596383211742,0.11344393314832173,0.10571548300638262,0.17454951709250657,-0.18483556628733827,0.46384586907479125,-0.5361541309252087,0.32289774223585466,0.40899976997567755,0.3104769600006753
55155,M-dwarf,r,11,0.01738556987150979,0.01274602033875848,0.024135597287659478,0.02351094901236334,0.021554617517843103,0.024670940462973818,-0.001223944523366191,0.6484663406033917,-0.3515336593966083,0.5007751350930043,0.7203289673878933,0.5913359551941578
56769,M-dwarf,r,11,0.4497528394180159,0.20076918134410582,3.4362944752237268,2.7997158046581188,2.204216488966067,5.726725494814187,0.01191822494559097,0.09926352231039455,-0.9007364776896054,0.05251552534132075,0.13088309010208848,0.09108414819920013
56987,SNIbc,r,11,0.008961455675870209,0.007714174839804088,0.024966747920340236,0.020660709625182374,0.016347672948207524,0.025281151353832566,0.3107857541997378,0.5067110239045508,-0.4932889760954492,0.4867227905195174,0.35893564129629285,0.4718821366346166
59644,SNIa,r,11,0.6393227893928898,0.5185538787972518,1.243410814334331,1.1560913446074415,0.9648978760356954,1.8471604608531,-0.1085432121598206,0.6462796904083482,-0.3537203095916518,0.509992865868996,0.5141685933744721,0.5374184063164715
67514,SNIa,r,11,0.2673901531506423,0.20044805364964693,0.19794639478275627,0.1916311423148281,0.18658473752101418,0.27817310695293634,0.0993518871668161,1.1875821938214133,0.18758219382141328,0.9869703883993466,1.350821031340832,1.0743003758657987
72428,SNIa,r,11,0.07140215968642276,0.06087243410217305,0.06421336851393301,0.06200397588512227,0.05943943182652681,0.08582569158959996,0.2925543256857441,1.1361260275800873,0.1361260275800873,0.9810703043599879,1.1119516284359061,1.0241086132826511
72525,SNIa,r,11,0.009693253786349422,0.006596793399805193,0.06611999809300681,0.04721364761922143,0.02686427850093811,0.13683564970096143,0.0935463592975278,0.15311666317017353,-0.8468833368298265,0.1521769971409699,0.14660093868597118,0.2455600435937571
80205,SLSN-I,r,11,0.004814066632860598,0.003744178935623278,0.008428348846682799,0.007670914331873999,0.006023874166421783,0.010780510097685523,-0.18892075402149244,0.6787167406454014,-0.32128325935459856,0.5470289825454618,0.5711755315817643,0.6215566315269402
86456,SNII,r,11,0.04609993250779833,0.03984374649987385,0.03646176083297136,0.035215463192387116,0.030934060509048716,0.052357467403631223,0.3876446124668997,1.1951451060098783,0.19514510600987833,1.1140743133617166,1.2643364295810815,1.2880218711739737
94107,EB,r,11,0.5637339586668897,0.3342760009073513,0.49777498211157617,0.4529661378530052,0.3871956992369622,0.7085507235307127,0.5615925833715969,1.3940755067039636,0.39407550670396363,0.8571904956124018,1.132507616745851,0.8633257073002141
95566,SNIa,r,11,0.02136750628714378,0.01958988722739351,0.03822365152689518,0.03714631135396924,0.03707730931687658,0.04905577824036448,-0.19548364976010302,0.7044533185762563,-0.29554668142374374,0.6055830972307561,0.5590126906663806,0.528352450280871
95580,SNIa,r,11,0.16900124020047813,0.15334024114147674,0.1585202620660738,0.15374630807501447,0.13131190609665577,0.21120717268236125,-0.06728806084469639,1.0565186138444504,0.05651861384445045,0.9880853501374868,1.0661175927783648,1.1677558090475542
103100,SNIa,r,11,0.0312086575625429,0.023347739436732653,0.07514691652525309,0.06130926908760512,0.03295753560865145,0.12828495245066862,-0.21665232177524826,0.4030096427375123,-0.5969903572624877,0.3823414048663731,0.41530190466371625,0.7084188488475395
114191,M-dwarf,r,11,0.46024484324416515,0.3503471078895463,0.5302677104960758,0.5109906827931838,0.4426337114127597,0.6828811016965024,-0.23850137198589988,0.8579143358323023,-0.14208566416769774,0.672383187755092,0.8679480838341017,0.7915057051830484
115053,SNII,r,11,0.014398918360109769,0.0115868295645686,0.044846659578132775,0.039991955126832957,0.032764882951228,0.04253005988321024,0.0488184031967209,0.3955643792952141,-0.6044356207047858,0.32614799419649904,0.32107003053424027,0.35363561596774556
116720,SNIa,r,11,0.29075408967350735,0.22724422377745404,0.34473527106756474,0.3343682061918481,0.30435439819120064,0.457790361849924,0.02279286487971238,1.0105559238563502,0.01055592385635018,0.7555080088632958,0.8434126533473344,0.7466434693501467
123493,SLSN-I,r,11,0.12988109311553023,0.09914613654056255,0.14296777517169978,0.1391475648713535,0.12683880946523862,0.18082494984820258,0.188656245968681,0.9252349066761801,-0.07476509332381986,0.7361512314421933,0.9084641133958133,0.7816703496238231
124183,M-dwarf,r,11,1.1332998266873486,0.8354403553292248,1.4325376959428076,1.3251955163945672,1.0787246021492232,1.9953189392205908,0.45142414827280414,0.9151596237193937,-0.08484037628060626,0.6981391535582944,0.7911134414801426,0.7744704752860135
128518,SNIa,r,11,0.45068078224135916,0.3517188803948144,0.6430033128088571,0.6108512356324461,0.5504644841003407,0.9367509551767693,0.21765770672305493,0.7494391962649687,-0.2505608037350313,0.6249853195854196,0.70089962720819,0.6389492702143192
129637,RRL,r,11,1.833696013742019,1.6074052783587036,1.2207919033017003,1.142519169390534,0.9858018330425817,1.986156785644575,-0.9657352838063435,1.605742072747716,0.6057420727477161,1.5430838994353044,1.50205453425984,1.6305561873400085
131181,EB,r,11,2.59888900382063,1.5822326464229965,1.0813454459188763,0.9717702278832778,0.8119806145962063,1.7977341666273952,-0.36600651210598034,3.4883748756516884,2.4883748756516884,2.012008821310712,2.4033846109299666,1.9486088928487937
131629,SLSN-I,r,11,0.02764275950971582,0.02368064539860949,0.032098279342504164,0.030561653920408736,0.029812538916549464,0.04249780281041227,0.45506017845318564,0.9585000820230397,-0.04149991797696029,0.8740416309659517,0.8611913185362433,0.7943183056262259
133513,SNIa,r,11,0.008729572835777568,0.00681810649253898,0.0256957978489906,0.022248471803230647,0.017390810410105047,0.03156451031347394,-0.17975877444519547,0.4458819246081906,-0.5541180753918094,0.3667266963055553,0.33972764290409024,0.3920522581614295
143651,SNIa,r,11,0.3566514428789191,0.30328457702191836,0.4127473432564954,0.397142262947273,0.38571852544887025,0.536384160847388,0.11019552545483012,0.9118195835853171,-0.08818041641468288,0.7825944981085105,0.8640914319763012,0.7862847050682322
143865,EB,r,11,0.6604526676053059,0.5625045097323806,5.440906394663062,4.6763132442835404,3.3437827717447886,8.189025533219395,0.062221719588799435,0.2704012355753344,-0.7295987644246655,0.20032183662357703,0.12138651535213657,0.16822399902457338
145107,EB,r,11,0.533767587383101,0.3825485631708439,1.5042283167082677,1.2318953646990798,0.9338171428687989,2.315441604473152,-0.12062795476277538,1.0537612148448596,0.05376121484485963,0.5486973592934326,0.3548447941407958,0.4096611055946227
145859,SNIa,r,11,0.1628923976796791,0.11943524380834573,0.11100071714630869,0.10590216330510213,0.09609947869390519,0.14576318974244004,0.5026929200936168,1.126035615690111,0.126035615690111,1.0393361151766711,1.4674895970714552,1.2428292580937856
148535,SNII,r,11,0.3023623503538626,0.22526791137371385,0.38589789806477315,0.36744578413933754,0.31451301151873756,0.582586119665031,0.06970864438964446,0.8921060873406389,-0.1078939126593611,0.653330987381821,0.7835294047212222,0.716243535636023
152079,SNIa,r,11,0.20863687991109847,0.16737469072386438,2.2246734333892966,1.7900283838549287,1.137893755967205,3.2671508494991595,0.023505008501078686,0.17531002120559666,-0.8246899787944033,0.13366515028265838,0.09378314892412751,0.14709166813345995
152300,SNII,r,11,0.28134049510414577,0.2062474023072463,0.194679166855131,0.18654173997317347,0.1732094845188638,0.2620780686544267,-0.12593865954766018,1.4152638301944738,0.41526383019447377,1.1290738388307686,1.4451494715585214,1.1907396577049707
152618,EB,r,11,1.8534527966949663,0.9028357860379845,0.8323426818155505,0.7542056960521286,0.6424710691358794,1.160373349111167,1.3940909936996935,3.3275381052808286,2.3275381052808286,1.6667421288584825,2.226790524128975,1.4052551615317006
154053,SNII,r,11,0.011873527584164144,0.009250017038427065,0.09863231152192785,0.06697118819177156,0.025723915113813545,0.2076824962910335,-0.2603252022779962,0.3479863698358356,-0.6520136301641644,0.30849332431694526,0.12038172279399974,0.3595882274335401
180090,SNII,r,11,0.14859693251210243,0.12133665451466885,0.1384440383877684,0.1302046811775691,0.11151149192490384,0.18487675811891635,-0.8365172821370586,0.7227224222558781,-0.2772775777441219,0.9537325224901273,1.0733357264246854,1.0881089690413401
183210,SNIa,r,11,0.08182498667795826,0.0678112318112518,0.10714293782557724,0.09971693424851358,0.08306668139080556,0.156901551196354,-0.02205656565082259,0.7835050278839918,-0.2164949721160082,0.6736576931357537,0.7636993005657994,0.8163469477276801
185839,M-dwarf,r,11,0.19467114044862038,0.12028342854128576,3.7499996629479044,3.3025220714526955,4.069541528517401,5.429501607900167,0.029657111559110213,0.12990740587553962,-0.8700925941244604,0.0641249553184755,0.05191230878553942,0.029556997440226874
187817,SNIa,r,11,0.33900561888698,0.269145053709308,0.3761949605778869,0.3531817458345699,0.2872270674795676,0.5730225489186846,-0.06827728340953015,0.9418009373672701,-0.05819906263272989,0.7422290354915204,0.9011434346866875,0.9370462751685271
188764,SNIa,r,11,0.17987640504383154,0.15093092937550984,0.5372403347803738,0.4036914758188717,0.18582775067977259,0.973948523935857,0.3689350733656424,0.7461559996490943,-0.2538440003509057,0.6000381951771008,0.3348155255643004,0.8122087730352038
191287,M-dwarf,r,11,0.6021467333066973,0.44222777519368406,0.5621778532406235,0.54584334866313,0.4915398795172206,0.7575114177208284,0.39159815484678834,1.2609008877648418,0.26090088776484177,0.9066199475792222,1.0710965041324143,0.8996783244281832
191397,SNIa,r,11,0.041339572291063796,0.03397594315806279,0.21183914975569706,0.18117907773403233,0.12942919674875403,0.3559082893138658,-0.13960051599711043,0.20275978153746818,-0.7972402184625318,0.2019226446090772,0.19514604518918505,0.26250601882368446
193431,SNII,r,11,0.014181288996447727,0.010759798670650002,0.03467003507419794,0.030847372153959288,0.02671656616495471,0.03269754306419627,0.13380299855235311,0.3886434167657247,-0.6113565832342753,0.3402374500175781,0.4090358999089013,0.4027388326859198
193961,EB,r,11,0.5928968013343591,0.36452957414658016,0.2818850902813655,0.2595223708100555,0.21277663101843639,0.44028566241185607,0.1071105215223882,1.6242051749295465,0.6242051749295465,1.205932188807748,2.1033279934832847,1.7132030543100143
194669,SNIa,r,11,0.26535165904054453,0.22223040681902398,0.23657444905227157,0.22768540421674918,0.20272237979295402,0.3140424276216806,-0.05354956537044655,1.3100001314742942,0.31000013147429417,1.0784950551850627,1.1216412427612357,1.0962302585732964
195026,M-dwarf,r,11,0.5391020704557791,0.4464739337638063,0.8453329423625375,0.8202869812516149,0.850965928224139,1.0563435274017259,-0.22763514136680388,0.6894855785767149,-0.3105144214232851,0.5873227343691915,0.6377393372948367,0.524667226918876
195359,SNIa,r,11,0.17725512625116133,0.15848283685557463,0.16008686251135681,0.15141406004214863,0.13065834078152042,0.2297292089795051,-0.553065914273421,1.081306260867473,0.08130626086747306,1.0735529354194326,1.107243426915101,1.2129561412430667
197595,M-dwarf,r,11,1.2041873274956942,0.6961852712322517,2.8378233378720137,2.308197890451501,1.4153105266189452,5.233246247482504,0.3247221805108309,0.8206698559916449,-0.17933014400835512,0.47620927844277045,0.4243348454518924,0.491895777031616
202856,SNII,r,11,0.16352061985922403,0.11889105387330398,0.17836037328901172,0.1706386981199869,0.16827879129858975,0.24116003995069224,-0.3327510088921965,0.8950447438331985,-0.10495525616680146,0.697778142404551,0.9167990447870299,0.7065124069161314
203204,SNIa,r,11,0.5190781308131752,0.3940172236156107,0.39963636649732465,0.38303699328435864,0.3375808117033796,0.5572737941824099,-0.4428901672404592,1.1689681293357848,0.16896812933578476,0.961661578482521,1.2988761142103171,1.1671789685778107
204437,SNIa,r,11,0.09436522679473769,0.07176503478935753,0.0906317553213251,0.08852381730557743,0.09219389261429503,0.10905192976070938,-0.7364356864117814,0.7699214508911355,-0.2300785491088645,0.8193697255450231,1.0411938559523202,0.7784141959337345
204843,SNII,r,11,0.03994334990589628,0.030878428459041943,0.03630029760941335,0.03494344022004708,0.03409461858115593,0.05062743740294083,-0.5360168864833968,1.0441358842156478,0.04413588421564785,0.9092602278571829,1.1003587445943754,0.9056686874364516
211096,SNIa,r,11,0.40838525634953693,0.25018550553118674,0.33042209928050814,0.32218551665663564,0.3105158538637106,0.4166511296952463,0.3868465216164866,1.0603023356338754,0.06030233563387544,0.7676547058358983,1.2359501898898198,0.8057092815653669
213934,SNIa,r,11,0.17223625168717288,0.11414771490749356,0.2089304430959916,0.17936835649860203,0.12085819576112393,0.32839083569807015,0.19344055951016356,1.0346570141504383,0.034657014150438314,0.7353038055278006,0.8243712554998037,0.9444764104629394
222108,SNII,r,11,0.6135661201876381,0.49230013765177405,0.6898731311432461,0.6366330559600321,0.46585478042331446,0.9473219988699835,-0.5836047554342603,0.851788143694148,-0.14821185630585199,0.8615160212218146,0.889389791382144,1.0567673840427894
222506,M-dwarf,r,11,0.027737979076017074,0.02347820731444243,0.02407249800340054,0.023911698341509625,0.02416761845165861,0.02807850677567825,0.12516418974670548,1.2247722006148574,0.22477220061485736,1.0197023864412964,1.1522684131949554,0.9714737660810403
233524,SNIa,r,11,0.009951565023988323,0.007644009431944954,0.07663845451526408,0.06356446025777113,0.04879298138473105,0.1414444992123477,0.06844555193456174,0.20140698122934977,-0.7985930187706503,0.15143526116975536,0.12985080514647213,0.15666206931837576
235847,SNIa,r,11,0.009133023279648586,0.006561461677679115,0.01805397502039203,0.014630775935942754,0.011150626761329269,0.015066338064368325,-0.34060767934701325,0.6338905955576339,-0.36610940444236606,0.5259532355405032,0.5058732644380421,0.58843882215074
236647,SNIa,r,11,0.008291227207005782,0.0064340744089737,0.02312887211619371,0.018495387771375184,0.012030433155583027,0.03487265811090147,-0.0542905676752665,0.7043874285974419,-0.29561257140255814,0.513455437125193,0.3584795300589115,0.5348165212146002
241393,SNII,r,11,0.056774743289545425,0.04845698345426723,0.10254987923157882,0.0965977620325874,0.08294369781675415,0.1514080689794812,0.3854312796509818,0.3886421486550133,-0.6113578513449867,0.4849762707324348,0.553630523165574,0.5842153741604609
242943,SNIa,r,11,0.3923446405911804,0.166777628420672,0.05052070287412287,0.03710505122168956,0.02975109106802466,0.09372889069072553,-1.5609815730777983,3.24330364024638,2.24330364024638,1.7829426453977197,7.766017063712362,5.605765114272339
246511,SNIa,r,11,0.011844459074112511,0.010090022885348373,0.058608527442706074,0.0501825205029727,0.04449639831754923,0.06768112835197564,-0.09887897973288468,0.23630721930902124,-0.7636927806909788,0.2215838993534679,0.20209446629914557,0.22676044054938493
248046,SNIax,r,11,0.03202168501321978,0.023714038655929782,0.050063694285210805,0.046904708865927194,0.03611294656726218,0.07015998838056525,0.21608655929959042,0.6826820650119344,-0.3173179349880656,0.5364976360279438,0.6396188988929494,0.6566630782055181
250327,SNIa,r,11,0.014811042005397167,0.010749650469816434,0.05127558213254884,0.04050116358417937,0.02394272993842977,0.061602660247457766,0.3030323138474364,0.39682659990484354,-0.6031734000951565,0.3530251176540789,0.28885175729668366,0.44897346699644664
254314,SNIa,r,11,0.016845505661820713,0.013262973314575943,0.0619402819291808,0.05581064453643217,0.04373460377144393,0.10146679171196639,-0.05057787383470547,0.37245765060131425,-0.6275423493986858,0.29015039130494064,0.27196365817451335,0.3032603972791876
255747,SNIa,r,11,0.03352730268502959,0.02547159980675799,0.0645786303669858,0.05676704049770617,0.047808180664392054,0.06255066668383018,-0.166303331308986,0.4685684344821364,-0.5314315655178636,0.4358011271293522,0.5191702347123419,0.5327874738753541
257906,SNIbc,r,11,0.22207730409480692,0.1623366297524161,0.38429300096459745,0.369340632843052,0.37714843392127745,0.5221191585810153,0.16698962849334545,0.5509594287355122,-0.4490405712644878,0.4378881312850045,0.5778853727165995,0.4304316686790241
262402,SNII,r,11,0.126150184136481,0.05353655274332321,0.054998428573508444,0.043918766211578225,0.03263697501417995,0.05231208370059001,-1.1123388533985958,2.5862457830514565,1.5862457830514565,1.2750982043929355,2.293705245921241,1.6403650375092336
263821,RRL,r,11,0.7534837634202757,0.43990998768820755,0.5519702866685643,0.4524142427680142,0.2987610600874368,0.8932415103220112,-0.12903169353764102,1.0315840277927184,0.031584027792718405,0.7149086132935342,1.3650802980137806,1.4724475390449527
265676,M-dwarf,r,11,0.4710914264218049,0.357214045788539,0.417051336501239,0.39314533649961075,0.3430881912674229,0.5970082228249728,0.09876798969274692,1.0036137662723077,0.0036137662723076946,0.8776315918263389,1.1295765897165644,1.0411726631246996
266677,EB,r,11,0.9025682830883734,0.5398205842834809,1.2869383028195753,1.115458304361013,0.6415769139099098,1.980611413281796,0.7068954216201115,1.067783173073165,0.06778317307316506,0.7368842528439234,0.7013298781386186,0.8413965225053008
268949,SNIa,r,11,0.18661892744715053,0.14331151168545864,0.14751138003986933,0.14515233109553488,0.1348461364190879,0.18857025233451347,-1.016944474174768,0.8968518713478763,-0.10314812865212375,1.0301110306461896,1.265115460222196,1.0627780334770676
269733,SNIa,r,11,0.023487461182890412,0.016931552232466042,0.04947506810603727,0.04052507277009581,0.03225211431452743,0.05580959925084395,0.16459259653129388,0.7522161206946182,-0.24778387930538182,0.5303742843831466,0.4747332764161333,0.5249749541176438
270612,SNIax,r,11,0.18787637827193193,0.14582411429831835,0.17846168469059648,0.17251989812291288,0.16105424903575968,0.2479052755888331,0.3208262138627178,0.912701160020865,-0.08729883997913501,0.8031655171338655,1.052754705289586,0.90543475363969
272367,EB,r,11,0.8000655543336497,0.39962722166853626,0.5456898899569333,0.4557903197449535,0.3117118373252255,0.9304530769412391,0.6116417032631954,1.6218173666379547,0.6218173666379547,0.8845309192327927,1.4661542554816107,1.2820405702192952
274024,SNIa,r,11,0.39446865092099825,0.28711326141951365,0.3530199166003778,0.34009187935759083,0.2964760209770253,0.4737930004245101,-0.058043987422246944,1.0037765031898813,0.0037765031898813195,0.7966223558644596,1.117411886331447,0.9684198420949626
275093,SNIa,r,11,0.16335676977116556,0.08040622275994046,0.3192515462683558,0.24309211775175738,0.14867388413184815,0.6574550287676827,0.014015337715616775,0.4065355894422679,-0.593464410557732,0.29690682083719105,0.5116866987195466,0.5408227761685029
276083,AGN,r,11,0.05933426375620682,0.04668839843836358,0.03137069444167479,0.02994399860622641,0.02500931300541983,0.046480503840084834,-0.15153669609956025,1.7815885591418765,0.7815885591418765,1.4534195305318436,1.8913914662145148,1.8668405017061294
279664,SNIbc,r,11,0.0767935497478484,0.057773454282381405,0.06556009123598464,0.06377819738550143,0.05769189437312231,0.08398695982606141,-0.3010862261338545,1.1085762812501085,0.10857628125010854,0.9089813204217267,1.1713459865610734,1.0014137152219618
280334,M-dwarf,r,11,0.8366030536403591,0.6387344895785898,0.9988913146640254,0.9411756115560306,0.9124497103946839,1.304992170294362,-0.15569800078960522,0.948937858310238,-0.051062141689761975,0.7427014096801677,0.8375316126577279,0.700021581794686
280954,M-dwarf,r,11,0.40575247977407036,0.31784217958193733,4.6566378378545386,4.228845704954582,3.062777272395997,6.530029648813806,0.02707584992698927,0.1183442506504253,-0.8816557493495747,0.09024172661668584,0.08713421440586272,0.10377580584999274
283902,SNIa,r,11,0.2301936898315467,0.07637299754372329,0.04496405354462938,0.03530358888826251,0.021369822683652274,0.08487094035381673,-0.9442708796446255,2.186561774851174,1.186561774851174,1.0377414018434703,5.1195048418636535,3.573871373399273
285827,SNIa,r,11,0.18498439799516286,0.12492222159782283,0.6373485462415924,0.5478346138387985,0.40940792797763065,1.0351886741690552,-0.12031562649724892,0.44357476895199566,-0.5564252310480043,0.2869601728350139,0.29024055846052393,0.3051289754326603
289303,SNIa,r,11,0.6500273774838152,0.4832386102875745,0.9728568677569137,0.9412061722894123,0.999817444711827,1.197108578537761,-0.08929385281032477,0.7181390186568387,-0.2818609813431613,0.5278963908769071,0.6681634257077955,0.48332684415889166
290322,SNIax,r,11,0.04569318232488772,0.03374826299896163,0.05633308713402809,0.05492825329177454,0.05053424630543779,0.07098854451329237,-0.41040928739402904,0.6414749945234518,-0.3585250054765482,0.5888515002889979,0.8111251246744949,0.6678295505780624
294059,RRL,r,11,0.5587888817365423,0.41981906048041023,0.44226859641719163,0.3619025772390716,0.1748388579715283,0.7622683043776007,-0.15455433185537854,2.792000718362155,1.792000718362155,1.8377186238184364,1.2634604542653016,2.401177091586676
296200,SNIa,r,11,0.20823052021077032,0.1707782795817364,0.24838237692156573,0.23648336384776825,0.22200451361202406,0.3473632262901514,-0.25605028645878,0.7667984218436609,-0.23320157815633913,0.6986142940534026,0.8383465960490644,0.7692558894554241
297005,M-dwarf,r,11,40.615852040449326,25.85984420639466,5.222694949096336,4.5073045943785965,2.8728740368895562,7.467830746777961,1.1078760662493081,14.135109324594776,13.135109324594776,8.055406826009785,7.776799609457745,9.001384632370781
298918,SNIa,r,11,0.018219881865792136,0.014430945011246775,0.0674704612669034,0.058817172639677964,0.04654016098833208,0.10127955573070606,0.15702348239410768,0.31848318071416837,-0.6815168192858316,0.2839433281454747,0.2700423492543932,0.3100750986844396
300965,SNII,r,11,0.08228008912781062,0.027122454787045638,0.05368460890123724,0.0364028386954408,0.015063756590396535,0.10169522952320081,0.5380429631765882,1.6204502274167942,0.6204502274167942,0.5924516250307198,1.5326569534888492,1.800510690961163
304076,M-dwarf,r,11,0.7795710001221351,0.6007414368201808,3.2382370523896773,2.877413651818295,2.2792693929295265,4.797702165030884,0.031079574191467493,0.29357990793666366,-0.7064200920633363,0.23921002944307082,0.24073932436380646,0.26356754435598007
306095,SNIbc,r,11,0.04086645684523209,0.03371168499453985,0.09476113307475985,0.09046612482119183,0.0869977288748495,0.10328078962580244,-0.12193576305035764,0.5306286044295503,-0.4693713955704497,0.4145540037402544,0.4312575791278407,0.38750074778429866
306448,M-dwarf,r,11,0.5189435292313928,0.4173521707635492,0.4576771029358535,0.44075087643003025,0.41494233477854436,0.5768767448907801,0.3206555208958232,0.9930294711611238,-0.006970528838876167,0.9069112365240314,1.1338638658183566,1.0058076406840748
309935,SNIa,r,11,0.3078277117505347,0.25689868257202286,0.2917381697077304,0.2877115525532112,0.2889411736644123,0.32352497808692493,-0.6311948762301026,0.759501471579248,-0.24049852842075203,0.8562967083823093,1.0551506237902402,0.889103755321473
310436,SNIa,r,11,0.1860577474879996,0.15476531830337645,0.3076908470336365,0.29627231606373705,0.2636983047400821,0.421010801298858,0.30500475976111646,0.604912328894101,-0.39508767110589904,0.5519411466166024,0.6046905498871077,0.586902970255812
311219,SNIa,r,11,0.026088986868032682,0.020727600288799098,0.12511932644542098,0.0946611806140036,0.05375187542763797,0.21437774960152525,-0.016549123143477742,0.3783006786318054,-0.6216993213681946,0.2860640118613806,0.20851284617019664,0.3856163180148584
312769,SNIa,r,11,0.3265628930271327,0.2551940039528821,0.3392198027343685,0.3278135017984485,0.3006587733446509,0.39289906053188006,0.2568723677981565,1.031151356513775,0.031151356513775097,0.8114850082589886,0.962688175615894,0.8487828281676262
316154,EB,r,11,0.42779892935383174,0.31968654293427456,0.6244856407471556,0.5338895565202728,0.3468919716185562,1.0466919497451574,-0.27602607374188465,0.9587181691936166,-0.04128183080638337,0.6651280837335306,0.6850420593210097,0.92157377249942
317908,SNIa,r,11,0.11498928014132631,0.10401678046831106,0.09764189286093233,0.09579825331539366,0.09090501671399852,0.11747219835617133,0.8675944293118487,0.9227228614082229,-0.0772771385917771,1.134180685705321,1.1776633653046977,1.1442358653930422
318155,EB,r,11,0.36514647817267604,0.28854084544161734,0.3792629844895885,0.35657164714662587,0.29760844197401704,0.5748076083050074,0.6965462594457974,0.9550113783892284,-0.04498862161077155,0.9109303038813136,0.962779108707615,0.969531789917467
326736,AGN,r,11,0.14068632069030215,0.10357186270103105,0.15288573618336154,0.13196708639806,0.09996185922437265,0.28596354854619044,0.1362723700250768,1.1675510292505895,0.1675510292505895,0.8978408464035614,0.9202056660248005,1.0361138088533894
328060,SNIbc,r,11,0.14821541205688277,0.1181791212015544,0.17015283190331218,0.1585383834131839,0.11776612599381205,0.23807755328046082,0.020593171302193458,0.8483315119106868,-0.1516684880893132,0.7048800139832673,0.8710722613250707,1.0035069100240595
330300,M-dwarf,r,11,0.5341882312308486,0.44405368149686775,1.8632475562532578,1.486359678545262,0.8703506105093217,3.2720284584712296,0.02569801134652614,0.5201487302177507,-0.47985126978224935,0.41442702053436525,0.2866974006959278,0.5102009191870519
330588,SNIa,r,11,0.07683281406239681,0.030521757543411562,0.03260976430811163,0.028992378633840975,0.021497980410873127,0.05103116335371298,-0.13904581745360625,1.2441386102929028,0.24413861029290285,0.6861388681796163,2.3561290825792556,1.419749993258643
333551,SNIa,r,11,0.11398943010055854,0.09583839031628903,0.10481130180931168,0.09927948370958656,0.08568322725177194,0.15164298903938728,0.428830921426389,1.0410379554222926,0.041037955422292605,0.9721527856457403,1.0875681165371371,1.1185198479356657
335454,SNIa,r,11,0.06852734673713744,0.029728252851125247,0.06913915840768373,0.053196303368321284,0.03653406152899992,0.08236883858063587,0.20179460679381037,0.44942219646928216,-0.5505778035307178,0.3584813660456241,0.9911510107349195,0.8137133296150942
338999,M-dwarf,r,11,0.4968164197190053,0.42425494326830343,0.5373864711302655,0.5050439240308786,0.4389937644249351,0.7498819814827091,0.6551944971698355,0.8923612781047798,-0.10763872189522017,0.9247482673716749,0.9245048887704027,0.966425898609428
339008,SNIa,r,11,0.2160130473190176,0.09447144692717972,0.10073206778179764,0.08854806697849088,0.061249656525759685,0.14256097746250923,-0.48382571395228857,2.3124945310354263,1.3124945310354263,1.1451637391454643,2.1444317790332437,1.5423996196198748
340017,SNIa,r,11,0.09816109389994648,0.07793773229737744,0.1607095901081649,0.14934156218351194,0.1336165334344883,0.24316889243573395,-0.1321077092946241,0.7387617447699549,-0.26123825523004507,0.6039504572212071,0.6107979855706158,0.583294075172142
342844,SNIa,r,11,0.19490701579499262,0.12941176310937946,0.1407603495710597,0.11998171421138835,0.09435494315985825,0.2191938668249646,0.7396968579553422,0.970983084717734,-0.02901691528226602,0.9286755251833106,1.3846727177712654,1.3715419539824973
17080009,SNIa,r,5,0.24093904230562022,0.23025769998986387,0.4164396297083125,0.3722394640357053,0.2966073902530244,0.5967944532816775,0.02928843861165036,0.856685357181464,-0.143314642818536,0.7776697194753113,0.5785689572204776,0.7763046625151175
32662207,SNIa,r,5,0.04398606684449898,0.03393246764201302,0.26875101663178125,0.2405434079814098,0.26224189708275253,0.3544454621338371,-0.1162093963601655,0.4153239848947151,-0.5846760151052849,0.28762419290044494,0.16366846680533595,0.12939376971981467
46213566,KN,r,5,0.806499492228076,0.615168194104695,0.36473589645628857,0.33717795391874544,0.2787764269632473,0.48851511332739506,-1.4305269415294357,2.4358125176636656,1.4358125176636656,1.9939372949112375,2.2111876019440007,2.2066722097194975
71117832,SNIa,r,5,0.016969859698180368,0.01180014776072668,0.1949387566182473,0.14186247753758324,0.10579333057783719,0.29537470663688,0.09950860113016177,0.16124058387181167,-0.8387594161281884,0.1351079206448971,0.08705226191327774,0.11153961876684419
86944825,SNIa,r,5,0.24268296669078285,0.20856420533297473,0.5198886846948724,0.3941526038601574,0.20714791221113243,0.8034501248808533,-0.5755346678123469,1.197385161123852,0.19738516112385196,0.9341196527204773,0.4667979393189059,1.0068371102886076
1227,M-dwarf,r,11,0.5893531038797942,0.530970164163195,0.5920762516038822,0.5622657591828399,0.5122273941464675,0.8838608487327452,-0.6420898001503803,0.9896150389522216,-0.010384961047778418,1.0498806339024946,0.9954006807117981,1.0365907216812542
4819,SNIa,r,11,0.05983450062630631,0.03404056611536252,0.10011363031297732,0.09053717866346965,0.08248024321142099,0.13110617508511122,-0.005918866143051427,0.693185955287728,-0.306814044712272,0.4071316286141945,0.5976658766568593,0.41271175726418013
9006,M-dwarf,r,11,0.3542750801737458,0.27448694754545194,0.3985232227450157,0.38005869686450905,0.330097225424842,0.5490744555891373,-0.07924824504649859,0.9157122903931277,-0.08428770960687226,0.7057648665130697,0.8889697261141019,0.8315336404060396
23539,SLSN-I,r,11,0.002947029065740651,0.0019861615808224624,0.007782119495908635,0.007388199721800099,0.006914784620812389,0.009339574405842113,-0.17926019193684659,0.3899763508498806,-0.6100236491501194,0.2924531767246103,0.3786923430422804,0.28723404845386447
25925,AGN,r,11,0.16831939551727235,0.13914944721894829,0.12487112122950643,0.1156903924992859,0.09533914861748345,0.17871611001675233,0.23578790450997378,1.367038105939956,0.3670381059399559,1.1917393189932604,1.3479449360265638,1.4595205562117934
34012,SNIax,r,11,0.06415433528712103,0.050447596469826175,0.1417706526438166,0.12031241707013174,0.08985833034372516,0.23147455773644846,0.03519587559996901,0.6339229830368546,-0.36607701696314543,0.49614729127067353,0.45252197186608034,0.5614125732901396
40290,SNII,r,11,0.0614483731477909,0.04769715167218467,0.20576656764141915,0.16735328394889468,0.10110177436535232,0.3184425887579935,-0.23861311316512124,0.4489565701014124,-0.5510434298985876,0.39713406193914375,0.2986314728001607,0.4717736357407643
45127,SNIa,r,11,0.1140272489248678,0.09858569643198795,0.1172708615396132,0.11449479257217479,0.10490900525049929,0.14995065683768108,0.15423143787504157,1.001987305610853,0.0019873056108530296,0.8639293260773944,0.9723408477420478,0.9397257766059959
59068,SNII,r,11,0.14949500318066944,0.12188752778852932,0.503307899685847,0.41616701863397515,0.28028664363021866,0.8702174174950583,-0.22417156299968324,0.3489140247695951,-0.6510859752304049,0.34534873782103587,0.29702494889108777,0.4348674136229451
70272,AGN,r,11,0.04424207586934035,0.03432629488712888,0.06434680571466289,0.05705336376479441,0.04565994991587096,0.09099948558838558,0.14261053276328614,0.956211069516497,-0.043788930483502964,0.7232500771101531,0.6875566763255628,0.7517812645518778
71068,AGN,r,11,0.2837050358034734,0.20236070547193047,0.2562770963845375,0.20583542053441087,0.10753084945216654,0.47920849095254464,0.1851872233348521,1.2099876038994921,0.20998760389949211,1.0245330809363817,1.1070245441589557,1.8818851195065427
72337,SNIa,r,11,0.5475463054703427,0.47164374776196927,0.5061483234204788,0.48584715110715687,0.4266233643691727,0.7418325268635533,0.3477813810342471,1.0721416538731594,0.0721416538731594,0.9888530696797023,1.0817902186657504,1.1055272335104431
73031,SNIax,r,11,0.059735042685418224,0.03891426008563393,0.0587960460966377,0.050882650348786466,0.044717341499620304,0.08483826341274793,0.09956419345005854,1.3229088239095155,0.3229088239095155,0.911622734466209,1.0159704036430814,0.8702274952093105
73509,SNII,r,11,0.26038096261573845,0.1972295214101158,0.28740154676729435,0.2809079780891452,0.27459644653085313,0.3561347004424484,-0.1607586864962394,0.8195414620609872,-0.1804585379390128,0.6641919522387771,0.9059831637808333,0.7182522712942516
73610,SLSN-I,r,11,0.0071349915896413854,0.005860678384516921,0.013850194467529622,0.013717030847218396,0.014140718171071676,0.015458180778827095,0.1254198382783508,0.5642529075961359,-0.4357470924038641,0.46337293211562175,0.5151546143535133,0.41445408313888776
77010,M-dwarf,r,11,0.10376534777675897,0.07041371458427553,1.1596306061252668,1.0376442577606186,0.9285021667368553,1.9796592684586825,-0.01193730299586438,0.1004944839277408,-0.8995055160722591,0.0714955068172247,0.08948138073336599,0.07583581073562677
77292,SNIbc,r,11,0.11265329737673849,0.09053554008147814,0.2551006439111954,0.24791351280503646,0.24161345259569128,0.3136308267136232,0.09754958266142198,0.45753755297169124,-0.5424624470283088,0.36769159727771666,0.44160334387848466,0.3747123312416615
82702,SNIa,r,11,0.16928788650316537,0.13489352058894172,0.22968636755941665,0.21695540159815227,0.1847436209641088,0.3097468743692184,-0.22841801524651453,0.8312981512066588,-0.16870184879334116,0.6715126831117438,0.7370393302047975,0.7301660532849914
95741,SNIax,r,11,0.03991408546533176,0.03132329380369559,0.0680486324799044,0.06159379414442431,0.05341382191318558,0.11805436343905411,0.05801197171417827,0.7171999677769143,-0.2828000322230857,0.5632026283463926,0.5865523524975889,0.5864267465190169
101298,SNIa,r,11,0.007534108639325389,0.005797047511084505,0.08181404214028817,0.07036133643703678,0.061791050162114614,0.07587392733910125,0.047747220336205,0.12835808670697457,-0.8716419132930254,0.10157390690667288,0.09208820933705368,0.09381694429655116
110241,SNII,r,11,0.006322490002781689,0.004729862132007884,0.09342966269681893,0.0794669631639971,0.06083101729255406,0.17606709321611402,-0.0035503390633040287,0.08890373093844081,-0.9110962690615592,0.0712689207689719,0.06767112092974467,0.07775411858165385
111795,SNIa,r,11,0.25953746779833003,0.2153019683983624,0.2565108697848199,0.2453277559231606,0.2507047572085743,0.3372147688572034,-0.34527166965046185,0.9077415409125418,-0.09225845908745822,0.8553554539667366,1.0117991023774122,0.8587869284795482
112717,SNIa-91bg,r,11,0.34852728153104556,0.28453943359750516,0.42063356335432217,0.40813551941756054,0.3877012093962446,0.47903428528366226,-0.5176583595152086,0.7337835614608126,-0.2662164385391874,0.7250001953891859,0.8285769655462857,0.7339142275068212
121107,SNIa,r,11,0.4449603429362295,0.365764383156253,0.4100219994554054,0.3848341162117092,0.3341572787603863,0.6530232058493416,-0.060933798044275435,0.99772653335679,-0.0022734666432100425,0.8696485799870302,1.0852108997254526,1.0945875083527095
121783,SNIa,r,11,0.3569065710641593,0.11550410682533832,0.04563777801111919,0.033699904602345315,0.021426313300246393,0.07304952866011824,-1.2257447065895817,2.970921402909508,1.9709214029095081,1.2831100133325888,7.8204195431513455,5.390759726453271
125470,SNIa,r,11,0.3621169013225824,0.252095000297502,0.3606600347907724,0.35193323903801643,0.3225034755096353,0.4497486354223106,-0.27013446583483214,0.8834156478793298,-0.1165843521206702,0.6803062317472375,1.0040394454369062,0.7816814993981986
127056,SNII,r,11,0.025351629940513522,0.016653852633907357,0.14492425695706107,0.12743029420089053,0.07958050579849363,0.2231158300004299,0.08659912084756644,0.20517379233885077,-0.7948262076611492,0.15542838394553554,0.17493020473463486,0.20927050496608676
129490,SNII,r,11,0.1407273610150564,0.11314280107807871,0.19114810269695856,0.1842880126411476,0.1667995285714261,0.25199565718602385,0.2612257486731981,0.7661145217853992,-0.23388547821460082,0.6536290168820185,0.7362215948235806,0.678316072276123
130502,SNIa,r,11,0.004187800321368737,0.0033970174717533105,0.01689845036737379,0.014854248296688449,0.012028405388545145,0.027936530367077415,0.11365461063773896,0.29133550472599845,-0.7086644952740015,0.2552777077156032,0.24782155939305628,0.28241627730541474
147816,RRL,r,11,1.1120756829468588,0.9498730513419925,0.6884936352431316,0.5548625120223206,0.39049785704822537,1.204178978359844,0.9589315190155407,3.2903675734696387,2.2903675734696387,2.633629716295086,1.6152301575803898,2.4324667452008217
153089,EB,r,11,0.568090403343738,0.368905372681904,0.6648171168149356,0.5758782598930116,0.7367085516260579,0.975551110920857,0.2769828766009759,0.7844120879347454,-0.21558791206525463,0.5714284487086528,0.85450628296906,0.500748052764772
154762,SNIa,r,11,0.21839310284050836,0.17704251184949446,0.2024952491018978,0.19396493551294897,0.1857729072330521,0.22086577928303908,-0.4938554261743995,1.007718362703723,0.007718362703722947,0.9271090504581199,1.07850976163204,0.9530050128751801
157299,SNII,r,11,0.03587951114342133,0.02790314020825415,0.12901195264468976,0.11541016050215208,0.09686704004745021,0.20164436499502691,-0.14306788920370264,0.41205428968226987,-0.5879457103177301,0.3286879318324308,0.27810997669523424,0.2880560838298128
158697,SNIa,r,11,0.042064921974466846,0.03198652669412367,0.12524716731029473,0.11135410434481298,0.11072984637697056,0.12523374645077054,0.11205704381458258,0.4772731999882165,-0.5227268000117835,0.354708946142274,0.3358552762335353,0.28886996361602635
166727,SNIbc,r,11,0.0495913312598143,0.03916939359850005,0.10639383098286859,0.09933844187262625,0.0903854662485283,0.14707415781214644,-0.10830025246647614,0.48362422407908834,-0.5163757759209117,0.4145937832571825,0.46611096528519064,0.4333594240781805
170667,SNII,r,11,0.028399739875506654,0.022131543958689225,0.024644526726980157,0.024160513385360304,0.022828560159059763,0.030779478993739454,-0.2801337467744704,1.082499978674902,0.08249997867490211,0.893207181730813,1.1523751374951499,0.9694673603804171
174980,EB,r,8,0.3185615961900739,0.18171764910452556,1.2500084660368498,1.1832599441478004,1.4411061250674586,1.5417863587770266,0.024673883681629746,0.223827355317399,-0.7761726446826009,0.14407715128665988,0.25484755091305344,0.1260959522297633
180994,SNIa,r,11,0.06146902629900107,0.028102975051376846,0.0831234428127523,0.06538054156880378,0.04039623768740957,0.16536994817604656,-0.08413940403592718,0.4852418134849552,-0.5147581865150448,0.35558054919907983,0.7394908610495,0.6956829808964065
201776,SNII,r,11,0.011703329605968179,0.008537548402455665,0.02267720783553328,0.022117331999605406,0.021734803992043507,0.028455505248759182,-0.21638536827284757,0.4864318693292318,-0.5135681306707682,0.3946782708421365,0.5160833595937699,0.39280540121645535
206940,M-dwarf,r,11,2.4649927204021487,0.9901756861746045,4.4881431602245385,3.6386806996050036,2.2234828224768277,8.17853473505565,-0.4208789593694646,1.029279133655213,0.029279133655212952,0.45625457837555455,0.5492232828595482,0.44532643839883934
207496,SNII,r,11,0.010822016619965897,0.008381477648957773,0.00940689558794669,0.009166112176728039,0.008950534898795024,0.011818451887817787,0.35087625041310544,1.093290663500796,0.09329066350079596,0.9109231431864817,1.1504344359718885,0.9364219841303718
